# ALEPH 1994 run list, built 2026-09-18 by build_run_list.py
# database: aleph.db (ALEPH run database, SQLite); event-class counts: class_counts_raw_1994.json (count_event_classes.py)
# selection: VDET, ITC, TPC = P and no subsystem D; our veto 57 runs; truncated counters: class16 / n_z0 > 1.1
# lepton-pair monitor (class 15): 6.1201 per nb^-1 on 1215 PERF runs 1994-07-01..1994-09-30, 28.27 pb^-1 SICAL
# fill factor = lepton-pair / SICAL luminosity of the fill's clean runs; fill_rescaled = 1 when |factor - 1| > 0.05 and > 4.0 sigma
# luminosities in nb^-1; the luminosity policy is applied by src/run_list.py
run,fill,date,ecm_gev,run_quality,vdet,itc,tpc,ecal,hcal,sical,lcal,trigger,daq,run_coord,n_events,n_z0,n_bhabha,lumi_sical_nb,lumi_status,class15,class16,truncated,reason,selected,fill_factor,fill_factor_err,fill_rescaled,lumi_leptonpair_nb
25520,2057,1994-05-12,91.144,MAYB,D,P,M,M,D,D,P,P,M,P,1057,80,,,Unkn,14,80,0,flags,0,1.0000,0.0000,0,2.288
25521,2057,1994-05-12,91.144,MAYB,D,P,M,M,D,D,P,P,M,P,3846,294,,,Unkn,28,179,0,flags,0,1.0000,0.0000,0,4.575
25522,2057,1994-05-12,91.144,MAYB,D,P,M,M,D,D,P,P,M,P,7286,722,,,Unkn,62,334,0,flags,0,1.0000,0.0000,0,10.131
25527,2057,1994-05-12,91.144,MAYB,D,P,M,M,D,D,P,P,M,P,3345,584,,,Unkn,47,272,0,flags,0,1.0000,0.0000,0,7.680
25528,2057,1994-05-12,91.144,MAYB,D,P,M,M,D,D,P,P,M,P,5772,570,,,Unkn,53,264,0,flags,0,1.0000,0.0000,0,8.660
25530,2057,1994-05-12,91.144,MAYB,D,P,M,M,D,D,P,P,M,P,4827,248,,,Unkn,54,249,0,flags,0,1.0000,0.0000,0,8.823
25531,2057,1994-05-12,91.144,MAYB,D,P,M,M,D,D,P,P,M,P,4487,233,,,Unkn,50,233,0,flags,0,1.0000,0.0000,0,8.170
25532,2057,1994-05-12,91.144,MAYB,M,P,M,M,D,D,P,P,M,P,5660,312,,,Unkn,49,312,0,flags,0,1.0000,0.0000,0,8.006
25536,2057,1994-05-12,91.144,MAYB,M,P,M,M,D,D,P,P,M,P,6543,338,,,Unkn,68,338,0,flags,0,1.0000,0.0000,0,11.111
25537,2057,1994-05-12,91.144,MAYB,M,P,M,M,D,D,P,P,M,P,1988,106,,,Unkn,25,106,0,flags,0,1.0000,0.0000,0,4.085
25538,2057,1994-05-12,91.144,MAYB,M,P,M,M,D,D,P,P,M,P,6636,324,,,Unkn,61,323,0,flags,0,1.0000,0.0000,0,9.967
25541,2057,1994-05-12,91.144,MAYB,M,P,M,M,D,D,P,P,M,P,3418,121,,,Unkn,23,121,0,flags,0,1.0000,0.0000,0,3.758
25543,2057,1994-05-12,91.144,MAYB,P,P,M,M,M,D,P,P,M,P,6604,281,,,Unkn,56,280,0,flags,0,1.0000,0.0000,0,9.150
25545,2057,1994-05-12,91.144,MAYB,P,P,M,M,M,D,P,P,M,P,2943,124,,,Unkn,12,124,0,flags,0,1.0000,0.0000,0,1.961
25546,2057,1994-05-12,91.144,MAYB,P,P,M,M,M,D,P,P,M,P,6636,321,,,Unkn,49,321,0,flags,0,1.0000,0.0000,0,8.006
25549,2057,1994-05-12,91.144,MAYB,P,P,M,M,M,D,P,P,M,P,6353,344,,,Unkn,80,344,0,flags,0,1.0000,0.0000,0,13.072
25550,2057,1994-05-12,91.144,MAYB,P,P,M,M,M,D,P,P,M,P,6493,298,,,Unkn,44,298,0,flags,0,1.0000,0.0000,0,7.189
25551,2057,1994-05-12,91.144,MAYB,P,P,M,M,M,D,P,P,M,P,6639,292,,,Unkn,66,292,0,flags,0,1.0000,0.0000,0,10.784
25552,2057,1994-05-12,91.144,MAYB,P,P,M,M,M,D,P,P,M,P,1698,99,,,Unkn,25,99,0,flags,0,1.0000,0.0000,0,4.085
25553,2057,1994-05-12,91.144,MAYB,P,P,M,M,M,D,P,P,M,P,6455,361,,,Unkn,66,361,0,flags,0,1.0000,0.0000,0,10.784
25554,2057,1994-05-12,91.144,MAYB,P,P,M,M,M,D,P,P,M,P,6369,373,,,Unkn,72,373,0,flags,0,1.0000,0.0000,0,11.765
25555,2057,1994-05-12,91.144,MAYB,P,P,M,M,M,D,P,P,P,P,6278,359,,,Unkn,74,359,0,flags,0,1.0000,0.0000,0,12.091
25556,2057,1994-05-12,91.144,MAYB,P,P,M,M,M,D,P,P,P,P,3792,234,,,Unkn,41,235,0,flags,0,1.0000,0.0000,0,6.699
25587,2058,1994-05-12,91.144,MAYB,P,P,M,M,D,D,P,P,P,P,6887,0,,,Unkn,59,300,0,flags,0,1.0000,0.0000,0,9.640
25588,2058,1994-05-13,91.144,MAYB,P,P,M,M,D,D,P,P,P,P,6807,0,,,Unkn,74,296,0,flags,0,1.0000,0.0000,0,12.091
25589,2058,1994-05-13,91.144,MAYB,P,P,M,M,D,D,P,P,P,P,2858,0,,,Unkn,26,130,0,flags,0,1.0000,0.0000,0,4.248
25591,2058,1994-05-13,91.144,MAYB,P,P,M,M,M,D,D,P,P,P,6761,257,,,Unkn,59,279,0,flags,0,1.0000,0.0000,0,9.640
25596,2058,1994-05-13,91.144,MAYB,P,P,M,M,M,D,D,P,P,P,3890,176,,,Unkn,31,176,0,flags,0,1.0000,0.0000,0,5.065
25598,2058,1994-05-13,91.144,MAYB,P,P,M,M,M,D,D,P,P,P,6743,323,,,Unkn,82,323,0,flags,0,1.0000,0.0000,0,13.399
25599,2058,1994-05-13,91.144,MAYB,P,P,M,M,M,D,D,P,P,P,5960,331,,,Unkn,63,333,0,flags,0,1.0000,0.0000,0,10.294
25600,2058,1994-05-13,91.144,MAYB,P,P,M,M,M,D,D,P,P,P,6603,334,,,Unkn,76,335,0,flags,0,1.0000,0.0000,0,12.418
25601,2058,1994-05-13,91.144,MAYB,P,P,M,M,M,D,D,P,P,P,6568,315,,,Unkn,49,316,0,flags,0,1.0000,0.0000,0,8.006
25602,2058,1994-05-13,91.144,MAYB,P,P,M,M,M,D,D,P,P,P,6708,346,,,Unkn,67,347,0,flags,0,1.0000,0.0000,0,10.948
25603,2058,1994-05-13,91.144,MAYB,P,P,M,M,M,D,D,P,P,P,6604,341,,,Unkn,53,341,0,flags,0,1.0000,0.0000,0,8.660
25604,2058,1994-05-13,91.144,MAYB,P,P,M,M,M,D,D,P,P,P,6551,365,,,Unkn,62,364,0,flags,0,1.0000,0.0000,0,10.131
25605,2058,1994-05-13,91.144,MAYB,P,P,M,M,M,D,D,P,P,P,6669,320,,,Unkn,72,320,0,flags,0,1.0000,0.0000,0,11.765
25606,2058,1994-05-13,91.144,MAYB,P,P,M,M,M,D,D,P,P,P,4558,233,,,Unkn,49,232,0,flags,0,1.0000,0.0000,0,8.006
25620,2060,1994-05-13,91.144,MAYB,P,P,M,M,M,D,D,P,P,P,5527,145,,,Unkn,31,144,0,flags,0,1.0000,0.0000,0,5.065
25624,2060,1994-05-13,91.144,MAYB,P,P,M,M,M,D,D,P,P,P,6208,168,,,Unkn,41,187,0,flags,0,1.0000,0.0000,0,6.699
25625,2060,1994-05-13,91.144,MAYB,P,P,M,M,M,D,D,P,P,P,1501,59,,,Unkn,14,59,0,flags,0,1.0000,0.0000,0,2.288
25626,2060,1994-05-13,91.144,MAYB,P,P,M,M,M,D,D,P,P,P,1454,66,,,Unkn,19,66,0,flags,0,1.0000,0.0000,0,3.105
25630,2060,1994-05-13,91.144,MAYB,P,P,M,M,M,D,D,P,P,P,23,227,,,Unkn,46,227,0,flags,0,1.0000,0.0000,0,7.516
25631,2060,1994-05-13,91.144,MAYB,P,P,M,M,M,D,D,P,P,P,6515,277,,,Unkn,77,275,0,flags,0,1.0000,0.0000,0,12.582
25632,2060,1994-05-13,91.144,MAYB,P,P,M,M,M,D,D,P,P,P,3454,357,,,Unkn,74,356,0,flags,0,1.0000,0.0000,0,12.091
25633,2060,1994-05-13,91.144,MAYB,P,P,M,M,M,D,D,P,P,P,2908,377,,,Unkn,80,378,0,flags,0,1.0000,0.0000,0,13.072
25634,2060,1994-05-13,91.144,MAYB,P,P,M,M,M,D,D,P,P,P,6426,400,,,Unkn,86,400,0,flags,0,1.0000,0.0000,0,14.052
25635,2060,1994-05-14,91.144,MAYB,P,P,M,M,M,D,D,P,P,P,4551,268,,,Unkn,52,267,0,flags,0,1.0000,0.0000,0,8.497
25636,2060,1994-05-14,91.144,MAYB,P,P,M,M,M,D,D,P,P,P,1565,92,,,Unkn,15,92,0,flags,0,1.0000,0.0000,0,2.451
25637,2060,1994-05-14,91.144,MAYB,P,P,M,M,M,D,D,P,P,P,6439,370,,,Unkn,69,370,0,flags,0,1.0000,0.0000,0,11.274
25638,2060,1994-05-14,91.144,MAYB,P,P,M,M,M,D,D,P,P,P,3991,228,,,Unkn,47,228,0,flags,0,1.0000,0.0000,0,7.680
25639,2060,1994-05-14,91.144,MAYB,P,P,M,M,M,D,D,P,P,P,6420,395,,,Unkn,77,395,0,flags,0,1.0000,0.0000,0,12.582
25640,2060,1994-05-14,91.144,MAYB,P,P,M,M,M,D,D,P,P,P,6224,384,,,Unkn,83,384,0,flags,0,1.0000,0.0000,0,13.562
25641,2060,1994-05-14,91.144,MAYB,P,P,M,M,M,D,D,P,P,P,6132,353,,,Unkn,90,354,0,flags,0,1.0000,0.0000,0,14.706
25642,2060,1994-05-14,91.144,MAYB,P,P,M,M,M,D,D,P,P,P,6514,396,,,Unkn,94,395,0,flags,0,1.0000,0.0000,0,15.359
25643,2060,1994-05-14,91.144,MAYB,P,P,M,M,M,D,D,P,P,P,819,57,,,Unkn,9,57,0,flags,0,1.0000,0.0000,0,1.471
25644,2060,1994-05-14,91.144,MAYB,P,P,M,M,M,D,D,P,P,P,636,46,,,Unkn,4,46,0,flags,0,1.0000,0.0000,0,0.654
25647,2060,1994-05-14,91.144,MAYB,P,P,M,M,M,D,D,P,P,P,3469,199,,,Unkn,37,200,0,flags,0,1.0000,0.0000,0,6.046
25675,2061,1994-05-14,91.144,MAYB,P,P,M,M,M,D,D,P,P,P,6627,162,,,Unkn,35,178,0,flags,0,1.0000,0.0000,0,5.719
25676,2061,1994-05-14,91.144,MAYB,P,P,M,M,M,D,D,P,P,P,6605,221,,,Unkn,62,225,0,flags,0,1.0000,0.0000,0,10.131
25677,2061,1994-05-14,91.144,MAYB,P,P,M,M,M,D,D,P,P,P,6486,243,,,Unkn,44,256,0,flags,0,1.0000,0.0000,0,7.189
25678,2061,1994-05-14,91.144,MAYB,P,P,M,M,M,D,D,P,P,P,6614,239,,,Unkn,37,239,0,flags,0,1.0000,0.0000,0,6.046
25679,2061,1994-05-14,91.144,MAYB,P,P,M,M,M,D,D,P,P,P,6638,263,,,Unkn,52,263,0,flags,0,1.0000,0.0000,0,8.497
25681,2061,1994-05-14,91.144,MAYB,P,P,M,M,M,D,D,P,P,P,1731,55,,,Unkn,22,55,0,flags,0,1.0000,0.0000,0,3.595
25682,2061,1994-05-14,91.144,MAYB,P,P,M,M,M,D,D,P,P,P,6603,264,,,Unkn,55,264,0,flags,0,1.0000,0.0000,0,8.987
25683,2061,1994-05-14,91.144,MAYB,P,P,M,M,M,D,D,P,P,P,6455,289,,,Unkn,59,289,0,flags,0,1.0000,0.0000,0,9.640
25684,2061,1994-05-14,91.144,MAYB,P,P,M,M,M,D,D,P,P,P,6445,311,,,Unkn,52,311,0,flags,0,1.0000,0.0000,0,8.497
25685,2061,1994-05-14,91.144,MAYB,P,P,M,M,M,D,D,P,P,P,6501,264,,,Unkn,60,303,0,flags,0,1.0000,0.0000,0,9.804
25686,2061,1994-05-14,91.144,MAYB,P,P,M,M,M,D,D,P,P,P,6451,326,,,Unkn,72,346,0,flags,0,1.0000,0.0000,0,11.765
25687,2061,1994-05-14,91.144,MAYB,P,P,M,M,M,D,D,P,P,P,6606,289,,,Unkn,57,289,0,flags,0,1.0000,0.0000,0,9.314
25688,2061,1994-05-14,91.144,MAYB,P,P,M,M,M,D,D,P,P,P,3997,155,,,Unkn,39,155,0,flags,0,1.0000,0.0000,0,6.372
25689,2061,1994-05-14,91.144,MAYB,P,P,M,M,M,D,D,P,P,P,6556,294,,,Unkn,70,294,0,flags,0,1.0000,0.0000,0,11.438
25690,2061,1994-05-14,91.144,MAYB,P,P,M,M,M,D,D,P,P,P,6307,300,,,Unkn,53,299,0,flags,0,1.0000,0.0000,0,8.660
25691,2061,1994-05-14,91.144,MAYB,P,P,M,M,M,D,D,P,P,P,6480,289,,,Unkn,49,289,0,flags,0,1.0000,0.0000,0,8.006
25692,2061,1994-05-14,91.144,MAYB,P,P,M,M,M,D,D,P,P,P,6543,274,,,Unkn,54,319,0,flags,0,1.0000,0.0000,0,8.823
25693,2061,1994-05-14,91.144,MAYB,P,P,M,M,M,D,D,P,P,P,5002,241,,,Unkn,38,241,0,flags,0,1.0000,0.0000,0,6.209
25694,2061,1994-05-14,91.144,MAYB,P,P,M,M,M,D,D,P,P,P,6461,324,,,Unkn,58,324,0,flags,0,1.0000,0.0000,0,9.477
25695,2061,1994-05-14,91.144,MAYB,P,P,M,M,M,D,D,P,P,P,6349,348,,,Unkn,80,348,0,flags,0,1.0000,0.0000,0,13.072
25696,2061,1994-05-14,91.144,MAYB,P,P,M,M,M,D,D,P,P,P,4096,200,,,Unkn,41,200,0,flags,0,1.0000,0.0000,0,6.699
25699,2063,1994-05-15,91.144,MAYB,P,P,M,M,M,D,D,P,P,P,6662,223,,,Unkn,34,223,0,flags,0,1.0000,0.0000,0,5.555
25700,2063,1994-05-15,91.144,MAYB,P,P,M,M,M,D,D,P,P,P,1967,83,,,Unkn,16,83,0,flags,0,1.0000,0.0000,0,2.614
25701,2063,1994-05-15,91.144,MAYB,P,P,M,M,M,D,D,P,P,P,6493,253,,,Unkn,60,253,0,flags,0,1.0000,0.0000,0,9.804
25702,2063,1994-05-15,91.144,MAYB,P,P,M,M,M,D,D,P,P,P,6682,271,,,Unkn,64,268,0,flags,0,1.0000,0.0000,0,10.457
25703,2063,1994-05-15,91.144,MAYB,P,P,M,M,M,D,D,P,P,P,1527,61,,,Unkn,16,61,0,flags,0,1.0000,0.0000,0,2.614
25704,2063,1994-05-15,91.144,MAYB,P,P,M,M,M,D,D,P,P,P,6565,279,,,Unkn,62,279,0,flags,0,1.0000,0.0000,0,10.131
25705,2063,1994-05-15,91.144,MAYB,P,P,M,M,M,D,D,P,P,P,3579,150,,,Unkn,31,150,0,flags,0,1.0000,0.0000,0,5.065
25706,2063,1994-05-15,91.144,MAYB,P,P,M,M,M,D,D,P,P,P,6486,312,,,Unkn,59,311,0,flags,0,1.0000,0.0000,0,9.640
25707,2063,1994-05-15,91.144,MAYB,P,P,M,M,M,D,D,P,P,P,6597,292,,,Unkn,54,294,0,flags,0,1.0000,0.0000,0,8.823
25708,2063,1994-05-15,91.144,MAYB,P,P,M,M,M,D,D,P,P,P,3791,199,,,Unkn,42,199,0,flags,0,1.0000,0.0000,0,6.863
25709,2063,1994-05-15,91.144,MAYB,P,P,M,M,M,D,D,P,P,P,6443,301,,,Unkn,57,301,0,flags,0,1.0000,0.0000,0,9.314
25710,2063,1994-05-15,91.144,MAYB,P,P,M,M,M,D,D,P,P,P,3152,149,,,Unkn,33,149,0,flags,0,1.0000,0.0000,0,5.392
25711,2063,1994-05-15,91.144,MAYB,P,P,M,M,M,D,D,P,P,P,6452,287,,,Unkn,43,287,0,flags,0,1.0000,0.0000,0,7.026
25712,2063,1994-05-15,91.144,MAYB,P,P,M,M,M,D,D,P,P,P,6706,308,,,Unkn,63,308,0,flags,0,1.0000,0.0000,0,10.294
25713,2063,1994-05-15,91.144,MAYB,P,P,M,M,M,D,D,P,P,P,6456,298,,,Unkn,61,297,0,flags,0,1.0000,0.0000,0,9.967
25714,2063,1994-05-15,91.144,MAYB,P,P,M,M,M,D,D,P,P,P,6528,308,,,Unkn,77,307,0,flags,0,1.0000,0.0000,0,12.582
25715,2063,1994-05-15,91.144,MAYB,P,P,M,M,M,D,D,P,P,P,5351,335,,,Unkn,58,335,0,flags,0,1.0000,0.0000,0,9.477
25716,2063,1994-05-15,91.144,MAYB,P,P,M,M,M,D,D,P,P,P,6373,343,,,Unkn,62,354,0,flags,0,1.0000,0.0000,0,10.131
25717,2063,1994-05-15,91.144,MAYB,P,P,M,M,M,D,D,P,P,P,6445,334,,,Unkn,73,369,0,flags,0,1.0000,0.0000,0,11.928
25718,2063,1994-05-15,91.144,MAYB,P,P,M,M,M,D,D,P,P,P,6620,308,,,Unkn,73,307,0,flags,0,1.0000,0.0000,0,11.928
25719,2063,1994-05-15,91.144,MAYB,P,P,M,M,M,D,D,P,P,P,6658,333,,,Unkn,70,332,0,flags,0,1.0000,0.0000,0,11.438
25720,2063,1994-05-15,91.144,MAYB,P,P,M,M,M,D,D,P,P,P,1001,69,,,Unkn,13,69,0,flags,0,1.0000,0.0000,0,2.124
25721,2063,1994-05-15,91.144,MAYB,P,P,M,M,M,D,D,P,P,P,4467,296,,,Unkn,54,296,0,flags,0,1.0000,0.0000,0,8.823
25722,2063,1994-05-15,91.144,MAYB,P,P,M,M,M,D,D,P,P,P,2466,158,,,Unkn,32,158,0,flags,0,1.0000,0.0000,0,5.229
25731,2067,1994-05-15,91.144,MAYB,P,P,M,M,M,D,D,P,P,P,6476,306,,,Unkn,55,306,0,flags,0,1.0000,0.0000,0,8.987
25735,2067,1994-05-15,91.144,MAYB,P,P,M,M,M,D,D,P,P,P,6509,403,,,Unkn,85,404,0,flags,0,1.0000,0.0000,0,13.889
25736,2067,1994-05-15,91.144,MAYB,P,P,M,M,M,D,D,P,P,P,6426,395,,,Unkn,76,393,0,flags,0,1.0000,0.0000,0,12.418
25738,2067,1994-05-16,91.144,MAYB,P,P,M,M,M,D,D,P,P,P,6426,401,,,Unkn,74,401,0,flags,0,1.0000,0.0000,0,12.091
25739,2067,1994-05-16,91.144,MAYB,P,P,M,M,M,D,D,P,P,P,6452,413,,,Unkn,89,412,0,flags,0,1.0000,0.0000,0,14.542
25740,2067,1994-05-16,91.144,MAYB,P,P,M,M,M,D,D,P,P,P,1165,73,,,Unkn,16,73,0,flags,0,1.0000,0.0000,0,2.614
25741,2067,1994-05-16,91.144,MAYB,P,P,M,M,M,D,D,P,P,P,6435,435,,,Unkn,96,435,0,flags,0,1.0000,0.0000,0,15.686
25742,2067,1994-05-16,91.144,MAYB,P,P,M,M,M,D,D,P,P,P,6481,423,,,Unkn,108,423,0,flags,0,1.0000,0.0000,0,17.647
25743,2067,1994-05-16,91.144,MAYB,P,P,M,M,M,D,D,P,P,P,6576,401,,,Unkn,96,401,0,flags,0,1.0000,0.0000,0,15.686
25749,2067,1994-05-16,91.144,MAYB,P,P,M,M,M,D,D,P,P,P,6315,458,,,Unkn,82,459,0,flags,0,1.0000,0.0000,0,13.399
25750,2067,1994-05-16,91.144,MAYB,P,P,M,M,M,D,D,P,P,P,1253,99,,,Unkn,15,98,0,flags,0,1.0000,0.0000,0,2.451
25751,2067,1994-05-16,91.144,MAYB,P,P,M,M,M,D,D,P,P,P,6264,468,,,Unkn,94,468,0,flags,0,1.0000,0.0000,0,15.359
25753,2067,1994-05-16,91.144,MAYB,P,P,M,M,M,D,D,P,P,P,928,72,,,Unkn,13,72,0,flags,0,1.0000,0.0000,0,2.124
25755,2067,1994-05-16,91.144,MAYB,P,P,M,M,M,D,D,P,P,P,6308,457,,,Unkn,108,456,0,flags,0,1.0000,0.0000,0,17.647
25756,2067,1994-05-16,91.144,MAYB,P,P,M,M,M,D,D,P,P,P,2695,178,,,Unkn,39,178,0,flags,0,1.0000,0.0000,0,6.372
25757,2067,1994-05-16,91.144,MAYB,P,P,M,M,M,D,D,P,P,P,6343,454,,,Unkn,85,453,0,flags,0,1.0000,0.0000,0,13.889
25758,2067,1994-05-16,91.144,MAYB,P,P,M,M,M,D,D,P,P,P,6472,452,,,Unkn,84,451,0,flags,0,1.0000,0.0000,0,13.725
25759,2067,1994-05-16,91.144,MAYB,P,P,M,M,M,D,D,P,P,P,6077,465,,,Unkn,87,465,0,flags,0,1.0000,0.0000,0,14.216
25760,2067,1994-05-16,91.144,MAYB,P,P,M,M,M,D,D,P,P,P,6400,499,,,Unkn,94,499,0,flags,0,1.0000,0.0000,0,15.359
25761,2067,1994-05-16,91.144,MAYB,P,P,M,M,M,D,D,P,P,P,6338,492,,,Unkn,97,491,0,flags,0,1.0000,0.0000,0,15.849
25762,2067,1994-05-16,91.144,MAYB,P,P,M,M,M,D,D,P,P,P,6379,475,,,Unkn,86,476,0,flags,0,1.0000,0.0000,0,14.052
25763,2067,1994-05-16,91.144,MAYB,P,P,M,M,M,D,D,P,P,P,6438,452,,,Unkn,100,454,0,flags,0,1.0000,0.0000,0,16.340
25764,2067,1994-05-16,91.144,MAYB,P,P,M,M,M,D,D,P,P,P,6483,494,,,Unkn,94,493,0,flags,0,1.0000,0.0000,0,15.359
25765,2067,1994-05-16,91.144,MAYB,P,P,M,M,M,D,D,P,P,P,2745,202,,,Unkn,39,202,0,flags,0,1.0000,0.0000,0,6.372
25766,2067,1994-05-16,91.144,MAYB,P,P,M,M,M,D,D,P,P,P,4140,194,,,Unkn,43,195,0,flags,0,1.0000,0.0000,0,7.026
25781,2070,1994-05-17,91.144,MAYB,P,P,M,M,M,D,D,P,P,P,3460,69,,,Unkn,44,105,0,flags,0,1.0000,0.0000,0,7.189
25782,2070,1994-05-17,91.144,MAYB,P,P,M,M,M,D,D,P,P,P,6574,315,,,Unkn,68,314,0,flags,0,1.0000,0.0000,0,11.111
25783,2070,1994-05-17,91.144,MAYB,P,P,M,M,M,D,D,P,P,P,6479,315,,,Unkn,69,315,0,flags,0,1.0000,0.0000,0,11.274
25784,2070,1994-05-17,91.144,MAYB,P,P,M,M,M,D,D,P,P,P,6526,281,,,Unkn,62,300,0,flags,0,1.0000,0.0000,0,10.131
25785,2070,1994-05-17,91.144,MAYB,P,P,M,M,M,D,D,P,P,P,6635,361,,,Unkn,71,360,0,flags,0,1.0000,0.0000,0,11.601
25786,2070,1994-05-17,91.219,MAYB,P,P,M,M,M,D,D,P,P,P,3655,184,,,Unkn,32,184,0,flags,0,1.0000,0.0000,0,5.229
25796,2071,1994-05-17,91.212,MAYB,P,P,M,M,M,M,P,P,P,P,7508,277,,,Unkn,49,278,0,flags,0,1.0000,0.0000,0,8.006
25797,2071,1994-05-17,91.213,MAYB,P,P,M,M,M,M,P,P,P,P,1733,60,,,Unkn,14,60,0,flags,0,1.0000,0.0000,0,2.288
25798,2071,1994-05-17,91.211,MAYB,P,P,M,M,M,M,P,P,P,P,4961,216,,,Unkn,48,216,0,flags,0,1.0000,0.0000,0,7.843
25799,2071,1994-05-17,91.212,MAYB,P,P,M,M,M,M,P,P,P,P,7761,375,,,Unkn,66,375,0,flags,0,1.0000,0.0000,0,10.784
25800,2071,1994-05-17,91.212,MAYB,P,P,M,M,M,M,P,P,P,P,8079,406,,,Unkn,86,406,0,flags,0,1.0000,0.0000,0,14.052
25801,2071,1994-05-17,91.212,MAYB,P,P,M,M,M,M,P,P,P,P,7554,444,,,Unkn,93,443,0,flags,0,1.0000,0.0000,0,15.196
25802,2071,1994-05-17,91.212,MAYB,P,P,M,M,M,M,P,P,P,P,7312,500,,,Unkn,72,500,0,flags,0,1.0000,0.0000,0,11.765
25803,2071,1994-05-17,91.212,MAYB,P,P,M,M,M,M,P,P,P,P,7289,482,,,Unkn,95,481,0,flags,0,1.0000,0.0000,0,15.523
25804,2071,1994-05-17,91.213,MAYB,P,P,M,M,M,M,P,P,P,P,7141,440,,,Unkn,102,440,0,flags,0,1.0000,0.0000,0,16.666
25805,2071,1994-05-17,91.214,MAYB,P,P,M,M,M,M,P,P,P,P,6987,462,,,Unkn,97,461,0,flags,0,1.0000,0.0000,0,15.849
25806,2071,1994-05-17,91.214,MAYB,P,P,M,M,M,M,P,P,P,P,6848,476,,,Unkn,83,475,0,flags,0,1.0000,0.0000,0,13.562
25807,2071,1994-05-17,91.215,MAYB,P,P,M,M,M,M,P,P,P,P,6857,467,,,Unkn,90,467,0,flags,0,1.0000,0.0000,0,14.706
25808,2071,1994-05-17,91.216,MAYB,P,P,M,M,M,M,P,P,P,P,6799,462,,,Unkn,89,461,0,flags,0,1.0000,0.0000,0,14.542
25809,2071,1994-05-17,91.217,MAYB,P,P,M,M,M,M,P,P,P,P,6646,468,,,Unkn,85,469,0,flags,0,1.0000,0.0000,0,13.889
25810,2071,1994-05-17,91.218,MAYB,P,P,M,M,M,M,P,P,P,P,6678,457,,,Unkn,91,458,0,flags,0,1.0000,0.0000,0,14.869
25811,2071,1994-05-17,91.22,MAYB,P,P,M,M,M,M,P,P,P,P,6303,527,,,Unkn,99,528,0,flags,0,1.0000,0.0000,0,16.176
25812,2071,1994-05-17,91.222,MAYB,P,P,M,M,M,M,P,P,P,P,6222,562,,,Unkn,103,563,0,flags,0,1.0000,0.0000,0,16.830
25813,2071,1994-05-17,91.223,MAYB,P,P,M,M,M,M,P,P,P,P,3692,272,,,Unkn,65,272,0,flags,0,1.0000,0.0000,0,10.621
25814,2071,1994-05-17,91.224,MAYB,P,P,M,M,M,M,P,P,P,P,6524,516,,,Unkn,100,515,0,flags,0,1.0000,0.0000,0,16.340
25816,2071,1994-05-17,91.222,MAYB,P,P,M,M,M,M,M,P,P,P,7102,476,,,Unkn,85,477,0,flags,0,1.0000,0.0000,0,13.889
25817,2071,1994-05-18,91.219,MAYB,P,P,M,M,M,M,M,P,P,P,7049,416,,,Unkn,93,416,0,flags,0,1.0000,0.0000,0,15.196
25818,2071,1994-05-18,91.22,MAYB,P,P,M,M,M,M,M,P,P,P,7135,423,,,Unkn,87,422,0,flags,0,1.0000,0.0000,0,14.216
25819,2071,1994-05-18,91.221,MAYB,P,P,M,M,M,M,M,P,P,P,3219,199,,,Unkn,48,199,0,flags,0,1.0000,0.0000,0,7.843
25820,2071,1994-05-18,91.221,MAYB,P,P,M,M,M,M,M,P,P,P,7130,510,,,Unkn,92,510,0,flags,0,1.0000,0.0000,0,15.033
25821,2071,1994-05-18,91.223,MAYB,P,P,M,M,M,M,M,P,P,P,6933,528,,,Unkn,93,528,0,flags,0,1.0000,0.0000,0,15.196
25822,2071,1994-05-18,91.223,MAYB,P,P,M,M,M,M,M,P,P,P,7406,462,,,Unkn,85,463,0,flags,0,1.0000,0.0000,0,13.889
25827,2072,1994-05-18,91.223,MAYB,P,P,M,M,M,M,M,P,P,P,8416,183,,,Unkn,50,183,0,flags,0,1.0000,0.0000,0,8.170
25828,2072,1994-05-18,91.224,MAYB,P,P,M,M,M,M,M,P,P,P,8021,223,,,Unkn,46,223,0,flags,0,1.0000,0.0000,0,7.516
25829,2072,1994-05-18,91.224,MAYB,P,P,M,M,M,M,M,P,P,P,7718,217,,,Unkn,44,217,0,flags,0,1.0000,0.0000,0,7.189
25830,2072,1994-05-18,91.225,MAYB,P,P,M,M,M,M,M,P,P,P,7504,224,,,Unkn,51,224,0,flags,0,1.0000,0.0000,0,8.333
25831,2072,1994-05-18,91.226,MAYB,P,P,M,M,M,M,M,P,P,P,7762,274,,,Unkn,42,274,0,flags,0,1.0000,0.0000,0,6.863
25833,2072,1994-05-18,91.227,MAYB,P,P,M,M,M,M,M,P,P,P,7611,303,,,Unkn,58,303,0,flags,0,1.0000,0.0000,0,9.477
25834,2072,1994-05-18,91.228,MAYB,P,P,M,M,M,M,M,P,P,P,7588,259,,,Unkn,52,259,0,flags,0,1.0000,0.0000,0,8.497
25835,2072,1994-05-18,91.229,MAYB,P,P,M,M,M,M,M,P,P,P,7441,304,,,Unkn,66,303,0,flags,0,1.0000,0.0000,0,10.784
25836,2072,1994-05-18,91.229,MAYB,P,P,M,M,M,M,M,P,P,P,7408,286,,,Unkn,65,302,0,flags,0,1.0000,0.0000,0,10.621
25838,2072,1994-05-18,91.23,MAYB,P,P,M,M,M,M,M,P,P,P,6653,251,,,Unkn,57,250,0,flags,0,1.0000,0.0000,0,9.314
25839,2072,1994-05-18,91.23,MAYB,P,P,M,M,M,M,M,P,P,P,4605,185,,,Unkn,36,185,0,flags,0,1.0000,0.0000,0,5.882
25840,2072,1994-05-18,91.23,MAYB,P,P,M,M,M,M,M,P,P,P,6854,420,,,Unkn,83,420,0,flags,0,1.0000,0.0000,0,13.562
25841,2072,1994-05-18,91.23,MAYB,P,P,M,M,M,M,M,P,P,P,6512,420,,,Unkn,102,475,0,flags,0,1.0000,0.0000,0,16.666
25842,2072,1994-05-18,91.23,MAYB,P,P,M,M,M,M,M,P,P,P,6278,485,,,Unkn,100,486,0,flags,0,1.0000,0.0000,0,16.340
25843,2072,1994-05-18,91.23,MAYB,P,P,M,M,M,M,M,P,P,P,6525,470,,,Unkn,99,470,0,flags,0,1.0000,0.0000,0,16.176
25845,2072,1994-05-18,91.23,MAYB,P,P,M,M,M,M,M,P,P,P,6386,486,,,Unkn,113,486,0,flags,0,1.0000,0.0000,0,18.464
25846,2072,1994-05-18,91.23,MAYB,P,P,M,M,M,M,M,P,P,P,6121,517,,,Unkn,99,516,0,flags,0,1.0000,0.0000,0,16.176
25847,2072,1994-05-18,91.23,MAYB,P,P,M,M,M,M,M,P,P,P,5997,528,,,Unkn,119,527,0,flags,0,1.0000,0.0000,0,19.444
25848,2072,1994-05-18,91.229,MAYB,P,P,M,M,M,M,M,P,P,P,6266,503,,,Unkn,116,503,0,flags,0,1.0000,0.0000,0,18.954
25849,2072,1994-05-18,91.229,MAYB,P,P,M,M,M,M,M,P,P,P,6064,548,,,Unkn,107,548,0,flags,0,1.0000,0.0000,0,17.483
25850,2072,1994-05-18,91.228,MAYB,P,P,M,M,M,M,M,P,P,P,6090,544,,,Unkn,102,544,0,flags,0,1.0000,0.0000,0,16.666
25851,2072,1994-05-18,91.227,MAYB,P,P,M,M,M,M,M,P,P,P,6003,546,,,Unkn,113,546,0,flags,0,1.0000,0.0000,0,18.464
25852,2072,1994-05-18,91.227,MAYB,P,P,M,M,M,M,M,P,P,P,5692,583,,,Unkn,120,584,0,flags,0,1.0000,0.0000,0,19.608
25853,2072,1994-05-18,91.227,MAYB,P,P,M,M,M,M,M,P,P,P,5794,563,,,Unkn,123,563,0,flags,0,1.0000,0.0000,0,20.098
25854,2072,1994-05-18,91.227,MAYB,P,P,M,M,M,M,M,P,P,P,2366,231,,,Unkn,61,231,0,flags,0,1.0000,0.0000,0,9.967
25878,2074,1994-05-19,91.209,MAYB,P,P,M,M,M,M,M,P,P,P,8664,414,,,Unkn,95,415,0,flags,0,1.0000,0.0000,0,15.523
25879,2074,1994-05-19,91.209,MAYB,P,P,M,M,M,M,M,P,P,P,8308,420,,,Unkn,91,419,0,flags,0,1.0000,0.0000,0,14.869
25880,2074,1994-05-19,91.209,MAYB,P,P,M,M,M,M,M,P,P,P,8181,402,,,Unkn,88,402,0,flags,0,1.0000,0.0000,0,14.379
25881,2074,1994-05-19,91.209,MAYB,P,P,M,M,M,M,M,P,P,P,7989,441,,,Unkn,84,439,0,flags,0,1.0000,0.0000,0,13.725
25882,2074,1994-05-19,91.209,MAYB,P,P,M,M,M,M,M,P,P,P,7962,435,,,Unkn,97,433,0,flags,0,1.0000,0.0000,0,15.849
25883,2074,1994-05-19,91.209,MAYB,P,P,M,M,M,M,P,P,P,P,7992,368,,,Unkn,91,458,0,flags,0,1.0000,0.0000,0,14.869
25884,2074,1994-05-19,91.21,MAYB,P,P,M,M,M,M,P,P,P,P,7786,450,,,Unkn,98,450,0,flags,0,1.0000,0.0000,0,16.013
25885,2074,1994-05-19,91.21,MAYB,P,P,M,M,M,M,P,P,P,P,7820,466,,,Unkn,100,467,0,flags,0,1.0000,0.0000,0,16.340
25886,2074,1994-05-19,91.212,MAYB,P,P,M,M,M,M,P,P,P,P,7310,512,,,Unkn,96,513,0,flags,0,1.0000,0.0000,0,15.686
25887,2074,1994-05-19,91.213,MAYB,P,P,M,M,M,M,P,P,P,P,7278,468,,,Unkn,102,469,0,flags,0,1.0000,0.0000,0,16.666
25888,2074,1994-05-19,91.218,MAYB,P,P,M,M,M,M,P,P,P,P,6883,555,,,Unkn,120,555,0,flags,0,1.0000,0.0000,0,19.608
25889,2074,1994-05-19,91.221,MAYB,P,P,M,M,M,M,P,P,P,P,6808,570,,,Unkn,110,569,0,flags,0,1.0000,0.0000,0,17.974
25890,2074,1994-05-20,91.222,MAYB,P,P,M,M,M,M,P,P,P,P,4480,383,,,Unkn,63,383,0,flags,0,1.0000,0.0000,0,10.294
25907,2078,1994-05-20,91.207,MAYB,M,P,M,P,M,M,P,P,P,P,11585,377,,,Unkn,83,377,0,flags,0,1.0000,0.0000,0,13.562
25908,2078,1994-05-20,91.207,MAYB,M,P,M,P,M,M,P,P,P,P,9970,373,,,Unkn,91,373,0,flags,0,1.0000,0.0000,0,14.869
25909,2078,1994-05-20,91.208,MAYB,P,P,M,P,M,M,P,P,P,P,9003,368,,,Unkn,69,368,0,flags,0,1.0000,0.0000,0,11.274
25910,2078,1994-05-20,91.208,MAYB,P,P,M,P,M,M,P,P,P,P,8359,374,,,Unkn,83,373,0,flags,0,1.0000,0.0000,0,13.562
25911,2078,1994-05-20,91.208,MAYB,P,P,M,P,M,M,P,P,P,P,8306,412,,,Unkn,109,412,0,flags,0,1.0000,0.0000,0,17.810
25912,2078,1994-05-20,91.208,MAYB,P,P,M,P,M,M,P,P,P,P,8554,357,,,Unkn,87,358,0,flags,0,1.0000,0.0000,0,14.216
25913,2078,1994-05-20,91.209,MAYB,P,P,M,P,M,M,P,P,P,P,8239,436,,,Unkn,91,436,0,flags,0,1.0000,0.0000,0,14.869
25914,2078,1994-05-20,91.209,MAYB,P,P,M,P,M,M,P,P,P,P,7803,471,,,Unkn,88,471,0,flags,0,1.0000,0.0000,0,14.379
25915,2078,1994-05-20,91.209,MAYB,P,P,M,P,M,M,P,P,P,P,7792,447,,,Unkn,101,445,0,flags,0,1.0000,0.0000,0,16.503
25916,2078,1994-05-20,91.209,MAYB,P,P,M,P,M,M,P,P,P,P,7415,526,,,Unkn,117,526,0,flags,0,1.0000,0.0000,0,19.117
25917,2078,1994-05-20,91.21,MAYB,P,P,M,P,M,M,P,P,P,P,7025,588,,,Unkn,106,585,0,flags,0,1.0000,0.0000,0,17.320
25918,2078,1994-05-20,91.211,MAYB,P,P,M,P,M,M,P,P,P,P,7148,565,,,Unkn,110,566,0,flags,0,1.0000,0.0000,0,17.974
25919,2078,1994-05-20,91.212,MAYB,P,P,M,P,M,M,P,P,P,P,7140,545,,,Unkn,113,547,0,flags,0,1.0000,0.0000,0,18.464
25920,2078,1994-05-20,91.213,MAYB,P,P,M,P,M,M,P,P,P,P,7125,560,,,Unkn,109,561,0,flags,0,1.0000,0.0000,0,17.810
25921,2078,1994-05-21,91.214,MAYB,P,P,M,P,M,M,P,P,P,P,6957,591,,,Unkn,123,589,0,flags,0,1.0000,0.0000,0,20.098
25922,2078,1994-05-21,91.216,MAYB,P,P,M,P,M,M,P,P,P,P,7069,568,,,Unkn,113,568,0,flags,0,1.0000,0.0000,0,18.464
25923,2078,1994-05-21,91.217,MAYB,P,P,M,P,M,M,P,P,P,P,6997,536,,,Unkn,121,536,0,flags,0,1.0000,0.0000,0,19.771
25924,2078,1994-05-21,91.218,MAYB,P,P,M,P,M,M,P,P,P,P,6751,605,,,Unkn,120,606,0,flags,0,1.0000,0.0000,0,19.608
25925,2078,1994-05-21,91.218,MAYB,P,P,M,P,M,M,P,P,P,P,3952,370,,,Unkn,68,371,0,flags,0,1.0000,0.0000,0,11.111
25926,2078,1994-05-21,91.219,MAYB,P,P,M,P,M,M,P,P,P,P,6920,584,,,Unkn,131,583,0,flags,0,1.0000,0.0000,0,21.405
25927,2078,1994-05-21,91.218,MAYB,P,P,M,P,M,M,P,P,P,P,1438,151,,,Unkn,20,151,0,flags,0,1.0000,0.0000,0,3.268
25931,2078,1994-05-21,91.218,MAYB,P,P,M,P,M,M,P,P,P,P,6590,626,,,Unkn,131,624,0,flags,0,1.0000,0.0000,0,21.405
25932,2078,1994-05-21,91.216,MAYB,P,P,M,P,M,M,P,P,P,P,6398,664,,,Unkn,121,664,0,flags,0,1.0000,0.0000,0,19.771
25933,2078,1994-05-21,91.214,MAYB,P,P,M,P,M,M,P,P,P,P,6194,675,,,Unkn,120,675,0,flags,0,1.0000,0.0000,0,19.608
25934,2078,1994-05-21,91.212,MAYB,P,P,M,P,M,M,P,P,P,P,1808,170,,,Unkn,46,170,0,flags,0,1.0000,0.0000,0,7.516
25937,2079,1994-05-21,91.21,MAYB,P,P,M,P,M,M,P,P,P,P,7754,414,,,Unkn,77,413,0,flags,0,1.0000,0.0000,0,12.582
25938,2079,1994-05-21,91.211,MAYB,P,P,M,P,M,M,P,P,P,P,7387,422,,,Unkn,85,423,0,flags,0,1.0000,0.0000,0,13.889
25939,2079,1994-05-21,91.212,MAYB,P,P,M,P,M,M,P,P,P,P,7247,423,,,Unkn,82,424,0,flags,0,1.0000,0.0000,0,13.399
25940,2079,1994-05-21,91.216,MAYB,P,P,M,P,M,M,P,P,P,P,6776,499,,,Unkn,110,503,0,flags,0,1.0000,0.0000,0,17.974
25941,2079,1994-05-21,91.219,MAYB,P,P,M,P,M,M,P,P,P,P,6640,537,,,Unkn,98,537,0,flags,0,1.0000,0.0000,0,16.013
25942,2079,1994-05-21,91.219,MAYB,P,P,M,P,M,M,P,P,P,P,6633,520,,,Unkn,119,521,0,flags,0,1.0000,0.0000,0,19.444
25943,2079,1994-05-21,91.219,MAYB,P,P,M,P,M,M,P,P,P,P,6326,565,,,Unkn,105,575,0,flags,0,1.0000,0.0000,0,17.157
25944,2079,1994-05-21,91.218,MAYB,P,P,M,P,M,M,P,P,P,P,6409,552,,,Unkn,125,551,0,flags,0,1.0000,0.0000,0,20.425
25945,2079,1994-05-21,91.214,MAYB,P,P,M,P,M,M,P,P,P,P,6313,582,,,Unkn,109,580,0,flags,0,1.0000,0.0000,0,17.810
25946,2079,1994-05-21,91.215,MAYB,P,P,M,P,M,M,P,P,P,P,6410,571,,,Unkn,129,571,0,flags,0,1.0000,0.0000,0,21.078
25947,2079,1994-05-21,91.215,MAYB,P,P,M,P,M,M,P,P,P,P,6285,585,,,Unkn,133,586,0,flags,0,1.0000,0.0000,0,21.732
25948,2079,1994-05-21,91.214,MAYB,P,P,M,P,M,M,P,P,P,P,6055,615,,,Unkn,116,616,0,flags,0,1.0000,0.0000,0,18.954
25949,2079,1994-05-21,91.214,MAYB,P,P,M,P,M,M,P,P,P,P,6371,587,,,Unkn,109,585,0,flags,0,1.0000,0.0000,0,17.810
25950,2079,1994-05-21,91.213,MAYB,P,P,M,P,M,M,P,P,P,P,6051,593,,,Unkn,120,593,0,flags,0,1.0000,0.0000,0,19.608
25951,2079,1994-05-21,91.213,MAYB,P,P,M,P,M,M,P,P,P,P,6217,580,,,Unkn,104,580,0,flags,0,1.0000,0.0000,0,16.993
25952,2079,1994-05-21,91.213,MAYB,P,P,M,P,M,M,P,P,P,P,6033,609,,,Unkn,135,607,0,flags,0,1.0000,0.0000,0,22.059
25953,2079,1994-05-21,91.214,MAYB,P,P,M,P,M,M,P,P,P,P,5661,575,,,Unkn,142,577,0,flags,0,1.0000,0.0000,0,23.202
25960,2081,1994-05-22,91.219,MAYB,P,P,M,P,M,M,P,P,P,P,7671,412,,,Unkn,96,413,0,flags,0,1.0000,0.0000,0,15.686
25961,2081,1994-05-22,91.219,MAYB,P,P,M,P,M,M,P,P,P,P,7236,498,,,Unkn,94,498,0,flags,0,1.0000,0.0000,0,15.359
25962,2081,1994-05-22,91.22,MAYB,P,P,M,P,M,M,P,P,P,P,6789,537,,,Unkn,104,536,0,flags,0,1.0000,0.0000,0,16.993
25963,2081,1994-05-22,91.22,MAYB,P,P,M,P,M,M,P,P,P,P,6756,526,,,Unkn,109,527,0,flags,0,1.0000,0.0000,0,17.810
25964,2081,1994-05-22,91.22,MAYB,P,P,M,P,M,M,P,P,P,P,6634,546,,,Unkn,113,545,0,flags,0,1.0000,0.0000,0,18.464
25965,2081,1994-05-22,91.219,MAYB,P,P,M,P,M,M,P,P,P,P,6640,561,,,Unkn,132,561,0,flags,0,1.0000,0.0000,0,21.568
25966,2081,1994-05-22,91.218,MAYB,P,P,M,P,M,M,P,P,P,P,6456,582,,,Unkn,130,581,0,flags,0,1.0000,0.0000,0,21.242
25967,2081,1994-05-22,91.218,MAYB,P,P,M,P,M,M,P,P,P,P,6552,551,,,Unkn,129,554,0,flags,0,1.0000,0.0000,0,21.078
25968,2081,1994-05-22,91.217,MAYB,P,P,M,P,M,M,P,P,P,P,6578,580,,,Unkn,118,578,0,flags,0,1.0000,0.0000,0,19.281
25969,2081,1994-05-22,91.216,MAYB,P,P,M,P,M,M,P,P,P,P,6114,574,,,Unkn,110,574,0,flags,0,1.0000,0.0000,0,17.974
25970,2081,1994-05-22,91.215,MAYB,P,P,M,P,M,M,P,P,P,P,6390,577,,,Unkn,118,577,0,flags,0,1.0000,0.0000,0,19.281
25971,2081,1994-05-22,91.215,MAYB,P,P,M,P,M,M,P,P,P,P,6323,602,,,Unkn,124,603,0,flags,0,1.0000,0.0000,0,20.261
25972,2081,1994-05-22,91.215,MAYB,P,P,M,P,M,M,P,P,P,P,6139,626,,,Unkn,127,625,0,flags,0,1.0000,0.0000,0,20.751
25973,2081,1994-05-22,91.215,MAYB,P,P,M,P,M,M,P,P,P,P,6249,644,,,Unkn,136,644,0,flags,0,1.0000,0.0000,0,22.222
25974,2081,1994-05-22,91.216,MAYB,P,P,M,P,M,M,P,P,P,P,5953,661,,,Unkn,160,663,0,flags,0,1.0000,0.0000,0,26.143
25975,2081,1994-05-22,91.218,MAYB,P,P,M,P,M,M,P,P,P,P,6059,626,,,Unkn,165,626,0,flags,0,1.0000,0.0000,0,26.960
25976,2081,1994-05-22,91.22,MAYB,P,P,M,P,M,M,P,P,P,P,6029,602,,,Unkn,129,602,0,flags,0,1.0000,0.0000,0,21.078
25977,2081,1994-05-22,91.222,MAYB,P,P,M,P,M,M,P,P,P,P,5736,700,,,Unkn,132,700,0,flags,0,1.0000,0.0000,0,21.568
25978,2081,1994-05-22,91.225,MAYB,P,P,M,P,M,M,P,P,P,P,5780,690,,,Unkn,146,691,0,flags,0,1.0000,0.0000,0,23.856
25979,2081,1994-05-22,91.228,MAYB,P,P,M,P,M,M,P,P,P,P,1208,152,,,Unkn,23,152,0,flags,0,1.0000,0.0000,0,3.758
25982,2082,1994-05-23,91.218,MAYB,P,P,M,P,M,M,P,P,P,P,7956,347,,,Unkn,68,347,0,flags,0,1.0000,0.0000,0,11.111
25983,2082,1994-05-23,91.219,MAYB,P,P,M,P,M,M,P,P,P,P,7556,428,,,Unkn,82,426,0,flags,0,1.0000,0.0000,0,13.399
25984,2082,1994-05-23,91.219,MAYB,P,P,M,P,M,M,P,P,P,P,7389,445,,,Unkn,100,445,0,flags,0,1.0000,0.0000,0,16.340
25985,2082,1994-05-23,91.218,MAYB,P,P,M,P,M,M,P,P,P,P,7378,428,,,Unkn,86,428,0,flags,0,1.0000,0.0000,0,14.052
25986,2082,1994-05-23,91.219,MAYB,P,P,M,P,M,M,P,P,P,P,2482,179,,,Unkn,38,179,0,flags,0,1.0000,0.0000,0,6.209
25987,2082,1994-05-23,91.222,MAYB,P,P,M,P,M,M,P,P,P,P,6716,574,,,Unkn,115,575,0,flags,0,1.0000,0.0000,0,18.791
25988,2082,1994-05-23,91.222,MAYB,P,P,M,P,M,M,P,P,P,P,6704,530,,,Unkn,109,529,0,flags,0,1.0000,0.0000,0,17.810
25989,2082,1994-05-23,91.223,MAYB,P,P,M,P,M,M,P,P,P,P,6633,556,,,Unkn,109,556,0,flags,0,1.0000,0.0000,0,17.810
25990,2082,1994-05-23,91.223,MAYB,P,P,M,P,M,M,P,P,P,P,6477,575,,,Unkn,138,575,0,flags,0,1.0000,0.0000,0,22.549
25991,2082,1994-05-23,91.222,MAYB,P,P,M,P,M,M,P,P,P,P,6338,556,,,Unkn,104,556,0,flags,0,1.0000,0.0000,0,16.993
25992,2082,1994-05-23,91.221,MAYB,P,P,M,P,M,M,P,P,P,P,6403,591,,,Unkn,113,591,0,flags,0,1.0000,0.0000,0,18.464
25993,2082,1994-05-23,91.22,MAYB,P,P,M,P,M,M,P,P,P,P,6414,598,,,Unkn,110,599,0,flags,0,1.0000,0.0000,0,17.974
25994,2082,1994-05-23,91.218,MAYB,P,P,M,P,M,M,P,P,P,P,6496,571,,,Unkn,123,600,0,flags,0,1.0000,0.0000,0,20.098
25995,2082,1994-05-23,91.217,MAYB,P,P,M,P,M,M,P,P,P,P,6572,549,,,Unkn,116,548,0,flags,0,1.0000,0.0000,0,18.954
25996,2082,1994-05-23,91.216,MAYB,P,P,M,P,M,M,P,P,P,P,6487,593,,,Unkn,138,594,0,flags,0,1.0000,0.0000,0,22.549
25997,2082,1994-05-23,91.215,MAYB,P,P,M,P,M,M,P,P,P,P,6291,575,,,Unkn,119,575,0,flags,0,1.0000,0.0000,0,19.444
25998,2082,1994-05-23,91.213,MAYB,P,P,M,P,M,M,P,P,P,P,5914,554,,,Unkn,134,554,0,flags,0,1.0000,0.0000,0,21.895
25999,2082,1994-05-23,91.211,MAYB,P,P,M,P,M,M,P,P,P,P,6571,585,,,Unkn,136,586,0,flags,0,1.0000,0.0000,0,22.222
26000,2082,1994-05-23,91.206,MAYB,P,P,M,P,M,M,P,P,P,P,6343,586,,,Unkn,132,586,0,flags,0,1.0000,0.0000,0,21.568
26001,2082,1994-05-23,91.202,MAYB,P,P,M,P,M,M,P,P,P,P,4362,429,,,Unkn,105,429,0,flags,0,1.0000,0.0000,0,17.157
26002,2082,1994-05-23,91.204,MAYB,P,P,M,P,M,M,P,P,P,P,4494,454,,,Unkn,96,454,0,flags,0,1.0000,0.0000,0,15.686
26003,2082,1994-05-23,91.206,MAYB,P,P,M,P,M,M,P,P,P,P,6248,410,,,Unkn,85,411,0,flags,0,1.0000,0.0000,0,13.889
26004,2082,1994-05-23,91.21,MAYB,P,P,M,P,M,M,P,P,P,P,6410,395,,,Unkn,76,394,0,flags,0,1.0000,0.0000,0,12.418
26005,2082,1994-05-23,91.213,MAYB,P,P,M,P,M,M,P,P,P,P,5972,501,,,Unkn,113,501,0,flags,0,1.0000,0.0000,0,18.464
26006,2082,1994-05-23,91.215,MAYB,P,P,M,P,M,M,P,P,P,P,1892,164,,,Unkn,32,164,0,flags,0,1.0000,0.0000,0,5.229
26010,2084,1994-05-24,91.216,MAYB,P,P,M,P,M,M,P,P,P,P,6563,542,,,Unkn,138,541,0,flags,0,1.0000,0.0000,0,22.549
26011,2084,1994-05-24,91.214,MAYB,P,P,M,P,M,M,P,P,P,P,6440,537,,,Unkn,115,536,0,flags,0,1.0000,0.0000,0,18.791
26012,2084,1994-05-24,91.213,MAYB,P,P,M,P,M,M,P,P,P,P,2440,211,,,Unkn,52,211,0,flags,0,1.0000,0.0000,0,8.497
26013,2084,1994-05-24,91.212,MAYB,P,P,M,P,M,M,P,P,P,P,6336,547,,,Unkn,111,546,0,flags,0,1.0000,0.0000,0,18.137
26014,2084,1994-05-24,91.211,MAYB,P,P,M,P,M,M,P,P,P,P,4914,456,,,Unkn,85,454,0,flags,0,1.0000,0.0000,0,13.889
26015,2084,1994-05-24,91.21,MAYB,P,P,M,P,M,M,P,P,P,P,1062,92,,,Unkn,12,92,0,flags,0,1.0000,0.0000,0,1.961
26037,2087,1994-05-25,91.233,MAYB,P,P,M,P,M,M,P,P,P,P,7983,451,,,Unkn,92,451,0,flags,0,1.0000,0.0000,0,15.033
26038,2087,1994-05-25,91.233,MAYB,P,P,M,P,M,M,P,P,P,P,7437,567,,,Unkn,107,567,0,flags,0,1.0000,0.0000,0,17.483
26039,2087,1994-05-25,91.233,MAYB,P,P,M,P,M,M,P,P,P,P,7826,506,,,Unkn,119,506,0,flags,0,1.0000,0.0000,0,19.444
26040,2087,1994-05-25,91.214,MAYB,P,P,M,P,M,M,P,P,P,P,7356,525,,,Unkn,100,525,0,flags,0,1.0000,0.0000,0,16.340
26041,2087,1994-05-25,91.212,MAYB,P,P,M,P,M,M,P,P,P,P,6731,617,,,Unkn,130,616,0,flags,0,1.0000,0.0000,0,21.242
26042,2087,1994-05-25,91.211,MAYB,P,P,M,P,M,M,P,P,P,P,6720,614,,,Unkn,85,614,0,flags,0,1.0000,0.0000,0,13.889
26046,2087,1994-05-25,91.203,MAYB,P,P,M,P,M,M,P,P,P,P,7036,555,,,Unkn,138,554,0,flags,0,1.0000,0.0000,0,22.549
26047,2087,1994-05-25,91.203,MAYB,P,P,M,P,M,M,P,P,P,P,6953,615,,,Unkn,118,615,0,flags,0,1.0000,0.0000,0,19.281
26048,2087,1994-05-25,91.208,MAYB,P,P,M,P,M,M,P,P,P,P,6577,634,,,Unkn,135,634,0,flags,0,1.0000,0.0000,0,22.059
26049,2087,1994-05-25,91.208,MAYB,P,P,M,P,M,M,P,P,P,P,473,48,,,Unkn,9,48,0,flags,0,1.0000,0.0000,0,1.471
26059,2090,1994-05-26,91.208,MAYB,P,P,M,P,M,M,P,P,P,P,8962,414,,,Unkn,76,413,0,flags,0,1.0000,0.0000,0,12.418
26060,2090,1994-05-26,91.208,MAYB,P,P,M,P,M,M,P,P,P,P,8557,433,,,Unkn,107,435,0,flags,0,1.0000,0.0000,0,17.483
26061,2090,1994-05-26,91.208,MAYB,P,P,M,P,M,M,P,P,P,P,8647,430,,,Unkn,89,429,0,flags,0,1.0000,0.0000,0,14.542
26062,2090,1994-05-26,91.208,MAYB,P,P,M,P,M,M,P,P,P,P,8424,460,,,Unkn,82,460,0,flags,0,1.0000,0.0000,0,13.399
26063,2090,1994-05-26,91.208,MAYB,P,P,M,P,M,M,P,P,P,P,7269,529,,,Unkn,94,529,0,flags,0,1.0000,0.0000,0,15.359
26064,2090,1994-05-26,91.208,MAYB,P,P,M,P,M,M,P,P,P,P,3204,230,,,Unkn,33,232,0,flags,0,1.0000,0.0000,0,5.392
26074,2091,1994-05-26,91.199,MAYB,P,P,M,P,M,M,P,P,P,P,8506,486,,,Unkn,83,487,0,flags,0,1.0000,0.0000,0,13.562
26075,2091,1994-05-26,91.199,MAYB,P,P,M,P,M,M,P,P,P,P,8171,507,,,Unkn,108,506,0,flags,0,1.0000,0.0000,0,17.647
26076,2091,1994-05-26,91.2,MAYB,P,P,M,P,M,M,P,P,P,P,7722,576,,,Unkn,97,576,0,flags,0,1.0000,0.0000,0,15.849
26077,2091,1994-05-26,91.201,MAYB,P,P,M,P,M,M,P,P,P,P,7603,562,,,Unkn,119,563,0,flags,0,1.0000,0.0000,0,19.444
26078,2091,1994-05-26,91.202,MAYB,P,P,M,P,M,M,P,P,P,P,7597,588,,,Unkn,115,588,0,flags,0,1.0000,0.0000,0,18.791
26079,2091,1994-05-26,91.204,MAYB,P,P,M,P,M,M,P,P,P,P,6835,511,,,Unkn,113,511,0,flags,0,1.0000,0.0000,0,18.464
26082,2091,1994-05-26,91.214,MAYB,P,P,M,P,M,M,P,P,P,P,7114,540,,,Unkn,132,587,0,flags,0,1.0000,0.0000,0,21.568
26083,2091,1994-05-26,91.216,MAYB,P,P,M,P,M,M,P,P,P,P,6944,601,,,Unkn,125,601,0,flags,0,1.0000,0.0000,0,20.425
26084,2091,1994-05-26,91.218,MAYB,P,P,M,P,M,M,P,P,P,P,6968,534,,,Unkn,113,665,0,flags,0,1.0000,0.0000,0,18.464
26085,2091,1994-05-26,91.221,MAYB,P,P,M,P,M,M,P,P,P,P,7245,599,,,Unkn,124,600,0,flags,0,1.0000,0.0000,0,20.261
26086,2091,1994-05-26,91.222,MAYB,P,P,M,P,M,M,P,P,P,P,6877,623,,,Unkn,122,623,0,flags,0,1.0000,0.0000,0,19.934
26087,2091,1994-05-26,91.223,MAYB,P,P,M,P,M,M,P,P,P,P,7067,597,,,Unkn,136,598,0,flags,0,1.0000,0.0000,0,22.222
26088,2091,1994-05-26,91.224,MAYB,P,P,M,P,M,M,P,P,P,P,7088,497,,,Unkn,122,594,0,flags,0,1.0000,0.0000,0,19.934
26089,2091,1994-05-26,91.223,MAYB,P,P,M,P,M,M,P,P,P,P,7074,575,,,Unkn,113,575,0,flags,0,1.0000,0.0000,0,18.464
26090,2091,1994-05-27,91.222,MAYB,P,P,M,P,M,M,P,P,P,P,4025,369,,,Unkn,74,370,0,flags,0,1.0000,0.0000,0,12.091
26092,2092,1994-05-27,91.22,MAYB,P,P,M,P,M,M,P,P,P,P,8895,320,,,Unkn,92,319,0,flags,0,1.0000,0.0000,0,15.033
26093,2092,1994-05-27,91.222,MAYB,P,P,M,P,M,M,P,P,P,P,8096,501,,,Unkn,116,501,0,flags,0,1.0000,0.0000,0,18.954
26094,2092,1994-05-27,91.223,MAYB,P,P,M,P,M,M,P,P,P,P,7465,563,,,Unkn,108,563,0,flags,0,1.0000,0.0000,0,17.647
26095,2092,1994-05-27,91.225,MAYB,P,P,M,P,M,M,P,P,P,P,7540,554,,,Unkn,137,554,0,flags,0,1.0000,0.0000,0,22.385
26096,2092,1994-05-27,91.226,MAYB,P,P,M,P,M,M,P,P,P,P,7306,591,,,Unkn,117,591,0,flags,0,1.0000,0.0000,0,19.117
26097,2092,1994-05-27,91.144,MAYB,P,P,M,P,D,M,P,P,P,P,7106,620,,,Unkn,90,616,0,flags,0,1.0000,0.0000,0,14.706
26099,2092,1994-05-27,91.226,MAYB,P,P,M,P,M,M,P,P,P,P,6943,645,,,Unkn,131,645,0,flags,0,1.0000,0.0000,0,21.405
26100,2092,1994-05-27,91.226,MAYB,P,P,M,P,M,M,P,P,P,P,7008,623,,,Unkn,111,623,0,flags,0,1.0000,0.0000,0,18.137
26101,2092,1994-05-27,91.225,MAYB,P,P,M,P,M,M,P,P,P,P,6864,607,,,Unkn,111,606,0,flags,0,1.0000,0.0000,0,18.137
26102,2092,1994-05-27,91.223,MAYB,P,P,M,P,M,M,P,P,P,P,7003,606,,,Unkn,124,604,0,flags,0,1.0000,0.0000,0,20.261
26103,2092,1994-05-27,91.22,MAYB,P,P,M,P,M,M,P,P,P,P,7116,581,,,Unkn,102,579,0,flags,0,1.0000,0.0000,0,16.666
26104,2092,1994-05-27,91.217,MAYB,P,P,M,P,M,M,P,P,P,P,7046,588,,,Unkn,129,587,0,flags,0,1.0000,0.0000,0,21.078
26132,2098,1994-05-28,91.218,MAYB,P,P,M,P,M,M,P,P,P,P,4636,350,,,Unkn,58,349,0,flags,0,1.0000,0.0000,0,9.477
26133,2098,1994-05-28,91.218,MAYB,P,P,M,P,M,M,P,P,P,P,1443,131,,,Unkn,19,131,0,flags,0,1.0000,0.0000,0,3.105
26134,2098,1994-05-28,91.219,MAYB,P,P,M,P,M,M,P,P,P,P,6687,621,,,Unkn,109,623,0,flags,0,1.0000,0.0000,0,17.810
26135,2098,1994-05-28,91.218,MAYB,P,P,M,P,M,M,P,P,P,P,6936,586,,,Unkn,122,585,0,flags,0,1.0000,0.0000,0,19.934
26136,2098,1994-05-28,91.217,MAYB,P,P,M,P,M,M,P,P,P,P,4412,397,,,Unkn,87,397,0,flags,0,1.0000,0.0000,0,14.216
26137,2098,1994-05-28,91.215,MAYB,P,P,M,P,M,M,P,P,P,P,6350,652,,,Unkn,150,652,0,flags,0,1.0000,0.0000,0,24.510
26138,2098,1994-05-28,91.214,MAYB,P,P,M,P,M,M,P,P,P,P,6555,651,,,Unkn,136,651,0,flags,0,1.0000,0.0000,0,22.222
26141,2098,1994-05-28,91.212,MAYB,P,P,M,P,M,M,P,P,P,P,6822,597,,,Unkn,116,597,0,flags,0,1.0000,0.0000,0,18.954
26142,2098,1994-05-28,91.211,MAYB,P,P,M,P,M,M,P,P,P,P,6337,664,,,Unkn,131,664,0,flags,0,1.0000,0.0000,0,21.405
26143,2098,1994-05-28,91.211,MAYB,P,P,M,P,M,M,P,P,P,P,6630,653,,,Unkn,149,652,0,flags,0,1.0000,0.0000,0,24.346
26144,2098,1994-05-28,91.212,MAYB,P,P,M,P,M,M,P,P,P,P,6622,635,,,Unkn,115,633,0,flags,0,1.0000,0.0000,0,18.791
26145,2098,1994-05-28,91.214,MAYB,P,P,M,P,M,M,P,P,P,P,6107,664,,,Unkn,126,664,0,flags,0,1.0000,0.0000,0,20.588
26146,2098,1994-05-28,91.214,MAYB,P,P,M,P,M,M,P,P,P,P,6336,665,,,Unkn,147,666,0,flags,0,1.0000,0.0000,0,24.019
26147,2098,1994-05-28,91.217,MAYB,P,P,M,P,M,M,P,P,P,P,5637,616,,,Unkn,113,613,0,flags,0,1.0000,0.0000,0,18.464
26148,2098,1994-05-28,91.223,MAYB,P,P,M,P,M,M,P,P,P,P,6048,693,,,Unkn,144,693,0,flags,0,1.0000,0.0000,0,23.529
26149,2098,1994-05-28,91.228,MAYB,P,P,M,P,M,M,P,P,P,P,1937,199,,,Unkn,34,199,0,flags,0,1.0000,0.0000,0,5.555
26152,2100,1994-05-29,91.215,MAYB,P,P,M,P,M,M,P,P,P,P,7740,534,,,Unkn,126,534,0,flags,0,1.0000,0.0000,0,20.588
26153,2100,1994-05-29,91.216,MAYB,P,P,M,P,M,M,P,P,P,P,7711,521,,,Unkn,119,521,0,flags,0,1.0000,0.0000,0,19.444
26154,2100,1994-05-29,91.218,MAYB,P,P,M,P,M,M,P,P,P,P,7494,515,,,Unkn,106,516,0,flags,0,1.0000,0.0000,0,17.320
26155,2100,1994-05-29,91.219,MAYB,P,P,M,P,M,M,P,P,P,P,7111,546,,,Unkn,105,547,0,flags,0,1.0000,0.0000,0,17.157
26156,2100,1994-05-29,91.22,MAYB,P,P,M,P,M,M,P,P,P,P,7119,576,,,Unkn,111,575,0,flags,0,1.0000,0.0000,0,18.137
26157,2100,1994-05-29,91.221,MAYB,P,P,M,P,M,M,P,P,P,P,6777,629,,,Unkn,151,626,0,flags,0,1.0000,0.0000,0,24.673
26158,2100,1994-05-29,91.222,MAYB,P,P,M,P,M,M,P,P,P,P,6863,609,,,Unkn,100,608,0,flags,0,1.0000,0.0000,0,16.340
26159,2100,1994-05-29,91.223,MAYB,P,P,M,P,M,M,P,P,P,P,6681,615,,,Unkn,130,616,0,flags,0,1.0000,0.0000,0,21.242
26160,2100,1994-05-29,91.223,MAYB,P,P,M,P,M,M,P,P,P,P,6523,661,,,Unkn,120,662,0,flags,0,1.0000,0.0000,0,19.608
26161,2100,1994-05-29,91.223,MAYB,P,P,M,P,M,M,P,P,P,P,6282,699,,,Unkn,144,701,0,flags,0,1.0000,0.0000,0,23.529
26162,2100,1994-05-29,91.222,MAYB,P,P,M,P,M,M,P,P,P,P,6364,683,,,Unkn,131,683,0,flags,0,1.0000,0.0000,0,21.405
26163,2100,1994-05-29,91.22,MAYB,P,P,M,P,M,M,P,P,P,P,6424,649,,,Unkn,141,649,0,flags,0,1.0000,0.0000,0,23.039
26164,2100,1994-05-29,91.218,MAYB,P,P,M,P,M,M,P,P,P,P,6313,673,,,Unkn,136,672,0,flags,0,1.0000,0.0000,0,22.222
26165,2100,1994-05-29,91.216,MAYB,P,P,M,P,M,M,P,P,P,P,6372,670,,,Unkn,148,672,0,flags,0,1.0000,0.0000,0,24.183
26166,2100,1994-05-29,91.215,MAYB,P,P,M,P,M,M,P,P,P,P,6261,720,,,Unkn,164,719,0,flags,0,1.0000,0.0000,0,26.797
26167,2100,1994-05-29,91.215,MAYB,P,P,M,P,M,M,P,P,P,P,6076,739,,,Unkn,145,739,0,flags,0,1.0000,0.0000,0,23.693
26168,2100,1994-05-29,91.214,MAYB,P,P,M,P,M,M,P,P,P,P,6092,701,,,Unkn,137,698,0,flags,0,1.0000,0.0000,0,22.385
26169,2100,1994-05-29,91.214,MAYB,P,P,M,P,M,M,P,P,P,P,2656,310,,,Unkn,54,309,0,flags,0,1.0000,0.0000,0,8.823
26172,2101,1994-05-30,91.219,MAYB,P,P,M,P,M,M,P,P,P,P,8550,443,,,Unkn,90,442,0,flags,0,1.0000,0.0000,0,14.706
26173,2101,1994-05-30,91.218,MAYB,P,P,M,P,M,M,P,P,P,P,7694,514,,,Unkn,119,513,0,flags,0,1.0000,0.0000,0,19.444
26174,2101,1994-05-30,91.218,MAYB,P,P,M,P,M,M,P,P,P,P,7409,570,,,Unkn,109,569,0,flags,0,1.0000,0.0000,0,17.810
26175,2101,1994-05-30,91.218,MAYB,P,P,M,P,M,M,P,P,P,P,7146,580,,,Unkn,128,580,0,flags,0,1.0000,0.0000,0,20.915
26176,2101,1994-05-30,91.217,MAYB,P,P,M,P,M,M,P,P,P,P,7880,577,,,Unkn,112,579,0,flags,0,1.0000,0.0000,0,18.300
26177,2101,1994-05-30,91.217,MAYB,P,P,M,P,M,M,P,P,P,P,7253,571,,,Unkn,119,570,0,flags,0,1.0000,0.0000,0,19.444
26178,2101,1994-05-30,91.218,MAYB,P,P,M,P,M,M,P,P,P,P,7119,573,,,Unkn,95,572,0,flags,0,1.0000,0.0000,0,15.523
26179,2101,1994-05-30,91.217,MAYB,P,P,M,P,M,M,P,P,P,P,7030,582,,,Unkn,113,582,0,flags,0,1.0000,0.0000,0,18.464
26180,2101,1994-05-30,91.216,MAYB,P,P,M,P,M,M,P,P,P,P,7360,522,,,Unkn,113,524,0,flags,0,1.0000,0.0000,0,18.464
26181,2101,1994-05-30,91.216,MAYB,P,P,M,P,M,M,P,P,P,P,7067,589,,,Unkn,124,591,0,flags,0,1.0000,0.0000,0,20.261
26182,2101,1994-05-30,91.217,MAYB,P,P,M,P,M,M,P,P,P,P,7021,601,,,Unkn,102,601,0,flags,0,1.0000,0.0000,0,16.666
26183,2101,1994-05-30,91.22,MAYB,P,P,M,P,M,M,P,P,P,P,6657,636,,,Unkn,129,635,0,flags,0,1.0000,0.0000,0,21.078
26184,2101,1994-05-30,91.22,MAYB,P,P,M,P,M,M,P,P,P,P,6579,651,,,Unkn,161,649,0,flags,0,1.0000,0.0000,0,26.307
26185,2101,1994-05-30,91.221,MAYB,P,P,M,P,M,M,P,P,P,P,6521,663,,,Unkn,126,662,0,flags,0,1.0000,0.0000,0,20.588
26186,2101,1994-05-30,91.221,MAYB,P,P,M,P,M,M,P,P,P,P,6606,621,,,Unkn,125,621,0,flags,0,1.0000,0.0000,0,20.425
26187,2101,1994-05-30,91.22,MAYB,P,P,M,P,M,M,P,P,P,P,4318,390,,,Unkn,89,391,0,flags,0,1.0000,0.0000,0,14.542
26330,2114,1994-06-06,91.201,MAYB,P,P,P,P,P,M,P,P,P,P,6636,692,,,Unkn,143,692,0,ok,1,1.0000,0.0000,0,23.366
26331,2114,1994-06-06,91.203,MAYB,P,P,P,P,P,M,P,P,P,P,5429,578,,,Unkn,132,578,0,ok,1,1.0000,0.0000,0,21.568
26333,2114,1994-06-06,91.206,MAYB,P,P,P,P,P,M,P,P,P,P,4026,494,,,Unkn,95,494,0,ok,1,1.0000,0.0000,0,15.523
26335,2114,1994-06-06,91.209,MAYB,P,P,P,P,P,M,P,P,P,P,6296,726,,,Unkn,152,723,0,ok,1,1.0000,0.0000,0,24.836
26336,2114,1994-06-06,91.211,MAYB,P,P,P,P,P,M,P,P,P,P,6256,716,,,Unkn,147,715,0,ok,1,1.0000,0.0000,0,24.019
26337,2114,1994-06-06,91.213,MAYB,P,P,P,P,P,M,P,P,P,P,5611,692,,,Unkn,138,692,0,ok,1,1.0000,0.0000,0,22.549
26338,2114,1994-06-06,91.217,MAYB,P,P,P,P,P,M,P,P,P,P,6130,880,,,Unkn,190,878,0,ok,1,1.0000,0.0000,0,31.045
26339,2114,1994-06-06,91.216,MAYB,P,P,P,P,P,M,P,P,P,P,4181,628,,,Unkn,122,629,0,ok,1,1.0000,0.0000,0,19.934
26353,2115,1994-06-07,91.197,MAYB,P,P,P,P,P,M,P,P,P,P,10008,416,,,Unkn,103,455,0,ok,1,1.0000,0.0000,0,16.830
26364,2116,1994-06-07,91.198,MAYB,P,P,P,P,P,M,P,P,P,P,1782,123,,,Unkn,29,123,0,ok,1,1.0000,0.0000,0,4.739
26365,2116,1994-06-07,91.2,MAYB,P,P,P,P,P,M,P,P,P,P,8696,503,,,Unkn,138,563,0,ok,1,1.0000,0.0000,0,22.549
26367,2116,1994-06-07,91.205,MAYB,P,P,P,P,P,M,P,P,P,P,3271,120,,,Unkn,21,133,0,ok,1,1.0000,0.0000,0,3.431
26368,2116,1994-06-07,91.206,MAYB,P,P,P,P,P,M,P,P,P,P,2026,192,,,Unkn,28,191,0,ok,1,1.0000,0.0000,0,4.575
26369,2116,1994-06-07,91.208,MAYB,P,P,P,P,P,M,P,P,P,P,2541,241,,,Unkn,43,241,0,ok,1,1.0000,0.0000,0,7.026
26370,2116,1994-06-07,91.209,MAYB,P,P,P,P,P,M,P,P,P,P,2778,224,,,Unkn,55,224,0,ok,1,1.0000,0.0000,0,8.987
26371,2116,1994-06-07,91.21,MAYB,P,P,P,P,P,M,P,P,P,P,2144,240,,,Unkn,46,240,0,ok,1,1.0000,0.0000,0,7.516
26372,2116,1994-06-07,91.212,MAYB,P,P,P,P,P,M,P,P,P,P,2160,220,,,Unkn,35,220,0,ok,1,1.0000,0.0000,0,5.719
26373,2116,1994-06-07,91.213,MAYB,P,P,P,P,P,M,P,P,P,P,2054,173,,,Unkn,36,193,0,ok,1,1.0000,0.0000,0,5.882
26377,2117,1994-06-07,91.214,MAYB,P,P,P,P,P,M,P,P,P,P,7956,670,,,Unkn,150,700,0,ok,1,1.0000,0.0000,0,24.510
26378,2117,1994-06-07,91.216,MAYB,P,P,P,P,P,M,P,P,P,P,9570,326,,,Unkn,144,419,0,vetoed_tracking_quality,0,1.0000,0.0000,0,23.529
26379,2117,1994-06-07,91.217,MAYB,P,P,P,P,P,M,P,P,P,P,6478,376,,,Unkn,71,415,0,ok,1,1.0000,0.0000,0,11.601
26382,2118,1994-06-08,91.215,MAYB,P,P,P,P,P,M,P,P,P,P,8210,608,,,Unkn,110,608,0,ok,1,1.0000,0.0000,0,17.974
26383,2118,1994-06-08,91.216,MAYB,P,P,P,P,P,M,P,P,P,P,8028,653,,,Unkn,118,652,0,ok,1,1.0000,0.0000,0,19.281
26384,2118,1994-06-08,91.217,MAYB,P,P,P,P,P,M,P,P,P,P,7538,723,,,Unkn,142,721,0,ok,1,1.0000,0.0000,0,23.202
26385,2118,1994-06-08,91.218,MAYB,P,P,P,P,P,M,P,P,P,P,7618,544,,,Unkn,102,558,0,ok,1,1.0000,0.0000,0,16.666
26388,2119,1994-06-08,91.21,MAYB,P,P,P,P,P,M,P,P,P,P,6998,776,,,Unkn,142,777,0,ok,1,1.0000,0.0000,0,23.202
26389,2119,1994-06-08,91.21,MAYB,P,P,P,P,P,M,P,P,P,P,7371,741,,,Unkn,155,744,0,ok,1,1.0000,0.0000,0,25.326
26390,2119,1994-06-08,91.21,MAYB,P,P,P,P,P,M,P,P,P,P,4990,414,,,Unkn,94,498,0,vetoed_tracking_quality,0,1.0000,0.0000,0,15.359
26391,2119,1994-06-08,91.213,MAYB,P,P,P,P,P,M,P,P,P,P,6983,773,,,Unkn,170,772,0,ok,1,1.0000,0.0000,0,27.777
26392,2119,1994-06-08,91.215,MAYB,P,P,P,P,P,M,P,P,P,P,1952,104,,,Unkn,46,228,0,ok,1,1.0000,0.0000,0,7.516
26393,2119,1994-06-08,91.216,MAYB,P,P,P,P,P,M,P,P,P,P,1114,17,,,Unkn,28,129,0,ok,1,1.0000,0.0000,0,4.575
26394,2119,1994-06-08,91.217,MAYB,P,P,P,P,P,M,P,P,P,P,1435,179,,,Unkn,35,179,0,ok,1,1.0000,0.0000,0,5.719
26397,2119,1994-06-08,91.218,MAYB,P,P,P,P,P,M,P,P,P,P,3504,465,,,Unkn,88,464,0,ok,1,1.0000,0.0000,0,14.379
26398,2119,1994-06-08,91.221,MAYB,P,P,P,P,P,M,P,P,P,P,6326,866,,,Unkn,183,864,0,ok,1,1.0000,0.0000,0,29.902
26399,2119,1994-06-08,91.223,MAYB,P,P,P,P,P,M,P,P,P,P,6346,854,,,Unkn,169,856,0,ok,1,1.0000,0.0000,0,27.614
26400,2119,1994-06-08,91.226,MAYB,P,P,P,P,P,M,P,P,P,P,6341,823,,,Unkn,188,822,0,ok,1,1.0000,0.0000,0,30.719
26401,2119,1994-06-08,91.226,MAYB,P,P,P,P,P,M,P,P,P,P,6206,835,,,Unkn,170,835,0,ok,1,1.0000,0.0000,0,27.777
26402,2119,1994-06-08,91.223,MAYB,P,P,P,P,P,M,P,P,P,P,4235,591,,,Unkn,134,589,0,ok,1,1.0000,0.0000,0,21.895
26409,2120,1994-06-09,91.211,MAYB,P,P,P,P,P,M,P,P,P,P,7949,751,,,Unkn,146,751,0,ok,1,1.0000,0.0000,0,23.856
26410,2120,1994-06-09,91.212,MAYB,P,P,P,P,P,M,P,P,P,P,7821,782,,,Unkn,154,782,0,ok,1,1.0000,0.0000,0,25.163
26411,2120,1994-06-09,91.213,MAYB,P,P,P,P,P,M,P,P,P,P,7434,804,,,Unkn,151,804,0,ok,1,1.0000,0.0000,0,24.673
26412,2120,1994-06-09,91.215,MAYB,P,P,P,P,P,M,P,P,P,P,7423,775,,,Unkn,139,776,0,ok,1,1.0000,0.0000,0,22.712
26413,2120,1994-06-09,91.216,MAYB,P,P,P,P,P,M,P,P,P,P,7964,665,,,Unkn,144,665,0,ok,1,1.0000,0.0000,0,23.529
26414,2120,1994-06-09,91.216,MAYB,P,P,P,P,P,M,P,P,P,P,7178,817,,,Unkn,156,816,0,ok,1,1.0000,0.0000,0,25.490
26415,2120,1994-06-09,91.215,MAYB,P,P,P,P,M,M,P,P,P,P,6931,784,,,Unkn,173,784,0,ok,1,1.0000,0.0000,0,28.268
26416,2120,1994-06-09,91.214,MAYB,P,P,P,P,M,M,P,P,P,P,6579,821,,,Unkn,142,821,0,ok,1,1.0000,0.0000,0,23.202
26417,2120,1994-06-09,91.213,MAYB,P,P,P,P,P,M,P,P,P,P,6725,794,,,Unkn,157,795,0,ok,1,1.0000,0.0000,0,25.653
26418,2120,1994-06-09,91.211,MAYB,P,P,P,P,P,M,P,P,P,P,6737,788,,,Unkn,154,788,0,ok,1,1.0000,0.0000,0,25.163
26419,2120,1994-06-09,91.209,MAYB,P,P,P,P,P,M,P,P,P,P,6906,782,,,Unkn,147,781,0,ok,1,1.0000,0.0000,0,24.019
26420,2120,1994-06-09,91.207,MAYB,P,P,P,P,P,M,P,P,P,P,6867,825,,,Unkn,155,824,0,vetoed_dedx_calibration,0,1.0000,0.0000,0,25.326
26421,2120,1994-06-09,91.205,MAYB,P,P,P,P,P,M,P,P,P,P,6460,787,,,Unkn,169,786,0,ok,1,1.0000,0.0000,0,27.614
26422,2120,1994-06-09,91.206,MAYB,P,P,P,P,P,M,P,P,P,P,6321,828,,,Unkn,179,827,0,ok,1,1.0000,0.0000,0,29.248
26423,2120,1994-06-09,91.206,MAYB,P,P,P,P,P,M,P,P,P,P,6412,859,,,Unkn,184,860,0,ok,1,1.0000,0.0000,0,30.065
26424,2120,1994-06-09,91.209,MAYB,P,P,P,P,P,M,P,P,P,P,4500,557,,,Unkn,116,556,0,ok,1,1.0000,0.0000,0,18.954
26432,2121,1994-06-09,91.219,MAYB,P,P,P,P,P,M,P,P,P,P,8903,489,,,Unkn,122,505,0,ok,1,1.0000,0.0000,0,19.934
26433,2121,1994-06-09,91.216,MAYB,P,P,P,P,P,M,P,P,P,P,7644,734,,,Unkn,151,737,0,ok,1,1.0000,0.0000,0,24.673
26434,2121,1994-06-09,91.213,MAYB,P,P,P,P,P,M,P,P,P,P,7229,767,,,Unkn,156,767,0,ok,1,1.0000,0.0000,0,25.490
26435,2121,1994-06-09,91.213,MAYB,P,P,P,P,P,M,P,P,P,P,6552,868,,,Unkn,164,868,0,ok,1,1.0000,0.0000,0,26.797
26436,2121,1994-06-09,91.212,MAYB,P,P,P,P,P,M,P,P,P,P,6404,886,,,Unkn,198,887,0,ok,1,1.0000,0.0000,0,32.353
26437,2121,1994-06-10,91.213,MAYB,P,P,P,P,P,M,P,P,P,P,6330,872,,,Unkn,174,871,0,ok,1,1.0000,0.0000,0,28.431
26438,2121,1994-06-10,91.213,MAYB,P,P,P,P,P,M,P,P,P,P,6506,825,,,Unkn,184,825,0,ok,1,1.0000,0.0000,0,30.065
26439,2121,1994-06-10,91.213,MAYB,P,P,P,P,P,M,P,P,P,P,6114,884,,,Unkn,187,884,0,ok,1,1.0000,0.0000,0,30.555
26440,2121,1994-06-10,91.212,MAYB,P,P,P,P,P,M,P,P,P,P,6092,865,,,Unkn,174,864,0,ok,1,1.0000,0.0000,0,28.431
26441,2121,1994-06-10,91.213,MAYB,P,P,P,P,P,M,P,P,P,P,6135,845,,,Unkn,164,847,0,ok,1,1.0000,0.0000,0,26.797
26442,2121,1994-06-10,91.214,MAYB,P,P,P,P,P,M,P,P,P,P,5973,915,,,Unkn,189,915,0,ok,1,1.0000,0.0000,0,30.882
26443,2121,1994-06-10,91.216,MAYB,P,P,P,P,P,M,P,P,P,P,5952,912,,,Unkn,210,912,0,ok,1,1.0000,0.0000,0,34.313
26444,2121,1994-06-10,91.216,MAYB,P,P,P,P,P,M,P,P,P,P,5915,905,,,Unkn,166,904,0,ok,1,1.0000,0.0000,0,27.124
26445,2121,1994-06-10,91.216,MAYB,P,P,P,P,P,M,P,P,P,P,5656,936,,,Unkn,200,937,0,ok,1,1.0000,0.0000,0,32.679
26446,2121,1994-06-10,91.215,MAYB,P,P,P,P,P,M,P,P,P,P,5895,881,,,Unkn,180,882,0,ok,1,1.0000,0.0000,0,29.411
26447,2121,1994-06-10,91.213,MAYB,P,P,P,P,P,M,P,P,P,P,5671,917,,,Unkn,193,918,0,ok,1,1.0000,0.0000,0,31.536
26448,2121,1994-06-10,91.211,MAYB,P,P,P,P,P,M,P,P,P,P,5871,884,,,Unkn,168,884,0,ok,1,1.0000,0.0000,0,27.451
26449,2121,1994-06-10,91.211,MAYB,P,P,P,P,P,M,P,P,P,P,1274,173,,,Unkn,26,173,0,ok,1,1.0000,0.0000,0,4.248
26473,2122,1994-06-10,91.221,MAYB,P,P,P,P,P,M,P,P,P,P,1493,75,174,2.067,OK,22,81,0,ok,1,1.1694,0.0211,1,3.595
26474,2122,1994-06-10,91.22,MAYB,P,P,P,P,P,M,P,P,P,P,7976,551,1315,15.623,OK,131,574,0,ok,1,1.1694,0.0211,1,21.405
26475,2122,1994-06-10,91.222,MAYB,P,P,P,P,P,M,P,P,P,P,7874,727,1685,20.019,OK,137,726,0,ok,1,1.1694,0.0211,1,22.385
26476,2122,1994-06-10,91.224,MAYB,P,P,P,P,P,M,P,P,P,P,8064,681,1712,20.341,OK,146,684,0,ok,1,1.1694,0.0211,1,23.856
26477,2122,1994-06-10,91.224,MAYB,P,P,P,P,P,M,P,P,P,P,7866,752,1815,21.565,OK,153,773,0,ok,1,1.1694,0.0211,1,25.000
26478,2122,1994-06-10,91.225,MAYB,P,P,P,P,P,M,P,P,P,P,8041,769,1942,23.074,OK,169,768,0,ok,1,1.1694,0.0211,1,27.614
26479,2122,1994-06-10,91.226,MAYB,P,P,P,P,P,M,P,P,P,P,7968,782,2051,24.37,OK,157,782,0,ok,1,1.1694,0.0211,1,25.653
26480,2122,1994-06-10,91.228,MAYB,P,P,P,P,P,M,P,P,P,P,7882,791,2043,24.276,OK,175,792,0,ok,1,1.1694,0.0211,1,28.594
26481,2122,1994-06-10,91.227,MAYB,P,P,P,P,P,M,P,P,P,P,7631,849,1941,23.063,OK,181,850,0,ok,1,1.1694,0.0211,1,29.575
26482,2122,1994-06-10,91.226,MAYB,P,P,P,P,P,M,P,P,P,P,7729,826,2000,23.764,OK,160,825,0,ok,1,1.1694,0.0211,1,26.143
26483,2122,1994-06-10,91.226,MAYB,P,P,P,P,P,M,P,P,P,P,7520,872,1937,23.015,OK,168,874,0,ok,1,1.1694,0.0211,1,27.451
26484,2122,1994-06-11,91.226,MAYB,P,P,P,P,P,M,P,P,P,P,7767,790,1999,23.752,OK,140,791,0,ok,1,1.1694,0.0211,1,22.876
26485,2122,1994-06-11,91.221,MAYB,P,P,P,P,P,M,P,P,P,P,7697,749,1882,22.359,OK,160,749,0,ok,1,1.1694,0.0211,1,26.143
26486,2122,1994-06-11,91.217,MAYB,P,P,P,P,P,M,P,P,P,P,7584,769,1888,22.429,OK,168,770,0,ok,1,1.1694,0.0211,1,27.451
26487,2122,1994-06-11,91.218,MAYB,P,P,P,P,P,M,P,P,P,P,7830,799,1984,23.569,OK,170,800,0,ok,1,1.1694,0.0211,1,27.777
26488,2122,1994-06-11,91.219,MAYB,P,P,P,P,P,M,P,P,P,P,7713,818,1955,23.225,OK,173,818,0,ok,1,1.1694,0.0211,1,28.268
26489,2122,1994-06-11,91.219,MAYB,P,P,P,P,P,M,P,P,P,P,7965,811,2064,24.521,OK,183,812,0,ok,1,1.1694,0.0211,1,29.902
26490,2122,1994-06-11,91.22,MAYB,P,P,P,P,P,M,P,P,P,P,7996,828,2067,24.557,OK,172,827,0,ok,1,1.1694,0.0211,1,28.104
26491,2122,1994-06-11,91.221,MAYB,P,P,P,P,P,M,P,P,P,P,8550,835,2035,24.177,OK,163,835,0,ok,1,1.1694,0.0211,1,26.634
26492,2122,1994-06-11,91.221,MAYB,P,P,P,P,P,M,P,P,P,P,7983,779,2072,24.616,OK,167,779,0,ok,1,1.1694,0.0211,1,27.287
26493,2122,1994-06-11,91.219,MAYB,P,P,P,P,P,M,P,P,P,P,7971,793,1970,23.404,OK,190,835,0,ok,1,1.1694,0.0211,1,31.045
26494,2122,1994-06-11,91.217,MAYB,P,P,P,P,P,M,P,P,P,P,2107,221,551,6.546,OK,38,221,0,ok,1,1.1694,0.0211,1,6.209
26497,2125,1994-06-11,91.213,PERF,P,P,P,P,P,P,P,P,P,P,9305,611,1476,17.533,OK,146,659,0,ok,1,1.1779,0.0222,1,23.856
26498,2125,1994-06-11,91.214,PERF,P,P,P,P,P,P,P,P,P,P,8469,698,1687,20.04,OK,146,700,0,ok,1,1.1779,0.0222,1,23.856
26499,2125,1994-06-11,91.216,PERF,P,P,P,P,P,P,P,P,P,P,8309,750,1801,21.395,OK,156,751,0,ok,1,1.1779,0.0222,1,25.490
26500,2125,1994-06-11,91.219,PERF,P,P,P,P,P,P,P,P,P,P,8506,744,1815,21.562,OK,147,742,0,ok,1,1.1779,0.0222,1,24.019
26501,2125,1994-06-11,91.222,PERF,P,P,P,P,P,P,P,P,P,P,8332,782,1925,22.871,OK,147,784,0,ok,1,1.1779,0.0222,1,24.019
26502,2125,1994-06-11,91.223,PERF,P,P,P,P,P,P,P,P,P,P,8135,811,1888,22.432,OK,160,811,0,ok,1,1.1779,0.0222,1,26.143
26503,2125,1994-06-11,91.223,PERF,P,P,P,P,P,P,P,P,P,P,8466,788,2036,24.19,OK,160,789,0,ok,1,1.1779,0.0222,1,26.143
26504,2125,1994-06-11,91.223,PERF,P,P,P,P,P,P,P,P,P,P,8259,795,1924,22.859,OK,158,795,0,ok,1,1.1779,0.0222,1,25.817
26505,2125,1994-06-11,91.222,PERF,P,P,P,P,P,P,P,P,P,P,8138,817,1927,22.895,OK,179,816,0,ok,1,1.1779,0.0222,1,29.248
26506,2125,1994-06-12,91.222,PERF,P,P,P,P,P,P,P,P,P,P,7924,836,1848,21.956,OK,174,834,0,ok,1,1.1779,0.0222,1,28.431
26507,2125,1994-06-12,91.221,PERF,P,P,P,P,P,P,P,P,P,P,8222,775,1868,22.193,OK,163,775,0,ok,1,1.1779,0.0222,1,26.634
26508,2125,1994-06-12,91.221,PERF,P,P,P,P,P,P,P,P,P,P,8365,764,1968,23.381,OK,170,765,0,ok,1,1.1779,0.0222,1,27.777
26509,2125,1994-06-12,91.22,PERF,P,P,P,P,P,P,P,P,P,P,5841,602,1342,15.943,OK,113,603,0,ok,1,1.1779,0.0222,1,18.464
26510,2125,1994-06-12,91.22,PERF,P,P,P,P,P,P,P,P,P,P,2009,169,458,5.441,OK,33,170,0,ok,1,1.1779,0.0222,1,5.392
26511,2125,1994-06-12,91.22,PERF,P,P,P,P,P,P,P,P,P,P,8343,746,1856,22.05,OK,146,747,0,ok,1,1.1779,0.0222,1,23.856
26512,2125,1994-06-12,91.221,PERF,P,P,P,P,P,P,P,P,P,P,8372,776,1892,22.478,OK,189,777,0,ok,1,1.1779,0.0222,1,30.882
26513,2125,1994-06-12,91.222,PERF,P,P,P,P,P,P,P,P,P,P,3778,377,911,10.823,OK,75,378,0,ok,1,1.1779,0.0222,1,12.255
26514,2125,1994-06-12,91.222,PERF,P,P,P,P,P,P,P,P,P,P,7764,787,1773,21.065,OK,157,787,0,ok,1,1.1779,0.0222,1,25.653
26515,2125,1994-06-12,91.223,PERF,P,P,P,P,P,P,P,P,P,P,7970,797,1928,22.907,OK,173,798,0,ok,1,1.1779,0.0222,1,28.268
26516,2125,1994-06-12,91.222,PERF,P,P,P,P,P,P,P,P,P,P,7925,792,1784,21.196,OK,141,791,0,ok,1,1.1779,0.0222,1,23.039
26517,2125,1994-06-12,91.219,PERF,P,P,P,P,P,P,P,P,P,P,44,605,1459,17.333,OK,113,605,0,ok,1,1.1779,0.0222,1,18.464
26519,2127,1994-06-12,91.206,PERF,P,P,P,P,P,P,P,P,P,P,8262,635,1527,18.136,OK,147,634,0,ok,1,1.1373,0.0220,1,24.019
26520,2127,1994-06-12,91.207,PERF,P,P,P,P,P,P,P,P,P,P,8389,693,1656,19.668,OK,150,693,0,ok,1,1.1373,0.0220,1,24.510
26521,2127,1994-06-12,91.209,PERF,P,P,P,P,P,P,P,P,P,P,8423,708,1753,20.821,OK,141,707,0,ok,1,1.1373,0.0220,1,23.039
26522,2127,1994-06-12,91.212,PERF,P,P,P,P,P,P,P,P,P,P,9560,600,1573,18.684,OK,135,623,0,ok,1,1.1373,0.0220,1,22.059
26523,2127,1994-06-12,91.212,PERF,P,P,P,P,P,P,P,P,P,P,8100,748,1801,21.392,OK,154,747,0,ok,1,1.1373,0.0220,1,25.163
26524,2127,1994-06-12,91.213,PERF,P,P,P,P,P,P,P,P,P,P,8060,745,1853,22.01,OK,159,745,0,ok,1,1.1373,0.0220,1,25.980
26525,2127,1994-06-12,91.215,PERF,P,P,P,P,P,P,P,P,P,P,7784,766,1783,21.18,OK,143,766,0,ok,1,1.1373,0.0220,1,23.366
26526,2127,1994-06-12,91.217,PERF,P,P,P,P,P,P,P,P,P,P,7894,782,1846,21.93,OK,150,782,0,ok,1,1.1373,0.0220,1,24.510
26527,2127,1994-06-12,91.22,PERF,P,P,P,P,P,P,P,P,P,P,7885,798,1896,22.525,OK,164,798,0,ok,1,1.1373,0.0220,1,26.797
26528,2127,1994-06-12,91.222,PERF,P,P,P,P,P,P,P,P,P,P,8081,779,1910,22.692,OK,156,780,0,ok,1,1.1373,0.0220,1,25.490
26529,2127,1994-06-12,91.223,PERF,P,P,P,P,P,P,P,P,P,P,8188,781,1920,22.811,OK,180,780,0,ok,1,1.1373,0.0220,1,29.411
26530,2127,1994-06-12,91.223,PERF,P,P,P,P,P,P,P,P,P,P,8226,822,2031,24.131,OK,165,822,0,ok,1,1.1373,0.0220,1,26.960
26531,2127,1994-06-12,91.224,PERF,P,P,P,P,P,P,P,P,P,P,8253,797,1939,23.038,OK,143,796,0,ok,1,1.1373,0.0220,1,23.366
26532,2127,1994-06-12,91.223,PERF,P,P,P,P,P,P,P,P,P,P,8036,778,1954,23.215,OK,162,778,0,ok,1,1.1373,0.0220,1,26.470
26533,2127,1994-06-13,91.223,PERF,P,P,P,P,P,P,P,P,P,P,7980,791,1878,22.312,OK,153,790,0,ok,1,1.1373,0.0220,1,25.000
26534,2127,1994-06-13,91.222,PERF,P,P,P,P,P,P,P,P,P,P,8207,802,1997,23.726,OK,167,802,0,ok,1,1.1373,0.0220,1,27.287
26535,2127,1994-06-13,91.221,PERF,P,P,P,P,P,P,P,P,P,P,8126,795,1987,23.606,OK,136,795,0,ok,1,1.1373,0.0220,1,22.222
26536,2127,1994-06-13,91.22,PERF,P,P,P,P,P,P,P,P,P,P,8159,811,1952,23.19,OK,159,811,0,ok,1,1.1373,0.0220,1,25.980
26537,2127,1994-06-13,91.218,PERF,P,P,P,P,P,P,P,P,P,P,7186,701,1706,20.267,OK,127,703,0,ok,1,1.1373,0.0220,1,20.751
26548,2130,1994-06-13,91.208,PERF,P,P,P,P,P,P,P,P,P,P,12077,553,1389,16.48,OK,105,552,0,ok,1,1.1057,0.0480,0,17.157
26549,2130,1994-06-13,91.206,PERF,P,P,P,P,P,P,P,P,P,P,11890,546,1388,16.468,OK,120,546,0,ok,1,1.1057,0.0480,0,19.608
26550,2130,1994-06-13,91.206,PERF,P,P,P,P,P,P,P,P,P,P,9875,587,1462,17.346,OK,123,602,0,ok,1,1.1057,0.0480,0,20.098
26551,2130,1994-06-13,91.207,PERF,P,P,P,P,P,P,P,P,P,P,8986,671,1655,19.636,OK,137,670,0,ok,1,1.1057,0.0480,0,22.385
26552,2130,1994-06-13,91.209,PERF,P,P,P,P,P,P,P,P,P,P,7274,507,1255,14.891,OK,89,507,0,ok,1,1.1057,0.0480,0,14.542
26574,2140,1994-06-16,91.211,PERF,P,P,P,P,P,P,P,P,P,P,10047,678,1705,20.251,OK,130,677,0,ok,1,0.9842,0.0535,0,21.242
26575,2140,1994-06-16,91.211,PERF,P,P,P,P,P,P,P,P,P,P,8421,750,1978,23.493,OK,146,750,0,ok,1,0.9842,0.0535,0,23.856
26576,2140,1994-06-16,91.211,PERF,P,P,P,P,P,P,P,P,P,P,6053,548,1391,16.521,OK,87,548,0,ok,1,0.9842,0.0535,0,14.216
26670,2167,1994-06-24,91.2,MAYB,P,P,P,P,M,P,P,P,P,P,2202,91,282,3.349,OK,23,91,0,ok,1,1.1715,0.0330,1,3.758
26671,2167,1994-06-24,91.202,MAYB,P,P,P,P,M,P,P,P,P,P,8597,717,1749,20.771,OK,162,717,0,ok,1,1.1715,0.0330,1,26.470
26672,2167,1994-06-24,91.204,MAYB,P,P,P,P,M,P,P,P,P,P,8480,760,1938,23.016,OK,168,759,0,ok,1,1.1715,0.0330,1,27.451
26673,2167,1994-06-24,91.203,MAYB,P,P,P,P,M,P,P,P,P,P,8577,770,2006,23.824,OK,175,768,0,ok,1,1.1715,0.0330,1,28.594
26674,2167,1994-06-25,91.204,MAYB,P,P,P,P,M,P,P,P,P,P,8523,795,2006,23.824,OK,153,795,0,ok,1,1.1715,0.0330,1,25.000
26675,2167,1994-06-25,91.204,MAYB,P,P,P,P,M,P,P,P,P,P,8462,786,1942,23.064,OK,181,786,0,ok,1,1.1715,0.0330,1,29.575
26676,2167,1994-06-25,91.205,MAYB,P,P,P,P,M,P,P,P,P,P,8089,819,2052,24.371,OK,156,819,0,ok,1,1.1715,0.0330,1,25.490
26677,2167,1994-06-25,91.206,MAYB,P,P,P,P,M,P,P,P,P,P,8271,847,2224,26.415,OK,182,848,0,ok,1,1.1715,0.0330,1,29.738
26678,2167,1994-06-25,91.208,MAYB,P,P,P,P,M,P,P,P,P,P,7362,763,1855,22.033,OK,167,762,0,ok,1,1.1715,0.0330,1,27.287
26680,2168,1994-06-25,91.215,MAYB,P,P,P,P,M,P,P,P,P,P,9258,490,1284,15.253,OK,159,671,1,truncated_counters,0,1.1392,0.0220,1,25.980
26681,2168,1994-06-25,91.212,MAYB,P,P,P,P,M,P,P,P,P,P,8609,791,1921,22.819,OK,164,792,0,ok,1,1.1392,0.0220,1,26.797
26682,2168,1994-06-25,91.213,MAYB,P,P,P,P,M,P,P,P,P,P,8556,797,2029,24.103,OK,146,801,0,ok,1,1.1392,0.0220,1,23.856
26683,2168,1994-06-25,91.214,MAYB,P,P,P,P,M,P,P,P,P,P,8637,784,2046,24.305,OK,160,784,0,ok,1,1.1392,0.0220,1,26.143
26684,2168,1994-06-25,91.214,MAYB,P,P,P,P,M,P,P,P,P,P,8361,821,2024,24.043,OK,179,819,0,ok,1,1.1392,0.0220,1,29.248
26685,2168,1994-06-25,91.213,MAYB,P,P,P,P,M,P,P,P,P,P,8699,791,1974,23.449,OK,161,791,0,ok,1,1.1392,0.0220,1,26.307
26686,2168,1994-06-25,91.21,MAYB,P,P,P,P,M,P,P,P,P,P,8719,779,1967,23.364,OK,168,802,0,ok,1,1.1392,0.0220,1,27.451
26687,2168,1994-06-25,91.207,MAYB,P,P,P,P,M,P,P,P,P,P,8635,756,1884,22.377,OK,204,796,0,ok,1,1.1392,0.0220,1,33.333
26688,2168,1994-06-25,91.205,MAYB,P,P,P,P,M,P,P,P,P,P,8922,662,1698,20.167,OK,160,775,1,truncated_counters,0,1.1392,0.0220,1,26.143
26689,2168,1994-06-25,91.204,MAYB,P,P,P,P,M,P,P,P,P,P,8427,817,2075,24.644,OK,167,818,0,ok,1,1.1392,0.0220,1,27.287
26690,2168,1994-06-25,91.203,MAYB,P,P,P,P,M,P,P,P,P,P,8668,799,2183,25.926,OK,176,799,0,ok,1,1.1392,0.0220,1,28.758
26691,2168,1994-06-25,91.202,MAYB,P,P,P,P,M,P,P,P,P,P,8109,846,1981,23.527,OK,170,845,0,ok,1,1.1392,0.0220,1,27.777
26692,2168,1994-06-25,91.203,MAYB,P,P,P,P,M,P,P,P,P,P,8392,827,2085,24.762,OK,188,827,0,ok,1,1.1392,0.0220,1,30.719
26693,2168,1994-06-25,91.205,MAYB,P,P,P,P,M,P,P,P,P,P,8518,837,2089,24.811,OK,147,838,0,ok,1,1.1392,0.0220,1,24.019
26694,2168,1994-06-25,91.209,MAYB,P,P,P,P,M,P,P,P,P,P,8361,857,2174,25.822,OK,169,858,0,ok,1,1.1392,0.0220,1,27.614
26695,2168,1994-06-25,91.212,MAYB,P,P,P,P,M,P,P,P,P,P,8398,825,2189,26.002,OK,189,826,0,ok,1,1.1392,0.0220,1,30.882
26696,2168,1994-06-25,91.214,MAYB,P,P,P,P,M,P,P,P,P,P,8290,874,2177,25.861,OK,174,873,0,ok,1,1.1392,0.0220,1,28.431
26697,2168,1994-06-25,91.216,MAYB,P,P,P,P,M,P,P,P,P,P,8236,872,2110,25.066,OK,184,872,0,ok,1,1.1392,0.0220,1,30.065
26698,2168,1994-06-25,91.217,MAYB,P,P,P,P,M,P,P,P,P,P,8533,839,2230,26.492,OK,164,840,0,ok,1,1.1392,0.0220,1,26.797
26701,2169,1994-06-26,91.204,MAYB,P,P,P,P,M,P,P,P,P,P,8942,768,1994,23.682,OK,164,768,0,ok,1,1.0975,0.0217,1,26.797
26702,2169,1994-06-26,91.207,MAYB,P,P,P,P,M,P,P,P,P,P,9064,804,2070,24.586,OK,154,803,0,ok,1,1.0975,0.0217,1,25.163
26703,2169,1994-06-26,91.21,MAYB,P,P,P,P,M,P,P,P,P,P,8699,821,1983,23.554,OK,153,821,0,ok,1,1.0975,0.0217,1,25.000
26704,2169,1994-06-26,91.212,MAYB,P,P,P,P,M,P,P,P,P,P,8950,803,1983,23.555,OK,180,804,0,ok,1,1.0975,0.0217,1,29.411
26705,2169,1994-06-26,91.213,MAYB,P,P,P,P,M,P,P,P,P,P,8714,845,1966,23.354,OK,163,845,0,ok,1,1.0975,0.0217,1,26.634
26706,2169,1994-06-26,91.213,MAYB,P,P,P,P,M,P,P,P,P,P,8831,813,2065,24.53,OK,160,812,0,ok,1,1.0975,0.0217,1,26.143
26707,2169,1994-06-26,91.214,MAYB,P,P,P,P,M,P,P,P,P,P,8652,810,2052,24.376,OK,163,810,0,ok,1,1.0975,0.0217,1,26.634
26708,2169,1994-06-26,91.214,MAYB,P,P,P,P,M,P,P,P,P,P,8653,824,2011,23.889,OK,181,825,0,ok,1,1.0975,0.0217,1,29.575
26709,2169,1994-06-26,91.213,MAYB,P,P,P,P,M,P,P,P,P,P,8633,836,2035,24.174,OK,161,835,0,ok,1,1.0975,0.0217,1,26.307
26710,2169,1994-06-26,91.212,MAYB,P,P,P,P,M,P,P,P,P,P,8782,835,2130,25.301,OK,159,834,0,ok,1,1.0975,0.0217,1,25.980
26711,2169,1994-06-26,91.211,MAYB,P,P,P,P,M,P,P,P,P,P,8542,857,2089,24.814,OK,142,857,0,ok,1,1.0975,0.0217,1,23.202
26712,2169,1994-06-26,91.209,MAYB,P,P,P,P,M,P,P,P,P,P,8690,812,2158,25.633,OK,162,811,0,ok,1,1.0975,0.0217,1,26.470
26713,2169,1994-06-26,91.208,MAYB,P,P,P,P,M,P,P,P,P,P,8685,806,2099,24.931,OK,181,805,0,ok,1,1.0975,0.0217,1,29.575
26714,2169,1994-06-26,91.206,MAYB,P,P,P,P,M,P,P,P,P,P,8528,796,2019,23.98,OK,167,796,0,ok,1,1.0975,0.0217,1,27.287
26716,2169,1994-06-26,91.205,MAYB,P,P,P,P,M,P,P,P,P,P,8436,826,2007,23.837,OK,179,827,0,ok,1,1.0975,0.0217,1,29.248
26717,2169,1994-06-26,91.207,MAYB,P,P,P,P,M,P,P,P,P,P,8393,826,1995,23.695,OK,163,825,0,ok,1,1.0975,0.0217,1,26.634
26718,2169,1994-06-26,91.209,MAYB,P,P,P,P,M,P,P,P,P,P,7069,610,1592,18.91,OK,108,611,0,ok,1,1.0975,0.0217,1,17.647
26720,2169,1994-06-26,91.21,MAYB,P,P,P,P,M,P,P,P,P,P,1053,97,257,3.053,OK,13,97,0,ok,1,1.0975,0.0217,1,2.124
26725,2170,1994-06-27,91.2,MAYB,D,P,P,P,M,P,P,P,P,P,9086,876,2030,24.106,OK,161,875,0,flags,0,1.1616,0.0334,1,26.307
26726,2170,1994-06-27,91.2,MAYB,D,P,P,P,M,P,P,P,P,P,8940,839,2075,24.64,OK,177,837,0,flags,0,1.1616,0.0334,1,28.921
26727,2170,1994-06-27,91.2,MAYB,P,P,P,P,M,P,P,P,P,P,1597,136,359,4.263,OK,34,136,0,ok,1,1.1616,0.0334,1,5.555
26728,2170,1994-06-27,91.201,MAYB,D,P,P,P,M,P,P,P,P,P,9018,809,2027,24.071,OK,172,809,0,flags,0,1.1616,0.0334,1,28.104
26729,2170,1994-06-27,91.202,MAYB,D,P,P,P,M,P,P,P,P,P,1279,107,336,3.99,OK,31,108,0,flags,0,1.1616,0.0334,1,5.065
26730,2170,1994-06-27,91.203,MAYB,D,P,P,P,M,P,P,P,P,P,8856,829,2088,24.796,OK,161,829,0,flags,0,1.1616,0.0334,1,26.307
26731,2170,1994-06-27,91.204,MAYB,D,P,P,P,M,P,P,P,P,P,8826,801,2023,24.025,OK,193,800,0,flags,0,1.1616,0.0334,1,31.536
26732,2170,1994-06-27,91.206,MAYB,D,P,P,P,M,P,P,P,P,P,8957,799,2086,24.774,OK,173,798,0,flags,0,1.1616,0.0334,1,28.268
26733,2170,1994-06-27,91.207,MAYB,D,P,P,P,M,P,P,P,P,P,8510,805,2016,23.943,OK,175,806,0,flags,0,1.1616,0.0334,1,28.594
26735,2170,1994-06-27,91.209,MAYB,D,P,P,P,M,P,P,P,P,P,8684,833,2169,25.761,OK,191,832,0,flags,0,1.1616,0.0334,1,31.209
26736,2170,1994-06-27,91.209,MAYB,D,P,P,P,M,P,P,P,P,P,8745,849,2189,25.999,OK,165,850,0,flags,0,1.1616,0.0334,1,26.960
26737,2170,1994-06-27,91.21,MAYB,D,P,P,P,M,P,P,P,P,P,867,74,223,2.649,OK,15,74,0,flags,0,1.1616,0.0334,1,2.451
26745,2172,1994-06-27,91.201,MAYB,D,P,P,P,M,P,P,P,P,P,15644,562,1566,18.581,OK,140,584,0,flags,0,1.0538,0.0815,0,22.876
26746,2172,1994-06-27,91.202,MAYB,D,P,P,P,M,P,P,P,P,P,1924,67,235,2.788,OK,19,66,0,flags,0,1.0538,0.0815,0,3.105
26747,2172,1994-06-27,91.203,MAYB,D,P,P,P,M,P,P,P,P,P,15840,691,1995,23.673,OK,142,689,0,flags,0,1.0538,0.0815,0,23.202
26749,2172,1994-06-27,91.205,MAYB,P,P,P,P,M,P,P,P,P,P,13601,629,1720,20.411,OK,130,630,0,ok,1,1.0538,0.0815,0,21.242
26750,2172,1994-06-27,91.207,MAYB,P,P,P,P,M,P,P,P,P,P,5097,227,632,7.5,OK,50,226,0,ok,1,1.0538,0.0815,0,8.170
26754,2173,1994-06-28,91.208,MAYB,P,P,P,P,M,P,P,P,P,P,12007,695,1935,22.975,OK,127,696,0,ok,1,0.8367,0.0455,0,20.751
26755,2173,1994-06-28,91.208,MAYB,P,P,P,P,M,P,P,P,P,P,11917,699,2128,25.267,OK,129,700,0,ok,1,0.8367,0.0455,0,21.078
26756,2173,1994-06-28,91.205,MAYB,P,P,P,P,M,P,P,P,P,P,8818,619,1842,21.87,OK,103,618,0,ok,1,0.8367,0.0455,0,16.830
26758,2174,1994-06-28,91.207,MAYB,P,P,P,P,M,P,P,P,P,P,11515,714,2052,24.367,OK,150,713,0,ok,1,1.0169,0.0275,0,24.510
26759,2174,1994-06-28,91.209,MAYB,P,P,P,P,M,P,P,P,P,P,10706,751,2068,24.557,OK,169,749,0,ok,1,1.0169,0.0275,0,27.614
26760,2174,1994-06-28,91.211,MAYB,P,P,P,P,M,P,P,P,P,P,10552,777,2193,26.043,OK,130,777,0,ok,1,1.0169,0.0275,0,21.242
26761,2174,1994-06-28,91.213,MAYB,P,P,P,P,M,P,P,P,P,P,10356,774,2143,25.45,OK,163,773,0,ok,1,1.0169,0.0275,0,26.634
26762,2174,1994-06-28,91.214,MAYB,P,P,P,P,M,P,P,P,P,P,10559,747,2186,25.962,OK,145,749,0,ok,1,1.0169,0.0275,0,23.693
26763,2174,1994-06-28,91.214,MAYB,P,P,P,P,M,P,P,P,P,P,10136,786,2209,26.235,OK,170,783,0,ok,1,1.0169,0.0275,0,27.777
26764,2174,1994-06-28,91.215,MAYB,P,P,P,P,M,P,P,P,P,P,8702,683,1922,22.827,OK,143,683,0,ok,1,1.0169,0.0275,0,23.366
26765,2174,1994-06-28,91.215,MAYB,P,P,P,P,M,P,P,P,P,P,4347,313,915,10.867,OK,47,313,0,ok,1,1.0169,0.0275,0,7.680
26766,2174,1994-06-28,91.215,MAYB,P,P,P,P,M,P,P,P,P,P,1420,100,299,3.551,OK,20,100,0,ok,1,1.0169,0.0275,0,3.268
26767,2174,1994-06-28,91.215,MAYB,P,P,P,P,M,P,P,P,P,P,3360,235,606,7.197,OK,58,236,0,ok,1,1.0169,0.0275,0,9.477
26768,2174,1994-06-28,91.215,MAYB,P,P,P,P,M,P,P,P,P,P,3969,335,869,10.321,OK,68,337,0,ok,1,1.0169,0.0275,0,11.111
26769,2174,1994-06-28,91.215,MAYB,P,P,P,P,M,P,P,P,P,P,3835,309,875,10.392,OK,70,308,0,ok,1,1.0169,0.0275,0,11.438
26770,2174,1994-06-28,91.214,MAYB,P,P,P,P,M,P,P,P,P,P,4173,325,1011,12.007,OK,87,325,0,ok,1,1.0169,0.0275,0,14.216
26771,2174,1994-06-28,91.214,MAYB,P,P,P,P,M,P,P,P,P,P,2034,159,487,5.784,OK,46,159,0,ok,1,1.0169,0.0275,0,7.516
26779,2176,1994-06-28,91.204,MAYB,P,P,P,P,M,P,P,P,P,P,11748,640,1755,20.838,OK,122,640,0,ok,1,0.9914,0.0175,0,19.934
26780,2176,1994-06-28,91.206,MAYB,P,P,P,P,M,P,P,P,P,P,12831,600,1626,19.307,OK,123,599,0,ok,1,0.9914,0.0175,0,20.098
26781,2176,1994-06-28,91.207,MAYB,P,P,P,P,M,P,P,P,P,P,11648,692,1884,22.371,OK,115,691,0,ok,1,0.9914,0.0175,0,18.791
26782,2176,1994-06-28,91.208,MAYB,P,P,P,P,M,P,P,P,P,P,10884,741,1930,22.918,OK,143,741,0,ok,1,0.9914,0.0175,0,23.366
26783,2176,1994-06-28,91.207,MAYB,P,P,P,P,M,P,P,P,P,P,9983,791,2132,25.316,OK,148,791,0,ok,1,0.9914,0.0175,0,24.183
26784,2176,1994-06-28,91.208,MAYB,P,P,P,P,M,P,P,P,P,P,10640,765,2327,27.632,OK,139,765,0,ok,1,0.9914,0.0175,0,22.712
26785,2176,1994-06-29,91.208,MAYB,P,P,P,P,M,P,P,P,P,P,9935,804,2172,25.791,OK,168,803,0,ok,1,0.9914,0.0175,0,27.451
26786,2176,1994-06-29,91.207,MAYB,P,P,P,P,M,P,P,P,P,P,10289,802,2178,25.862,OK,157,803,0,ok,1,0.9914,0.0175,0,25.653
26787,2176,1994-06-29,91.206,MAYB,P,P,P,P,M,P,P,P,P,P,10307,795,2232,26.503,OK,159,795,0,ok,1,0.9914,0.0175,0,25.980
26788,2176,1994-06-29,91.205,MAYB,P,P,P,P,M,P,P,P,P,P,10075,751,2064,24.508,OK,153,751,0,ok,1,0.9914,0.0175,0,25.000
26789,2176,1994-06-29,91.204,MAYB,P,P,P,P,M,P,P,P,P,P,10312,759,2090,24.815,OK,157,758,0,ok,1,0.9914,0.0175,0,25.653
26790,2176,1994-06-29,91.204,MAYB,P,P,P,P,M,P,P,P,P,P,10570,745,2242,26.62,OK,171,746,0,ok,1,0.9914,0.0175,0,27.941
26791,2176,1994-06-29,91.201,MAYB,P,P,P,P,M,P,P,P,P,P,10149,756,2212,26.262,OK,167,756,0,ok,1,0.9914,0.0175,0,27.287
26792,2176,1994-06-29,91.199,MAYB,P,P,P,P,M,P,P,P,P,P,9969,797,2228,26.451,OK,155,797,0,ok,1,0.9914,0.0175,0,25.326
26793,2176,1994-06-29,91.199,MAYB,P,P,P,P,M,P,P,P,P,P,10097,792,2233,26.51,OK,162,792,0,ok,1,0.9914,0.0175,0,26.470
26794,2176,1994-06-29,91.199,MAYB,P,P,P,P,M,P,P,P,P,P,9779,813,2217,26.32,OK,146,814,0,ok,1,0.9914,0.0175,0,23.856
26795,2176,1994-06-29,91.199,MAYB,P,P,P,P,M,P,P,P,P,P,9677,799,2240,26.594,OK,148,799,0,ok,1,0.9914,0.0175,0,24.183
26796,2176,1994-06-29,91.199,MAYB,P,P,P,P,M,P,P,P,P,P,9806,754,2251,26.724,OK,154,754,0,ok,1,0.9914,0.0175,0,25.163
26797,2176,1994-06-29,91.199,MAYB,P,P,P,P,M,P,P,P,P,P,10139,770,2348,27.876,OK,193,770,0,ok,1,0.9914,0.0175,0,31.536
26798,2176,1994-06-29,91.201,MAYB,P,P,P,P,M,P,P,P,P,P,9813,804,2222,26.381,OK,153,803,0,ok,1,0.9914,0.0175,0,25.000
26799,2176,1994-06-29,91.202,MAYB,P,P,P,P,M,P,P,P,P,P,9872,774,2252,26.738,OK,174,771,0,ok,1,0.9914,0.0175,0,28.431
26800,2176,1994-06-29,91.203,MAYB,P,P,P,P,M,P,P,P,P,P,9555,787,2168,25.741,OK,174,787,0,ok,1,0.9914,0.0175,0,28.431
26801,2176,1994-06-29,91.203,MAYB,P,P,P,P,M,P,P,P,P,P,3965,287,941,11.173,OK,73,287,0,ok,1,0.9914,0.0175,0,11.928
26808,2180,1994-06-30,91.202,MAYB,P,P,P,P,M,P,P,P,P,P,11213,712,1974,23.437,OK,120,712,0,ok,1,1.0220,0.0189,0,19.608
26809,2180,1994-06-30,91.201,MAYB,P,P,P,P,M,P,P,P,P,P,11166,728,2074,24.624,OK,165,728,0,ok,1,1.0220,0.0189,0,26.960
26810,2180,1994-06-30,91.199,MAYB,P,P,P,P,M,P,P,P,P,P,10154,790,1970,23.388,OK,145,789,0,ok,1,1.0220,0.0189,0,23.693
26811,2180,1994-06-30,91.197,MAYB,P,P,P,P,M,P,P,P,P,P,10389,766,2187,25.963,OK,184,764,0,ok,1,1.0220,0.0189,0,30.065
26812,2180,1994-06-30,91.198,MAYB,P,P,P,P,M,P,P,P,P,P,10621,745,2232,26.498,OK,167,745,0,ok,1,1.0220,0.0189,0,27.287
26813,2180,1994-06-30,91.198,MAYB,P,P,P,P,M,P,P,P,P,P,10057,801,2195,26.059,OK,166,801,0,ok,1,1.0220,0.0189,0,27.124
26814,2180,1994-06-30,91.198,MAYB,P,P,P,P,M,P,P,P,P,P,9998,787,2205,26.177,OK,169,788,0,ok,1,1.0220,0.0189,0,27.614
26815,2180,1994-06-30,91.198,MAYB,P,P,P,P,M,P,P,P,P,P,10044,770,2253,26.747,OK,180,771,0,ok,1,1.0220,0.0189,0,29.411
26816,2180,1994-06-30,91.198,MAYB,P,P,P,P,M,P,P,P,P,P,9813,794,2297,27.27,OK,144,795,0,ok,1,1.0220,0.0189,0,23.529
26817,2180,1994-06-30,91.198,MAYB,P,P,P,P,M,P,P,P,P,P,9765,767,2224,26.403,OK,174,767,0,ok,1,1.0220,0.0189,0,28.431
26818,2180,1994-06-30,91.199,MAYB,P,P,P,P,M,P,P,P,P,P,9810,804,2343,27.816,OK,165,801,0,ok,1,1.0220,0.0189,0,26.960
26819,2180,1994-06-30,91.199,MAYB,P,P,P,P,M,P,P,P,P,P,9810,815,2271,26.962,OK,170,814,0,ok,1,1.0220,0.0189,0,27.777
26820,2180,1994-06-30,91.201,MAYB,P,P,P,P,M,P,P,P,P,P,9538,842,2291,27.2,OK,184,843,0,ok,1,1.0220,0.0189,0,30.065
26821,2180,1994-06-30,91.202,MAYB,P,P,P,P,M,P,P,P,P,P,9327,778,2342,27.806,OK,165,778,0,ok,1,1.0220,0.0189,0,26.960
26822,2180,1994-06-30,91.202,MAYB,P,P,P,P,M,P,P,P,P,P,3832,346,933,11.077,OK,57,345,0,ok,1,1.0220,0.0189,0,9.314
26823,2180,1994-06-30,91.202,MAYB,P,P,P,P,M,P,P,P,P,P,3874,359,982,11.659,OK,71,359,0,ok,1,1.0220,0.0189,0,11.601
26824,2180,1994-06-30,91.203,MAYB,P,P,P,P,M,P,P,P,P,P,3558,311,869,10.318,OK,77,311,0,ok,1,1.0220,0.0189,0,12.582
26825,2180,1994-06-30,91.203,MAYB,P,P,P,P,M,P,P,P,P,P,3823,334,922,10.947,OK,72,333,0,ok,1,1.0220,0.0189,0,11.765
26826,2180,1994-06-30,91.203,MAYB,P,P,P,P,M,P,P,P,P,P,3679,326,851,10.104,OK,68,326,0,ok,1,1.0220,0.0189,0,11.111
26827,2180,1994-06-30,91.204,MAYB,P,P,P,P,M,P,P,P,P,P,3897,348,960,11.398,OK,80,347,0,ok,1,1.0220,0.0189,0,13.072
26828,2180,1994-06-30,91.204,MAYB,P,P,P,P,M,P,P,P,P,P,4372,375,1049,12.455,OK,79,374,0,ok,1,1.0220,0.0189,0,12.908
26829,2180,1994-06-30,91.204,MAYB,P,P,P,P,M,P,P,P,P,P,3874,332,934,11.09,OK,58,331,0,ok,1,1.0220,0.0189,0,9.477
26830,2180,1994-06-30,91.204,MAYB,P,P,P,P,M,P,P,P,P,P,4146,335,1065,12.645,OK,73,335,0,ok,1,1.0220,0.0189,0,11.928
26831,2180,1994-06-30,91.205,MAYB,P,P,P,P,M,P,P,P,P,P,9563,769,2282,27.096,OK,159,768,0,ok,1,1.0220,0.0189,0,25.980
26832,2180,1994-06-30,91.205,MAYB,P,P,P,P,M,P,P,P,P,P,3100,244,661,7.848,OK,54,244,0,ok,1,1.0220,0.0189,0,8.823
26835,2181,1994-07-01,91.205,MAYB,P,P,P,P,M,P,P,P,P,P,6102,234,651,7.73,OK,182,915,1,truncated_counters,0,1.0109,0.0972,0,29.738
26836,2181,1994-07-01,91.205,MAYB,P,P,P,P,M,P,P,P,P,P,10394,572,1579,18.749,OK,116,572,0,ok,1,1.0109,0.0972,0,18.954
26845,2183,1994-07-01,91.198,MAYB,P,P,P,P,M,P,P,P,P,P,11192,708,1983,23.536,OK,144,708,0,ok,1,0.9999,0.0309,0,23.529
26846,2183,1994-07-01,91.144,MAYB,P,P,P,P,D,P,P,P,P,P,10764,754,2147,25.486,OK,155,754,0,flags,0,0.9999,0.0309,0,25.326
26847,2183,1994-07-01,91.144,MAYB,P,P,P,P,D,P,P,P,P,P,10466,740,1958,23.242,OK,157,738,0,flags,0,0.9999,0.0309,0,25.653
26848,2183,1994-07-01,91.144,MAYB,P,P,P,P,D,P,P,P,P,P,10334,727,2113,25.082,OK,132,727,0,flags,0,0.9999,0.0309,0,21.568
26849,2183,1994-07-01,91.144,MAYB,P,P,P,P,D,P,P,P,P,P,8816,674,2011,23.871,OK,147,674,0,flags,0,0.9999,0.0309,0,24.019
26850,2183,1994-07-01,91.144,MAYB,P,P,P,P,D,P,P,P,P,P,9410,748,1904,22.601,OK,147,748,0,flags,0,0.9999,0.0309,0,24.019
26851,2183,1994-07-01,91.144,MAYB,P,P,P,P,D,P,P,P,P,P,3946,278,814,9.662,OK,61,277,0,flags,0,0.9999,0.0309,0,9.967
26852,2183,1994-07-01,91.205,MAYB,P,P,P,P,M,P,P,P,P,P,9045,703,1942,23.053,OK,148,703,0,ok,1,0.9999,0.0309,0,24.183
26853,2183,1994-07-01,91.205,MAYB,P,P,P,P,M,P,P,P,P,P,2366,226,546,6.481,OK,29,227,0,ok,1,0.9999,0.0309,0,4.739
26854,2183,1994-07-02,91.206,MAYB,P,P,P,P,M,P,P,P,P,P,8980,6,11,0.131,OK,6,22,0,vetoed_tracking_quality,0,0.9999,0.0309,0,0.980
26855,2185,1994-07-02,91.193,MAYB,P,P,P,P,M,P,P,P,P,P,10938,682,1930,22.916,OK,149,710,0,ok,1,0.9702,0.0188,0,24.346
26856,2185,1994-07-02,91.194,MAYB,P,P,P,P,M,P,P,P,P,P,10425,755,2057,24.424,OK,143,755,0,ok,1,0.9702,0.0188,0,23.366
26857,2185,1994-07-02,91.196,MAYB,P,P,P,P,M,P,P,P,P,P,10401,762,2268,26.931,OK,153,762,0,ok,1,0.9702,0.0188,0,25.000
26858,2185,1994-07-02,91.198,MAYB,P,P,P,P,M,P,P,P,P,P,10641,766,2172,25.792,OK,135,766,0,ok,1,0.9702,0.0188,0,22.059
26859,2185,1994-07-02,91.199,MAYB,P,P,P,P,M,P,P,P,P,P,10332,756,2135,25.353,OK,153,756,0,ok,1,0.9702,0.0188,0,25.000
26860,2185,1994-07-02,91.201,MAYB,P,P,P,P,M,P,P,P,P,P,10552,743,2283,27.112,OK,161,743,0,ok,1,0.9702,0.0188,0,26.307
26861,2185,1994-07-02,91.202,MAYB,P,P,P,P,M,P,P,P,P,P,10577,768,2331,27.682,OK,142,769,0,ok,1,0.9702,0.0188,0,23.202
26862,2185,1994-07-02,91.203,MAYB,P,P,P,P,M,P,P,P,P,P,10091,799,2190,26.008,OK,161,800,0,ok,1,0.9702,0.0188,0,26.307
26863,2185,1994-07-02,91.204,MAYB,P,P,P,P,M,P,P,P,P,P,9896,803,2173,25.807,OK,135,803,0,ok,1,0.9702,0.0188,0,22.059
26864,2185,1994-07-02,91.205,MAYB,P,P,P,P,M,P,P,P,P,P,10213,798,2352,27.934,OK,186,799,0,ok,1,0.9702,0.0188,0,30.392
26865,2185,1994-07-02,91.206,MAYB,P,P,P,P,M,P,P,P,P,P,9546,798,2128,25.274,OK,164,799,0,ok,1,0.9702,0.0188,0,26.797
26866,2185,1994-07-02,91.207,MAYB,P,P,P,P,M,P,P,P,P,P,9843,780,2188,25.987,OK,164,780,0,ok,1,0.9702,0.0188,0,26.797
26867,2185,1994-07-02,91.208,MAYB,P,P,P,P,M,P,P,P,P,P,9543,785,2105,25.002,OK,143,812,0,ok,1,0.9702,0.0188,0,23.366
26868,2185,1994-07-02,91.209,MAYB,P,P,P,P,M,P,P,P,P,P,9889,722,2064,24.515,OK,171,831,1,truncated_counters,0,0.9702,0.0188,0,27.941
26869,2185,1994-07-02,91.209,MAYB,P,P,P,P,M,P,P,P,P,P,9685,784,2306,27.39,OK,160,783,0,ok,1,0.9702,0.0188,0,26.143
26870,2185,1994-07-02,91.21,MAYB,P,P,P,P,M,P,P,P,P,P,9641,801,2393,28.424,OK,182,800,0,ok,1,0.9702,0.0188,0,29.738
26871,2185,1994-07-02,91.21,MAYB,P,P,P,P,M,P,P,P,P,P,9332,789,2361,28.044,OK,155,790,0,ok,1,0.9702,0.0188,0,25.326
26872,2185,1994-07-02,91.211,MAYB,P,P,P,P,M,P,P,P,P,P,9265,802,2246,26.678,OK,170,802,0,ok,1,0.9702,0.0188,0,27.777
26873,2185,1994-07-02,91.21,MAYB,P,P,P,P,M,P,P,P,P,P,9182,819,2283,27.117,OK,165,820,0,ok,1,0.9702,0.0188,0,26.960
26874,2185,1994-07-02,91.211,MAYB,P,P,P,P,M,P,P,P,P,P,2624,213,640,7.602,OK,38,213,0,ok,1,0.9702,0.0188,0,6.209
26876,2186,1994-07-03,91.199,MAYB,P,P,P,P,M,P,P,P,P,P,10670,740,2055,24.393,OK,123,741,0,ok,1,0.9816,0.0267,0,20.098
26877,2186,1994-07-03,91.2,MAYB,P,P,P,P,M,P,P,P,P,P,10977,749,2288,27.159,OK,156,749,0,ok,1,0.9816,0.0267,0,25.490
26878,2186,1994-07-03,91.201,MAYB,P,P,P,P,M,P,P,P,P,P,11071,704,1971,23.397,OK,147,704,0,ok,1,0.9816,0.0267,0,24.019
26879,2186,1994-07-03,91.202,MAYB,P,P,P,P,M,P,P,P,P,P,10232,753,2165,25.7,OK,164,753,0,ok,1,0.9816,0.0267,0,26.797
26880,2186,1994-07-03,91.203,MAYB,P,P,P,P,M,P,P,P,P,P,10639,747,2192,26.021,OK,168,746,0,ok,1,0.9816,0.0267,0,27.451
26881,2186,1994-07-03,91.203,MAYB,P,P,P,P,M,P,P,P,P,P,10355,748,2029,24.086,OK,155,745,0,ok,1,0.9816,0.0267,0,25.326
26882,2186,1994-07-03,91.203,MAYB,P,P,P,P,M,P,P,P,P,P,10106,769,2193,26.033,OK,133,770,0,ok,1,0.9816,0.0267,0,21.732
26883,2186,1994-07-03,91.204,MAYB,P,P,P,P,M,P,P,P,P,P,10424,747,2176,25.832,OK,166,748,0,ok,1,0.9816,0.0267,0,27.124
26884,2186,1994-07-03,91.205,MAYB,P,P,P,P,M,P,P,P,P,P,9985,768,2252,26.735,OK,171,768,0,ok,1,0.9816,0.0267,0,27.941
26885,2186,1994-07-03,91.206,MAYB,P,P,P,P,M,P,P,P,P,P,4618,349,998,11.848,OK,66,347,0,ok,1,0.9816,0.0267,0,10.784
26887,2187,1994-07-03,91.202,MAYB,P,P,P,P,M,P,P,P,P,P,10912,718,2143,25.443,OK,148,718,0,ok,1,0.9887,0.0174,0,24.183
26888,2187,1994-07-03,91.203,MAYB,P,P,P,P,M,P,P,P,P,P,10501,751,2167,25.729,OK,155,751,0,ok,1,0.9887,0.0174,0,25.326
26889,2187,1994-07-03,91.204,MAYB,P,P,P,P,M,P,P,P,P,P,10127,758,2133,25.325,OK,171,757,0,ok,1,0.9887,0.0174,0,27.941
26890,2187,1994-07-03,91.204,MAYB,P,P,P,P,M,P,P,P,P,P,9893,785,2146,25.48,OK,170,785,0,ok,1,0.9887,0.0174,0,27.777
26891,2187,1994-07-03,91.205,MAYB,P,P,P,P,M,P,P,P,P,P,9940,784,2136,25.361,OK,170,784,0,ok,1,0.9887,0.0174,0,27.777
26892,2187,1994-07-03,91.205,MAYB,P,P,P,P,M,P,P,P,P,P,10720,703,2044,24.269,OK,121,702,0,ok,1,0.9887,0.0174,0,19.771
26893,2187,1994-07-03,91.206,MAYB,P,P,P,P,M,P,P,P,P,P,11436,582,1679,19.936,OK,103,582,0,ok,1,0.9887,0.0174,0,16.830
26894,2187,1994-07-03,91.207,MAYB,P,P,P,P,M,P,P,P,P,P,10276,767,2209,26.229,OK,160,766,0,ok,1,0.9887,0.0174,0,26.143
26895,2187,1994-07-03,91.207,MAYB,P,P,P,P,M,P,P,P,P,P,10165,745,1888,22.418,OK,163,768,0,ok,1,0.9887,0.0174,0,26.634
26896,2187,1994-07-03,91.208,MAYB,P,P,P,P,M,P,P,P,P,P,10132,784,2358,27.999,OK,171,786,0,ok,1,0.9887,0.0174,0,27.941
26897,2187,1994-07-04,91.208,MAYB,P,P,P,P,M,P,P,P,P,P,780,67,163,1.935,OK,12,67,0,ok,1,0.9887,0.0174,0,1.961
26898,2187,1994-07-04,91.208,MAYB,P,P,P,P,M,P,P,P,P,P,10087,760,2228,26.456,OK,162,759,0,ok,1,0.9887,0.0174,0,26.470
26899,2187,1994-07-04,91.208,MAYB,P,P,P,P,M,P,P,P,P,P,6857,515,1462,17.36,OK,94,514,0,ok,1,0.9887,0.0174,0,15.359
26900,2187,1994-07-04,91.209,MAYB,P,P,P,P,M,P,P,P,P,P,11837,739,2111,25.067,OK,152,739,0,ok,1,0.9887,0.0174,0,24.836
26901,2187,1994-07-04,91.209,MAYB,P,P,P,P,M,P,P,P,P,P,11411,754,2162,25.673,OK,166,755,0,ok,1,0.9887,0.0174,0,27.124
26902,2187,1994-07-04,91.209,MAYB,P,P,P,P,M,P,P,P,P,P,9799,764,2254,26.765,OK,151,764,0,ok,1,0.9887,0.0174,0,24.673
26903,2187,1994-07-04,91.209,MAYB,P,P,P,P,M,P,P,P,P,P,9548,793,2152,25.554,OK,163,793,0,ok,1,0.9887,0.0174,0,26.634
26904,2187,1994-07-04,91.208,MAYB,P,P,P,P,M,P,P,P,P,P,9898,768,2315,27.489,OK,155,769,0,ok,1,0.9887,0.0174,0,25.326
26905,2187,1994-07-04,91.206,MAYB,P,P,P,P,M,P,P,P,P,P,9479,742,2099,24.923,OK,158,741,0,ok,1,0.9887,0.0174,0,25.817
26906,2187,1994-07-04,91.204,MAYB,P,P,P,P,M,P,P,P,P,P,9335,810,2116,25.124,OK,137,812,0,ok,1,0.9887,0.0174,0,22.385
26907,2187,1994-07-04,91.203,MAYB,P,P,P,P,M,P,P,P,P,P,9306,789,2164,25.693,OK,164,790,0,ok,1,0.9887,0.0174,0,26.797
26908,2187,1994-07-04,91.201,MAYB,P,P,P,P,M,P,P,P,P,P,9299,777,2142,25.43,OK,148,776,0,ok,1,0.9887,0.0174,0,24.183
26909,2187,1994-07-04,91.199,MAYB,P,P,P,P,M,P,P,P,P,P,9481,777,2183,25.916,OK,147,776,0,ok,1,0.9887,0.0174,0,24.019
26910,2187,1994-07-04,91.199,MAYB,P,P,P,P,M,P,P,P,P,P,7641,534,1512,17.95,OK,105,538,0,ok,1,0.9887,0.0174,0,17.157
27057,2196,1994-07-08,91.198,PERF,P,P,P,P,P,P,P,P,P,P,9823,699,1878,22.299,OK,144,700,0,ok,1,0.9653,0.0189,0,23.529
27058,2196,1994-07-08,91.201,PERF,P,P,P,P,P,P,P,P,P,P,10081,678,1975,23.452,OK,158,678,0,ok,1,0.9653,0.0189,0,25.817
27059,2196,1994-07-08,91.203,PERF,P,P,P,P,P,P,P,P,P,P,9509,694,1865,22.147,OK,139,692,0,ok,1,0.9653,0.0189,0,22.712
27060,2196,1994-07-08,91.205,PERF,P,P,P,P,P,P,P,P,P,P,9834,676,1997,23.716,OK,138,676,0,ok,1,0.9653,0.0189,0,22.549
27061,2196,1994-07-08,91.207,PERF,P,P,P,P,P,P,P,P,P,P,9619,709,2018,23.966,OK,125,709,0,ok,1,0.9653,0.0189,0,20.425
27062,2196,1994-07-08,91.208,PERF,P,P,P,P,P,P,P,P,P,P,9578,728,2153,25.57,OK,160,727,0,ok,1,0.9653,0.0189,0,26.143
27063,2196,1994-07-08,91.209,PERF,P,P,P,P,P,P,P,P,P,P,9485,721,2138,25.392,OK,134,722,0,ok,1,0.9653,0.0189,0,21.895
27064,2196,1994-07-08,91.209,PERF,P,P,P,P,P,P,P,P,P,P,9218,746,2133,25.333,OK,138,746,0,ok,1,0.9653,0.0189,0,22.549
27065,2196,1994-07-08,91.209,PERF,P,P,P,P,P,P,P,P,P,P,7156,511,1485,17.637,OK,136,603,1,truncated_counters,0,0.9653,0.0189,0,22.222
27066,2196,1994-07-08,91.209,PERF,P,P,P,P,P,P,P,P,P,P,8904,767,2079,24.691,OK,158,765,0,ok,1,0.9653,0.0189,0,25.817
27067,2196,1994-07-08,91.208,PERF,P,P,P,P,P,P,P,P,P,P,8783,659,1711,20.321,OK,151,797,1,truncated_counters,0,0.9653,0.0189,0,24.673
27068,2196,1994-07-08,91.208,PERF,P,P,P,P,P,P,P,P,P,P,9297,729,2295,27.257,OK,155,731,0,ok,1,0.9653,0.0189,0,25.326
27069,2196,1994-07-09,91.208,PERF,P,P,P,P,P,P,P,P,P,P,8851,778,2197,26.092,OK,151,778,0,ok,1,0.9653,0.0189,0,24.673
27070,2196,1994-07-09,91.208,PERF,P,P,P,P,P,P,P,P,P,P,8983,777,2246,26.674,OK,146,777,0,ok,1,0.9653,0.0189,0,23.856
27071,2196,1994-07-09,91.208,PERF,P,P,P,P,P,P,P,P,P,P,9012,780,2334,27.72,OK,141,781,0,ok,1,0.9653,0.0189,0,23.039
27072,2196,1994-07-09,91.209,PERF,P,P,P,P,P,P,P,P,P,P,8603,798,2125,25.238,OK,161,797,0,ok,1,0.9653,0.0189,0,26.307
27073,2196,1994-07-09,91.21,PERF,P,P,P,P,P,P,P,P,P,P,9005,767,2309,27.424,OK,160,768,0,ok,1,0.9653,0.0189,0,26.143
27074,2196,1994-07-09,91.211,PERF,P,P,P,P,P,P,P,P,P,P,8898,779,2294,27.246,OK,156,779,0,ok,1,0.9653,0.0189,0,25.490
27075,2196,1994-07-09,91.212,PERF,P,P,P,P,P,P,P,P,P,P,9101,736,2173,25.81,OK,150,735,0,ok,1,0.9653,0.0189,0,24.510
27076,2196,1994-07-09,91.213,PERF,P,P,P,P,P,P,P,P,P,P,9019,745,2139,25.406,OK,173,749,0,ok,1,0.9653,0.0189,0,28.268
27077,2196,1994-07-09,91.213,PERF,P,P,P,P,P,P,P,P,P,P,6198,518,1490,17.698,OK,108,518,0,ok,1,0.9653,0.0189,0,17.647
27079,2197,1994-07-09,91.197,PERF,P,P,P,P,P,P,P,P,P,P,10240,675,1923,22.832,OK,162,674,0,ok,1,0.9864,0.0192,0,26.470
27080,2197,1994-07-09,91.196,PERF,P,P,P,P,P,P,P,P,P,P,3251,225,690,8.192,OK,49,224,0,ok,1,0.9864,0.0192,0,8.006
27081,2197,1994-07-09,91.195,PERF,P,P,P,P,P,P,P,P,P,P,9853,697,2115,25.111,OK,142,699,0,ok,1,0.9864,0.0192,0,23.202
27082,2197,1994-07-09,91.196,PERF,P,P,P,P,P,P,P,P,P,P,9842,678,1838,21.822,OK,133,678,0,ok,1,0.9864,0.0192,0,21.732
27083,2197,1994-07-09,91.196,PERF,P,P,P,P,P,P,P,P,P,P,10038,700,2026,24.054,OK,133,701,0,ok,1,0.9864,0.0192,0,21.732
27084,2197,1994-07-09,91.195,PERF,P,P,P,P,P,P,P,P,P,P,9143,756,2078,24.671,OK,132,757,0,ok,1,0.9864,0.0192,0,21.568
27085,2197,1994-07-09,91.196,PERF,P,P,P,P,P,P,P,P,P,P,9550,739,2226,26.429,OK,173,740,0,ok,1,0.9864,0.0192,0,28.268
27086,2197,1994-07-09,91.196,PERF,P,P,P,P,P,P,P,P,P,P,9440,739,2191,26.013,OK,158,739,0,ok,1,0.9864,0.0192,0,25.817
27087,2197,1994-07-09,91.195,PERF,P,P,P,P,P,P,P,P,P,P,9456,741,2090,24.813,OK,144,740,0,ok,1,0.9864,0.0192,0,23.529
27088,2197,1994-07-09,91.199,PERF,P,P,P,P,P,P,P,P,P,P,9049,764,1942,23.058,OK,154,763,0,ok,1,0.9864,0.0192,0,25.163
27089,2197,1994-07-09,91.201,PERF,P,P,P,P,P,P,P,P,P,P,9395,763,2161,25.66,OK,146,766,0,ok,1,0.9864,0.0192,0,23.856
27090,2197,1994-07-09,91.203,PERF,P,P,P,P,P,P,P,P,P,P,9228,729,2135,25.352,OK,157,729,0,ok,1,0.9864,0.0192,0,25.653
27091,2197,1994-07-09,91.206,PERF,P,P,P,P,P,P,P,P,P,P,9272,739,2136,25.366,OK,141,741,0,ok,1,0.9864,0.0192,0,23.039
27092,2197,1994-07-09,91.208,PERF,P,P,P,P,P,P,P,P,P,P,7060,504,1628,19.334,OK,122,504,0,ok,1,0.9864,0.0192,0,19.934
27093,2197,1994-07-09,91.213,PERF,P,P,P,P,P,P,P,P,P,P,9093,745,1970,23.398,OK,143,746,0,ok,1,0.9864,0.0192,0,23.366
27094,2197,1994-07-09,91.214,PERF,P,P,P,P,P,P,P,P,P,P,9508,711,2014,23.921,OK,145,709,0,ok,1,0.9864,0.0192,0,23.693
27095,2197,1994-07-09,91.214,PERF,P,P,P,P,P,P,P,P,P,P,9450,693,1972,23.422,OK,140,693,0,ok,1,0.9864,0.0192,0,22.876
27096,2197,1994-07-09,91.214,PERF,P,P,P,P,P,P,P,P,P,P,9204,695,2013,23.909,OK,146,695,0,ok,1,0.9864,0.0192,0,23.856
27097,2197,1994-07-09,91.212,PERF,P,P,P,P,P,P,P,P,P,P,9496,702,2149,25.523,OK,147,704,0,ok,1,0.9864,0.0192,0,24.019
27098,2197,1994-07-10,91.21,PERF,P,P,P,P,P,P,P,P,P,P,9213,689,2057,24.43,OK,154,688,0,ok,1,0.9864,0.0192,0,25.163
27101,2199,1994-07-10,91.206,PERF,P,P,P,P,P,P,P,P,P,P,10465,635,1850,21.965,OK,101,636,0,ok,1,0.9391,0.0259,0,16.503
27102,2199,1994-07-10,91.208,PERF,P,P,P,P,P,P,P,P,P,P,9802,698,2031,24.115,OK,149,697,0,ok,1,0.9391,0.0259,0,24.346
27103,2199,1994-07-10,91.209,PERF,P,P,P,P,P,P,P,P,P,P,9282,745,2005,23.807,OK,136,745,0,ok,1,0.9391,0.0259,0,22.222
27104,2199,1994-07-10,91.209,PERF,P,P,P,P,P,P,P,P,P,P,9572,735,2173,25.801,OK,131,737,0,ok,1,0.9391,0.0259,0,21.405
27105,2199,1994-07-10,91.209,PERF,P,P,P,P,P,P,P,P,P,P,9378,741,2128,25.267,OK,155,741,0,ok,1,0.9391,0.0259,0,25.326
27106,2199,1994-07-10,91.208,PERF,P,P,P,P,P,P,P,P,P,P,9290,754,2055,24.4,OK,142,754,0,ok,1,0.9391,0.0259,0,23.202
27107,2199,1994-07-10,91.207,PERF,P,P,P,P,P,P,P,P,P,P,9254,753,2056,24.411,OK,134,754,0,ok,1,0.9391,0.0259,0,21.895
27108,2199,1994-07-10,91.205,PERF,P,P,P,P,P,P,P,P,P,P,9281,738,2204,26.167,OK,157,739,0,ok,1,0.9391,0.0259,0,25.653
27109,2199,1994-07-10,91.203,PERF,P,P,P,P,P,P,P,P,P,P,9244,748,2120,25.169,OK,146,748,0,ok,1,0.9391,0.0259,0,23.856
27110,2199,1994-07-10,91.202,PERF,P,P,P,P,P,P,P,P,P,P,8815,738,1967,23.352,OK,154,743,0,ok,1,0.9391,0.0259,0,25.163
27114,2200,1994-07-10,91.19,PERF,P,P,P,P,P,P,P,P,P,P,10179,664,1891,22.444,OK,131,664,0,ok,1,0.9914,0.0190,0,21.405
27115,2200,1994-07-10,91.191,PERF,P,P,P,P,P,P,P,P,P,P,10281,684,2018,23.951,OK,161,684,0,ok,1,0.9914,0.0190,0,26.307
27116,2200,1994-07-10,91.193,PERF,P,P,P,P,P,P,P,P,P,P,10304,705,2049,24.32,OK,162,705,0,ok,1,0.9914,0.0190,0,26.470
27117,2200,1994-07-10,91.194,PERF,P,P,P,P,P,P,P,P,P,P,9998,713,2044,24.261,OK,159,713,0,ok,1,0.9914,0.0190,0,25.980
27118,2200,1994-07-10,91.195,PERF,P,P,P,P,P,P,P,P,P,P,9818,726,2042,24.238,OK,145,726,0,ok,1,0.9914,0.0190,0,23.693
27119,2200,1994-07-10,91.196,PERF,P,P,P,P,P,P,P,P,P,P,9777,704,2015,23.919,OK,135,704,0,ok,1,0.9914,0.0190,0,22.059
27120,2200,1994-07-10,91.198,PERF,P,P,P,P,P,P,P,P,P,P,9648,727,1987,23.587,OK,164,728,0,ok,1,0.9914,0.0190,0,26.797
27121,2200,1994-07-10,91.2,PERF,P,P,P,P,P,P,P,P,P,P,9743,696,2052,24.359,OK,129,695,0,ok,1,0.9914,0.0190,0,21.078
27122,2200,1994-07-10,91.201,PERF,P,P,P,P,P,P,P,P,P,P,4713,267,847,10.055,OK,59,267,0,ok,1,0.9914,0.0190,0,9.640
27123,2200,1994-07-10,91.205,PERF,P,P,P,P,P,P,P,P,P,P,9451,707,2031,24.113,OK,150,708,0,ok,1,0.9914,0.0190,0,24.510
27124,2200,1994-07-10,91.206,PERF,P,P,P,P,P,P,P,P,P,P,9328,709,1965,23.33,OK,123,709,0,ok,1,0.9914,0.0190,0,20.098
27125,2200,1994-07-10,91.207,PERF,P,P,P,P,P,P,P,P,P,P,9506,698,1992,23.651,OK,150,697,0,ok,1,0.9914,0.0190,0,24.510
27126,2200,1994-07-10,91.208,PERF,P,P,P,P,P,P,P,P,P,P,9763,647,1815,21.55,OK,162,660,0,ok,1,0.9914,0.0190,0,26.470
27127,2200,1994-07-10,91.209,PERF,P,P,P,P,P,P,P,P,P,P,9977,684,2023,24.02,OK,139,686,0,ok,1,0.9914,0.0190,0,22.712
27128,2200,1994-07-10,91.21,PERF,P,P,P,P,P,P,P,P,P,P,9675,668,1936,22.988,OK,126,667,0,ok,1,0.9914,0.0190,0,20.588
27129,2200,1994-07-10,91.21,PERF,P,P,P,P,P,P,P,P,P,P,9703,667,2027,24.068,OK,142,667,0,ok,1,0.9914,0.0190,0,23.202
27130,2200,1994-07-10,91.21,PERF,P,P,P,P,P,P,P,P,P,P,9795,672,1968,23.367,OK,138,672,0,ok,1,0.9914,0.0190,0,22.549
27131,2200,1994-07-10,91.209,PERF,P,P,P,P,P,P,P,P,P,P,9675,644,1968,23.367,OK,140,643,0,ok,1,0.9914,0.0190,0,22.876
27132,2200,1994-07-11,91.208,PERF,P,P,P,P,P,P,P,P,P,P,9280,704,2078,24.673,OK,145,703,0,ok,1,0.9914,0.0190,0,23.693
27133,2200,1994-07-11,91.207,PERF,P,P,P,P,P,P,P,P,P,P,8865,704,1945,23.093,OK,125,704,0,ok,1,0.9914,0.0190,0,20.425
27134,2200,1994-07-11,91.207,PERF,P,P,P,P,P,P,P,P,P,P,9158,649,2010,23.865,OK,147,652,0,ok,1,0.9914,0.0190,0,24.019
27136,2201,1994-07-11,91.202,PERF,P,P,P,P,P,P,P,P,P,P,10711,663,1802,21.392,OK,136,663,0,ok,1,1.0186,0.0214,0,22.222
27137,2201,1994-07-11,91.202,PERF,P,P,P,P,P,P,P,P,P,P,10342,652,1899,22.544,OK,128,653,0,ok,1,1.0186,0.0214,0,20.915
27138,2201,1994-07-11,91.204,PERF,P,P,P,P,P,P,P,P,P,P,10515,636,1825,21.666,OK,119,635,0,ok,1,1.0186,0.0214,0,19.444
27139,2201,1994-07-11,91.206,PERF,P,P,P,P,P,P,P,P,P,P,10432,649,1894,22.486,OK,135,649,0,ok,1,1.0186,0.0214,0,22.059
27140,2201,1994-07-11,91.208,PERF,P,P,P,P,P,P,P,P,P,P,10118,662,1854,22.012,OK,146,663,0,ok,1,1.0186,0.0214,0,23.856
27141,2201,1994-07-11,91.209,PERF,P,P,P,P,P,P,P,P,P,P,10788,599,1662,19.733,OK,117,621,0,ok,1,1.0186,0.0214,0,19.117
27142,2201,1994-07-11,91.21,PERF,P,P,P,P,P,P,P,P,P,P,9671,672,1684,19.995,OK,144,673,0,ok,1,1.0186,0.0214,0,23.529
27143,2201,1994-07-11,91.211,PERF,P,P,P,P,P,P,P,P,P,P,10361,655,1991,23.64,OK,144,657,0,ok,1,1.0186,0.0214,0,23.529
27144,2201,1994-07-11,91.212,PERF,P,P,P,P,P,P,P,P,P,P,10575,617,1921,22.81,OK,135,616,0,ok,1,1.0186,0.0214,0,22.059
27145,2201,1994-07-11,91.212,PERF,P,P,P,P,P,P,P,P,P,P,9946,633,1681,19.96,OK,125,633,0,ok,1,1.0186,0.0214,0,20.425
27146,2201,1994-07-11,91.212,PERF,P,P,P,P,P,P,P,P,P,P,10068,642,1840,21.848,OK,131,642,0,ok,1,1.0186,0.0214,0,21.405
27147,2201,1994-07-11,91.212,PERF,P,P,P,P,P,P,P,P,P,P,9979,662,1798,21.349,OK,140,662,0,ok,1,1.0186,0.0214,0,22.876
27148,2201,1994-07-11,91.211,PERF,P,P,P,P,P,P,P,P,P,P,10065,658,1849,21.954,OK,137,658,0,ok,1,1.0186,0.0214,0,22.385
27149,2201,1994-07-11,91.21,PERF,P,P,P,P,P,P,P,P,P,P,9545,690,1846,21.919,OK,132,691,0,ok,1,1.0186,0.0214,0,21.568
27150,2201,1994-07-11,91.209,PERF,P,P,P,P,P,P,P,P,P,P,10103,647,1861,22.096,OK,124,647,0,ok,1,1.0186,0.0214,0,20.261
27151,2201,1994-07-11,91.207,PERF,P,P,P,P,P,P,P,P,P,P,10561,608,1799,21.359,OK,144,610,0,ok,1,1.0186,0.0214,0,23.529
27152,2201,1994-07-11,91.205,PERF,P,P,P,P,P,P,P,P,P,P,9759,651,1815,21.548,OK,147,651,0,ok,1,1.0186,0.0214,0,24.019
27153,2201,1994-07-11,91.203,PERF,P,P,P,P,P,P,P,P,P,P,9716,655,1944,23.078,OK,156,657,0,ok,1,1.0186,0.0214,0,25.490
27166,2202,1994-07-11,91.205,PERF,P,P,P,P,P,P,P,P,P,P,10131,662,1884,22.371,OK,120,661,0,ok,1,0.9880,0.0189,0,19.608
27168,2202,1994-07-11,91.206,PERF,P,P,P,P,P,P,P,P,P,P,9930,716,2152,25.554,OK,144,715,0,ok,1,0.9880,0.0189,0,23.529
27169,2202,1994-07-11,91.207,PERF,P,P,P,P,P,P,P,P,P,P,9832,706,1973,23.429,OK,148,706,0,ok,1,0.9880,0.0189,0,24.183
27170,2202,1994-07-11,91.207,PERF,P,P,P,P,P,P,P,P,P,P,9588,726,1938,23.014,OK,146,726,0,ok,1,0.9880,0.0189,0,23.856
27171,2202,1994-07-11,91.207,PERF,P,P,P,P,P,P,P,P,P,P,9863,722,2020,23.987,OK,152,722,0,ok,1,0.9880,0.0189,0,24.836
27172,2202,1994-07-11,91.207,PERF,P,P,P,P,P,P,P,P,P,P,9656,743,2105,24.997,OK,167,743,0,ok,1,0.9880,0.0189,0,27.287
27173,2202,1994-07-11,91.206,PERF,P,P,P,P,P,P,P,P,P,P,9960,719,2116,25.127,OK,167,720,0,ok,1,0.9880,0.0189,0,27.287
27174,2202,1994-07-12,91.206,PERF,P,P,P,P,P,P,P,P,P,P,9337,731,2084,24.747,OK,132,731,0,ok,1,0.9880,0.0189,0,21.568
27175,2202,1994-07-12,91.205,PERF,P,P,P,P,P,P,P,P,P,P,9113,719,2002,23.772,OK,169,720,0,ok,1,0.9880,0.0189,0,27.614
27176,2202,1994-07-12,91.204,PERF,P,P,P,P,P,P,P,P,P,P,9549,733,2098,24.912,OK,158,733,0,ok,1,0.9880,0.0189,0,25.817
27177,2202,1994-07-12,91.203,PERF,P,P,P,P,P,P,P,P,P,P,9222,738,2095,24.876,OK,154,737,0,ok,1,0.9880,0.0189,0,25.163
27178,2202,1994-07-12,91.203,PERF,P,P,P,P,P,P,P,P,P,P,9181,754,2036,24.175,OK,151,754,0,ok,1,0.9880,0.0189,0,24.673
27179,2202,1994-07-12,91.202,PERF,P,P,P,P,P,P,P,P,P,P,9148,757,2001,23.759,OK,132,757,0,ok,1,0.9880,0.0189,0,21.568
27180,2202,1994-07-12,91.202,PERF,P,P,P,P,P,P,P,P,P,P,8961,776,2044,24.27,OK,159,776,0,ok,1,0.9880,0.0189,0,25.980
27181,2202,1994-07-12,91.202,PERF,P,P,P,P,P,P,P,P,P,P,9386,764,2179,25.873,OK,146,764,0,ok,1,0.9880,0.0189,0,23.856
27182,2202,1994-07-12,91.203,PERF,P,P,P,P,P,P,P,P,P,P,9331,724,2207,26.206,OK,156,724,0,ok,1,0.9880,0.0189,0,25.490
27183,2202,1994-07-12,91.204,PERF,P,P,P,P,P,P,P,P,P,P,8942,750,2034,24.152,OK,134,749,0,ok,1,0.9880,0.0189,0,21.895
27184,2202,1994-07-12,91.205,PERF,P,P,P,P,P,P,P,P,P,P,9185,737,2144,25.458,OK,143,737,0,ok,1,0.9880,0.0189,0,23.366
27185,2202,1994-07-12,91.205,PERF,P,P,P,P,P,P,P,P,P,P,9577,681,2086,24.77,OK,141,681,0,ok,1,0.9880,0.0189,0,23.039
27186,2202,1994-07-12,91.206,PERF,P,P,P,P,P,P,P,P,P,P,7604,566,1554,18.453,OK,107,566,0,ok,1,0.9880,0.0189,0,17.483
27193,2203,1994-07-12,91.198,PERF,P,P,P,P,P,P,P,P,P,P,10225,680,1872,22.228,OK,150,683,0,ok,1,1.0068,0.0190,0,24.510
27194,2203,1994-07-12,91.198,PERF,P,P,P,P,P,P,P,P,P,P,10031,726,2029,24.092,OK,140,727,0,ok,1,1.0068,0.0190,0,22.876
27195,2203,1994-07-12,91.197,PERF,P,P,P,P,P,P,P,P,P,P,9846,684,1926,22.868,OK,130,683,0,ok,1,1.0068,0.0190,0,21.242
27196,2203,1994-07-12,91.197,PERF,P,P,P,P,P,P,P,P,P,P,10198,687,1954,23.2,OK,170,687,0,ok,1,1.0068,0.0190,0,27.777
27197,2203,1994-07-12,91.196,PERF,P,P,P,P,P,P,P,P,P,P,10032,718,2072,24.601,OK,148,718,0,ok,1,1.0068,0.0190,0,24.183
27198,2203,1994-07-12,91.196,PERF,P,P,P,P,P,P,P,P,P,P,9318,742,1949,23.141,OK,160,741,0,ok,1,1.0068,0.0190,0,26.143
27199,2203,1994-07-12,91.195,PERF,P,P,P,P,P,P,P,P,P,P,9479,721,2073,24.613,OK,152,719,0,ok,1,1.0068,0.0190,0,24.836
27200,2203,1994-07-12,91.195,PERF,P,P,P,P,P,P,P,P,P,P,9558,714,2019,23.971,OK,175,716,0,ok,1,1.0068,0.0190,0,28.594
27201,2203,1994-07-12,91.195,PERF,P,P,P,P,P,P,P,P,P,P,10035,662,1882,22.345,OK,135,660,0,ok,1,1.0068,0.0190,0,22.059
27202,2203,1994-07-12,91.196,PERF,P,P,P,P,P,P,P,P,P,P,9570,703,2009,23.853,OK,134,703,0,ok,1,1.0068,0.0190,0,21.895
27203,2203,1994-07-12,91.198,PERF,P,P,P,P,P,P,P,P,P,P,9584,698,2020,23.984,OK,140,698,0,ok,1,1.0068,0.0190,0,22.876
27204,2203,1994-07-12,91.199,PERF,P,P,P,P,P,P,P,P,P,P,9626,685,1909,22.667,OK,161,684,0,ok,1,1.0068,0.0190,0,26.307
27205,2203,1994-07-12,91.201,PERF,P,P,P,P,P,P,P,P,P,P,9502,717,1998,23.725,OK,122,717,0,ok,1,1.0068,0.0190,0,19.934
27206,2203,1994-07-12,91.203,PERF,P,P,P,P,P,P,P,P,P,P,9224,729,1996,23.703,OK,157,729,0,ok,1,1.0068,0.0190,0,25.653
27207,2203,1994-07-12,91.205,PERF,P,P,P,P,P,P,P,P,P,P,9433,705,2171,25.782,OK,157,705,0,ok,1,1.0068,0.0190,0,25.653
27208,2203,1994-07-12,91.207,PERF,P,P,P,P,P,P,P,P,P,P,9200,693,1985,23.574,OK,140,692,0,ok,1,1.0068,0.0190,0,22.876
27209,2203,1994-07-12,91.208,PERF,P,P,P,P,P,P,P,P,P,P,9124,735,1991,23.646,OK,133,735,0,ok,1,1.0068,0.0190,0,21.732
27210,2203,1994-07-12,91.206,PERF,P,P,P,P,P,P,P,P,P,P,9368,752,2192,26.032,OK,153,752,0,ok,1,1.0068,0.0190,0,25.000
27211,2203,1994-07-12,91.207,PERF,P,P,P,P,P,P,P,P,P,P,9128,743,2179,25.878,OK,160,741,0,ok,1,1.0068,0.0190,0,26.143
27212,2203,1994-07-12,91.206,PERF,P,P,P,P,P,P,P,P,P,P,8866,735,2074,24.63,OK,146,736,0,ok,1,1.0068,0.0190,0,23.856
27213,2203,1994-07-13,91.204,PERF,P,P,P,P,P,P,P,P,P,P,4755,363,1071,12.719,OK,64,363,0,ok,1,1.0068,0.0190,0,10.457
27215,2204,1994-07-13,91.195,PERF,P,P,P,P,P,P,P,P,P,P,11200,272,740,8.787,OK,75,272,0,ok,1,1.3946,0.1690,0,12.255
27231,2206,1994-07-13,91.188,PERF,P,P,P,P,P,P,P,P,P,P,10214,601,1701,20.193,OK,140,618,0,ok,1,0.9794,0.0211,0,22.876
27232,2206,1994-07-13,91.191,PERF,P,P,P,P,P,P,P,P,P,P,10103,671,1880,22.319,OK,147,672,0,ok,1,0.9794,0.0211,0,24.019
27235,2206,1994-07-13,91.193,PERF,P,P,P,P,P,P,P,P,P,P,9492,715,1949,23.139,OK,139,715,0,ok,1,0.9794,0.0211,0,22.712
27236,2206,1994-07-13,91.195,PERF,P,P,P,P,P,P,P,P,P,P,9554,710,2084,24.743,OK,130,708,0,ok,1,0.9794,0.0211,0,21.242
27237,2206,1994-07-13,91.196,PERF,P,P,P,P,P,P,P,P,P,P,9240,744,2012,23.889,OK,120,744,0,ok,1,0.9794,0.0211,0,19.608
27238,2206,1994-07-13,91.198,PERF,P,P,P,P,P,P,P,P,P,P,9008,734,1972,23.415,OK,130,735,0,ok,1,0.9794,0.0211,0,21.242
27239,2206,1994-07-13,91.2,PERF,P,P,P,P,P,P,P,P,P,P,9266,741,1987,23.594,OK,153,740,0,ok,1,0.9794,0.0211,0,25.000
27240,2206,1994-07-13,91.202,PERF,P,P,P,P,P,P,P,P,P,P,9394,690,2008,23.844,OK,162,690,0,ok,1,0.9794,0.0211,0,26.470
27241,2206,1994-07-13,91.203,PERF,P,P,P,P,P,P,P,P,P,P,9109,731,2184,25.935,OK,161,732,0,ok,1,0.9794,0.0211,0,26.307
27242,2206,1994-07-13,91.204,PERF,P,P,P,P,P,P,P,P,P,P,9134,766,2025,24.047,OK,154,764,0,ok,1,0.9794,0.0211,0,25.163
27243,2206,1994-07-13,91.205,PERF,P,P,P,P,P,P,P,P,P,P,3022,226,680,8.075,OK,56,226,0,ok,1,0.9794,0.0211,0,9.150
27244,2206,1994-07-13,91.144,MAYB,P,P,P,P,D,P,P,P,P,P,8491,18,64,0.76,OK,127,664,1,flags,0,0.9794,0.0211,0,20.751
27247,2206,1994-07-14,91.144,MAYB,P,P,P,P,D,P,P,P,P,P,8645,43,146,1.734,OK,151,777,1,flags,0,0.9794,0.0211,0,24.673
27248,2206,1994-07-14,91.144,MAYB,P,P,P,P,D,P,P,P,P,P,4278,227,647,7.682,OK,81,353,1,flags,0,0.9794,0.0211,0,13.235
27249,2206,1994-07-14,91.202,PERF,P,P,P,P,P,P,P,P,P,P,8865,736,2050,24.343,OK,144,735,0,ok,1,0.9794,0.0211,0,23.529
27250,2206,1994-07-14,91.201,PERF,P,P,P,P,P,P,P,P,P,P,8677,741,2073,24.616,OK,147,742,0,ok,1,0.9794,0.0211,0,24.019
27251,2206,1994-07-14,91.2,PERF,P,P,P,P,P,P,P,P,P,P,8873,710,2139,25.399,OK,153,711,0,ok,1,0.9794,0.0211,0,25.000
27252,2206,1994-07-14,91.197,PERF,P,P,P,P,P,P,P,P,P,P,8697,696,1893,22.476,OK,116,696,0,ok,1,0.9794,0.0211,0,18.954
27253,2206,1994-07-14,91.198,PERF,P,P,P,P,P,P,P,P,P,P,8830,712,2098,24.911,OK,122,712,0,ok,1,0.9794,0.0211,0,19.934
27254,2206,1994-07-14,91.202,PERF,P,P,P,P,P,P,P,P,P,P,7272,546,1611,19.13,OK,128,545,0,ok,1,0.9794,0.0211,0,20.915
27259,2207,1994-07-14,91.19,PERF,P,P,P,P,P,P,P,P,P,P,10579,669,1961,23.269,OK,149,669,0,ok,1,0.9492,0.0479,0,24.346
27260,2207,1994-07-14,91.191,PERF,P,P,P,P,P,P,P,P,P,P,10359,605,1728,20.505,OK,124,706,1,truncated_counters,0,0.9492,0.0479,0,20.261
27261,2207,1994-07-14,91.192,PERF,P,P,P,P,P,P,P,P,P,P,7888,570,1586,18.82,OK,107,569,0,ok,1,0.9492,0.0479,0,17.483
27263,2207,1994-07-14,91.193,PERF,P,P,P,P,P,P,P,P,P,P,6434,417,1153,13.682,OK,74,429,0,ok,1,0.9492,0.0479,0,12.091
27265,2207,1994-07-14,91.195,PERF,P,P,P,P,P,P,P,P,P,P,7677,477,1378,16.353,OK,89,477,0,ok,1,0.9492,0.0479,0,14.542
27275,2209,1994-07-15,91.187,PERF,P,P,P,P,P,P,P,P,P,P,9583,627,1692,20.085,OK,152,627,0,ok,1,1.0169,0.0200,0,24.836
27276,2209,1994-07-15,91.187,PERF,P,P,P,P,P,P,P,P,P,P,9044,694,1774,21.058,OK,110,692,0,ok,1,1.0169,0.0200,0,17.974
27277,2209,1994-07-15,91.188,PERF,P,P,P,P,P,P,P,P,P,P,8785,626,1782,21.154,OK,146,625,0,ok,1,1.0169,0.0200,0,23.856
27278,2209,1994-07-15,91.19,PERF,P,P,P,P,P,P,P,P,P,P,10045,744,2195,26.057,OK,157,744,0,ok,1,1.0169,0.0200,0,25.653
27279,2209,1994-07-15,91.192,PERF,P,P,P,P,P,P,P,P,P,P,9769,730,2151,25.536,OK,149,731,0,ok,1,1.0169,0.0200,0,24.346
27280,2209,1994-07-15,91.192,PERF,P,P,P,P,P,P,P,P,P,P,9625,713,2121,25.18,OK,154,712,0,ok,1,1.0169,0.0200,0,25.163
27281,2209,1994-07-15,91.193,PERF,P,P,P,P,P,P,P,P,P,P,9447,732,2028,24.076,OK,162,733,0,ok,1,1.0169,0.0200,0,26.470
27282,2209,1994-07-15,91.194,PERF,P,P,P,P,P,P,P,P,P,P,9121,777,2042,24.243,OK,166,777,0,ok,1,1.0169,0.0200,0,27.124
27283,2209,1994-07-15,91.196,PERF,P,P,P,P,P,P,P,P,P,P,9334,772,2191,26.013,OK,167,773,0,ok,1,1.0169,0.0200,0,27.287
27284,2209,1994-07-15,91.197,PERF,P,P,P,P,P,P,P,P,P,P,9134,749,2090,24.814,OK,157,751,0,ok,1,1.0169,0.0200,0,25.653
27285,2209,1994-07-15,91.198,PERF,P,P,P,P,P,P,P,P,P,P,8586,677,1740,20.659,OK,116,679,0,ok,1,1.0169,0.0200,0,18.954
27286,2209,1994-07-15,91.199,PERF,P,P,P,P,P,P,P,P,P,P,8770,547,1536,18.238,OK,109,549,0,ok,1,1.0169,0.0200,0,17.810
27287,2209,1994-07-15,91.201,PERF,P,P,P,P,P,P,P,P,P,P,9130,760,2077,24.662,OK,153,759,0,ok,1,1.0169,0.0200,0,25.000
27288,2209,1994-07-15,91.202,PERF,P,P,P,P,P,P,P,P,P,P,9409,782,2177,25.85,OK,155,782,0,ok,1,1.0169,0.0200,0,25.326
27289,2209,1994-07-15,91.202,PERF,P,P,P,P,P,P,P,P,P,P,8928,775,2083,24.734,OK,168,775,0,ok,1,1.0169,0.0200,0,27.451
27290,2209,1994-07-15,91.203,PERF,P,P,P,P,P,P,P,P,P,P,9221,737,2179,25.874,OK,168,737,0,ok,1,1.0169,0.0200,0,27.451
27291,2209,1994-07-15,91.203,PERF,P,P,P,P,P,P,P,P,P,P,9225,777,2163,25.684,OK,142,775,0,ok,1,1.0169,0.0200,0,23.202
27292,2209,1994-07-15,91.203,PERF,P,P,P,P,P,P,P,P,P,P,8894,792,2121,25.186,OK,147,792,0,ok,1,1.0169,0.0200,0,24.019
27293,2209,1994-07-15,91.203,PERF,P,P,P,P,P,P,P,P,P,P,6695,568,1577,18.726,OK,109,568,0,ok,1,1.0169,0.0200,0,17.810
27316,2217,1994-07-16,91.196,PERF,P,P,P,P,P,P,P,P,P,P,9285,783,2198,26.098,OK,139,782,0,ok,1,0.9678,0.0315,0,22.712
27317,2217,1994-07-16,91.196,PERF,P,P,P,P,P,P,P,P,P,P,3337,276,742,8.81,OK,57,276,0,ok,1,0.9678,0.0315,0,9.314
27319,2217,1994-07-16,91.196,PERF,P,P,P,P,P,P,P,P,P,P,9394,768,2200,26.122,OK,141,768,0,ok,1,0.9678,0.0315,0,23.039
27320,2217,1994-07-16,91.196,PERF,P,P,P,P,P,P,P,P,P,P,9386,780,2230,26.478,OK,142,778,0,ok,1,0.9678,0.0315,0,23.202
27321,2217,1994-07-16,91.197,PERF,P,P,P,P,P,P,P,P,P,P,9239,726,2054,24.389,OK,151,724,0,ok,1,0.9678,0.0315,0,24.673
27322,2217,1994-07-16,91.198,PERF,P,P,P,P,P,P,P,P,P,P,9154,742,2026,24.057,OK,154,743,0,ok,1,0.9678,0.0315,0,25.163
27323,2217,1994-07-16,91.2,PERF,P,P,P,P,P,P,P,P,P,P,9301,736,2144,25.459,OK,175,734,0,ok,1,0.9678,0.0315,0,28.594
27324,2217,1994-07-16,91.201,PERF,P,P,P,P,P,P,P,P,P,P,3226,278,753,8.942,OK,50,278,0,ok,1,0.9678,0.0315,0,8.170
27326,2218,1994-07-17,91.2,PERF,P,P,P,P,P,P,P,P,P,P,9883,737,2061,24.473,OK,132,737,0,ok,1,1.0279,0.0185,0,21.568
27327,2218,1994-07-17,91.198,PERF,P,P,P,P,P,P,P,P,P,P,9567,757,2134,25.339,OK,170,758,0,ok,1,1.0279,0.0185,0,27.777
27328,2218,1994-07-17,91.197,PERF,P,P,P,P,P,P,P,P,P,P,9468,742,2071,24.591,OK,143,742,0,ok,1,1.0279,0.0185,0,23.366
27329,2218,1994-07-17,91.198,PERF,P,P,P,P,P,P,P,P,P,P,9427,778,2136,25.363,OK,173,781,0,ok,1,1.0279,0.0185,0,28.268
27330,2218,1994-07-17,91.198,PERF,P,P,P,P,P,P,P,P,P,P,9417,779,2327,27.631,OK,154,780,0,ok,1,1.0279,0.0185,0,25.163
27331,2218,1994-07-17,91.197,PERF,P,P,P,P,P,P,P,P,P,P,9283,782,2142,25.434,OK,154,782,0,ok,1,1.0279,0.0185,0,25.163
27332,2218,1994-07-17,91.197,PERF,P,P,P,P,P,P,P,P,P,P,9390,780,2172,25.789,OK,150,780,0,ok,1,1.0279,0.0185,0,24.510
27333,2218,1994-07-17,91.196,PERF,P,P,P,P,P,P,P,P,P,P,9096,749,2200,26.121,OK,165,748,0,ok,1,1.0279,0.0185,0,26.960
27334,2218,1994-07-17,91.194,PERF,P,P,P,P,P,P,P,P,P,P,9319,788,2170,25.764,OK,167,790,0,ok,1,1.0279,0.0185,0,27.287
27335,2218,1994-07-17,91.193,PERF,P,P,P,P,P,P,P,P,P,P,9365,764,2170,25.764,OK,166,762,0,ok,1,1.0279,0.0185,0,27.124
27336,2218,1994-07-17,91.192,PERF,P,P,P,P,P,P,P,P,P,P,9064,750,2129,25.276,OK,170,751,0,ok,1,1.0279,0.0185,0,27.777
27337,2218,1994-07-17,91.191,PERF,P,P,P,P,P,P,P,P,P,P,9512,742,2266,26.902,OK,163,740,0,ok,1,1.0279,0.0185,0,26.634
27338,2218,1994-07-17,91.19,PERF,P,P,P,P,P,P,P,P,P,P,9217,769,2180,25.881,OK,158,769,0,ok,1,1.0279,0.0185,0,25.817
27339,2218,1994-07-17,91.19,PERF,P,P,P,P,P,P,P,P,P,P,9145,775,2099,24.919,OK,199,774,0,ok,1,1.0279,0.0185,0,32.516
27340,2218,1994-07-17,91.189,PERF,P,P,P,P,P,P,P,P,P,P,8850,748,2095,24.871,OK,150,747,0,ok,1,1.0279,0.0185,0,24.510
27341,2218,1994-07-17,91.189,PERF,P,P,P,P,P,P,P,P,P,P,8987,758,2071,24.586,OK,167,756,0,ok,1,1.0279,0.0185,0,27.287
27342,2218,1994-07-17,91.189,PERF,P,P,P,P,P,P,P,P,P,P,9419,755,2217,26.32,OK,154,755,0,ok,1,1.0279,0.0185,0,25.163
27343,2218,1994-07-17,91.19,PERF,P,P,P,P,P,P,P,P,P,P,9527,731,2204,26.166,OK,167,731,0,ok,1,1.0279,0.0185,0,27.287
27344,2218,1994-07-17,91.192,PERF,P,P,P,P,P,P,P,P,P,P,9006,747,2091,24.825,OK,151,747,0,ok,1,1.0279,0.0185,0,24.673
27345,2218,1994-07-17,91.195,PERF,P,P,P,P,P,P,P,P,P,P,9236,757,2203,26.157,OK,158,755,0,ok,1,1.0279,0.0185,0,25.817
27346,2218,1994-07-17,91.198,PERF,P,P,P,P,P,P,P,P,P,P,7153,585,1515,17.989,OK,124,584,0,ok,1,1.0279,0.0185,0,20.261
27348,2219,1994-07-17,91.197,PERF,P,P,P,P,P,P,P,P,P,P,10066,743,2211,26.253,OK,171,742,0,ok,1,1.0132,0.0192,0,27.941
27349,2219,1994-07-17,91.198,PERF,P,P,P,P,P,P,P,P,P,P,9935,748,2167,25.731,OK,165,748,0,ok,1,1.0132,0.0192,0,26.960
27350,2219,1994-07-17,91.198,PERF,P,P,P,P,P,P,P,P,P,P,9572,681,1859,22.074,OK,139,751,1,truncated_counters,0,1.0132,0.0192,0,22.712
27351,2219,1994-07-17,91.199,PERF,P,P,P,P,P,P,P,P,P,P,9659,771,2078,24.675,OK,143,771,0,ok,1,1.0132,0.0192,0,23.366
27352,2219,1994-07-17,91.199,PERF,P,P,P,P,P,P,P,P,P,P,9388,768,2198,26.1,OK,155,768,0,ok,1,1.0132,0.0192,0,25.326
27353,2219,1994-07-17,91.2,PERF,P,P,P,P,P,P,P,P,P,P,9254,773,2114,25.103,OK,151,771,0,ok,1,1.0132,0.0192,0,24.673
27354,2219,1994-07-17,91.199,PERF,P,P,P,P,P,P,P,P,P,P,9890,598,1862,22.11,OK,157,728,1,truncated_counters,0,1.0132,0.0192,0,25.653
27355,2219,1994-07-17,91.2,PERF,P,P,P,P,P,P,P,P,P,P,9272,766,2027,24.07,OK,146,765,0,ok,1,1.0132,0.0192,0,23.856
27356,2219,1994-07-17,91.201,PERF,P,P,P,P,P,P,P,P,P,P,9565,767,2184,25.934,OK,161,766,0,ok,1,1.0132,0.0192,0,26.307
27357,2219,1994-07-17,91.201,PERF,P,P,P,P,P,P,P,P,P,P,9197,793,2084,24.747,OK,148,793,0,ok,1,1.0132,0.0192,0,24.183
27358,2219,1994-07-17,91.201,PERF,P,P,P,P,P,P,P,P,P,P,9443,750,2064,24.51,OK,137,750,0,ok,1,1.0132,0.0192,0,22.385
27359,2219,1994-07-17,91.202,PERF,P,P,P,P,P,P,P,P,P,P,9307,759,2116,25.128,OK,166,758,0,ok,1,1.0132,0.0192,0,27.124
27360,2219,1994-07-17,91.203,PERF,P,P,P,P,P,P,P,P,P,P,9548,771,2193,26.042,OK,168,770,0,ok,1,1.0132,0.0192,0,27.451
27361,2219,1994-07-17,91.204,PERF,P,P,P,P,P,P,P,P,P,P,9431,745,2178,25.865,OK,151,744,0,ok,1,1.0132,0.0192,0,24.673
27362,2219,1994-07-18,91.204,PERF,P,P,P,P,P,P,P,P,P,P,8896,777,2083,24.737,OK,144,777,0,ok,1,1.0132,0.0192,0,23.529
27363,2219,1994-07-18,91.205,PERF,P,P,P,P,P,P,P,P,P,P,9087,791,2153,25.568,OK,173,789,0,ok,1,1.0132,0.0192,0,28.268
27364,2219,1994-07-18,91.205,PERF,P,P,P,P,P,P,P,P,P,P,8873,797,2152,25.557,OK,167,797,0,ok,1,1.0132,0.0192,0,27.287
27365,2219,1994-07-18,91.205,PERF,P,P,P,P,P,P,P,P,P,P,9311,745,2229,26.471,OK,185,744,0,ok,1,1.0132,0.0192,0,30.228
27366,2219,1994-07-18,91.204,PERF,P,P,P,P,P,P,P,P,P,P,8838,790,2144,25.461,OK,140,790,0,ok,1,1.0132,0.0192,0,22.876
27367,2219,1994-07-18,91.203,PERF,P,P,P,P,P,P,P,P,P,P,8806,795,2158,25.627,OK,161,793,0,ok,1,1.0132,0.0192,0,26.307
27368,2219,1994-07-18,91.201,PERF,P,P,P,P,P,P,P,P,P,P,8061,696,1938,23.014,OK,148,696,0,ok,1,1.0132,0.0192,0,24.183
27370,2220,1994-07-18,91.191,PERF,P,P,P,P,P,P,P,P,P,P,9777,746,2075,24.634,OK,165,745,0,ok,1,1.0237,0.0200,0,26.960
27371,2220,1994-07-18,91.192,MAYB,P,P,P,P,M,P,P,P,P,P,9617,762,2061,24.468,OK,163,760,0,ok,1,1.0237,0.0200,0,26.634
27372,2220,1994-07-18,91.192,MAYB,P,P,P,P,M,P,P,P,P,P,9343,760,2161,25.656,OK,180,760,0,ok,1,1.0237,0.0200,0,29.411
27373,2220,1994-07-18,91.193,MAYB,P,P,P,P,M,P,P,P,P,P,9576,778,2258,26.808,OK,162,778,0,ok,1,1.0237,0.0200,0,26.470
27374,2220,1994-07-18,91.193,MAYB,P,P,P,P,M,P,P,P,P,P,9286,809,2286,27.141,OK,150,809,0,ok,1,1.0237,0.0200,0,24.510
27375,2220,1994-07-18,91.193,MAYB,P,P,P,P,M,P,P,P,P,P,9234,797,2270,26.951,OK,166,796,0,ok,1,1.0237,0.0200,0,27.124
27376,2220,1994-07-18,91.194,MAYB,P,P,P,P,M,P,P,P,P,P,9145,784,2090,24.814,OK,182,784,0,ok,1,1.0237,0.0200,0,29.738
27377,2220,1994-07-18,91.194,MAYB,P,P,P,P,M,P,P,P,P,P,9514,762,2324,27.592,OK,174,763,0,ok,1,1.0237,0.0200,0,28.431
27378,2220,1994-07-18,91.195,MAYB,P,P,P,P,M,P,P,P,P,P,9116,807,2154,25.574,OK,140,806,0,ok,1,1.0237,0.0200,0,22.876
27379,2220,1994-07-18,91.196,MAYB,P,P,P,P,M,P,P,P,P,P,9019,816,2158,25.622,OK,175,816,0,ok,1,1.0237,0.0200,0,28.594
27380,2220,1994-07-18,91.197,MAYB,P,P,P,P,M,P,P,P,P,P,9459,768,2159,25.635,OK,158,769,0,ok,1,1.0237,0.0200,0,25.817
27381,2220,1994-07-18,91.199,MAYB,P,P,P,P,M,P,P,P,P,P,9553,701,2031,24.116,OK,136,700,0,ok,1,1.0237,0.0200,0,22.222
27382,2220,1994-07-18,91.201,MAYB,P,P,P,P,M,P,P,P,P,P,9344,728,2027,24.07,OK,140,728,0,ok,1,1.0237,0.0200,0,22.876
27383,2220,1994-07-18,91.204,MAYB,P,P,P,P,M,P,P,P,P,P,8877,765,1990,23.632,OK,156,764,0,ok,1,1.0237,0.0200,0,25.490
27384,2220,1994-07-18,91.206,MAYB,P,P,P,P,M,P,P,P,P,P,6239,564,1487,17.659,OK,102,564,0,ok,1,1.0237,0.0200,0,16.666
27385,2220,1994-07-18,91.207,PERF,P,P,P,P,P,P,P,P,P,P,11736,657,1902,22.589,OK,163,680,0,ok,1,1.0237,0.0200,0,26.634
27407,2220,1994-07-18,91.21,PERF,P,P,P,P,P,P,P,P,P,P,9170,733,2107,25.025,OK,135,733,0,ok,1,1.0237,0.0200,0,22.059
27408,2220,1994-07-18,91.209,PERF,P,P,P,P,P,P,P,P,P,P,9191,713,2029,24.098,OK,140,715,0,ok,1,1.0237,0.0200,0,22.876
27409,2220,1994-07-18,91.209,PERF,P,P,P,P,P,P,P,P,P,P,1470,118,284,3.373,OK,29,119,0,ok,1,1.0237,0.0200,0,4.739
27411,2221,1994-07-18,91.199,PERF,P,P,P,P,P,P,P,P,P,P,9733,761,2096,24.885,OK,138,761,0,ok,1,0.9974,0.0200,0,22.549
27412,2221,1994-07-18,91.199,PERF,P,P,P,P,P,P,P,P,P,P,9934,746,2174,25.812,OK,156,746,0,ok,1,0.9974,0.0200,0,25.490
27413,2221,1994-07-18,91.2,PERF,P,P,P,P,P,P,P,P,P,P,9987,777,2224,26.406,OK,158,778,0,ok,1,0.9974,0.0200,0,25.817
27414,2221,1994-07-19,91.2,PERF,P,P,P,P,P,P,P,P,P,P,9918,755,2187,25.967,OK,181,752,0,ok,1,0.9974,0.0200,0,29.575
27415,2221,1994-07-19,91.201,PERF,P,P,P,P,P,P,P,P,P,P,9472,768,2001,23.758,OK,142,769,0,ok,1,0.9974,0.0200,0,23.202
27416,2221,1994-07-19,91.201,PERF,P,P,P,P,P,P,P,P,P,P,9578,754,2084,24.744,OK,146,756,0,ok,1,0.9974,0.0200,0,23.856
27417,2221,1994-07-19,91.202,PERF,P,P,P,P,P,P,P,P,P,P,9950,753,2280,27.072,OK,162,754,0,ok,1,0.9974,0.0200,0,26.470
27418,2221,1994-07-19,91.202,PERF,P,P,P,P,P,P,P,P,P,P,9529,791,2187,25.968,OK,139,791,0,ok,1,0.9974,0.0200,0,22.712
27419,2221,1994-07-19,91.202,PERF,P,P,P,P,P,P,P,P,P,P,9488,780,2252,26.74,OK,177,779,0,ok,1,0.9974,0.0200,0,28.921
27420,2221,1994-07-19,91.202,PERF,P,P,P,P,P,P,P,P,P,P,9419,742,2109,25.042,OK,155,743,0,ok,1,0.9974,0.0200,0,25.326
27421,2221,1994-07-19,91.202,PERF,P,P,P,P,P,P,P,P,P,P,1047,91,241,2.862,OK,13,91,0,ok,1,0.9974,0.0200,0,2.124
27422,2221,1994-07-19,91.202,PERF,P,P,P,P,P,P,P,P,P,P,9232,769,2130,25.291,OK,164,767,0,ok,1,0.9974,0.0200,0,26.797
27423,2221,1994-07-19,91.202,PERF,P,P,P,P,P,P,P,P,P,P,9584,758,2203,26.157,OK,174,759,0,ok,1,0.9974,0.0200,0,28.431
27424,2221,1994-07-19,91.201,PERF,P,P,P,P,P,P,P,P,P,P,9702,749,2075,24.637,OK,155,747,0,ok,1,0.9974,0.0200,0,25.326
27425,2221,1994-07-19,91.2,PERF,P,P,P,P,P,P,P,P,P,P,9425,763,2150,25.527,OK,149,764,0,ok,1,0.9974,0.0200,0,24.346
27426,2221,1994-07-19,91.199,PERF,P,P,P,P,P,P,P,P,P,P,9783,729,2215,26.298,OK,164,727,0,ok,1,0.9974,0.0200,0,26.797
27427,2221,1994-07-19,91.198,PERF,P,P,P,P,P,P,P,P,P,P,4413,327,963,11.433,OK,83,327,0,ok,1,0.9974,0.0200,0,13.562
27428,2221,1994-07-19,91.196,PERF,P,P,P,P,P,P,P,P,P,P,9683,731,2048,24.314,OK,136,730,0,ok,1,0.9974,0.0200,0,22.222
27429,2221,1994-07-19,91.195,PERF,P,P,P,P,P,P,P,P,P,P,5636,427,1164,13.819,OK,74,427,0,ok,1,0.9974,0.0200,0,12.091
27435,2222,1994-07-19,91.185,PERF,P,P,P,P,P,P,P,P,P,P,9742,740,2001,23.749,OK,160,739,0,ok,1,0.9837,0.0171,0,26.143
27436,2222,1994-07-19,91.187,PERF,P,P,P,P,P,P,P,P,P,P,10267,697,2222,26.373,OK,163,698,0,ok,1,0.9837,0.0171,0,26.634
27437,2222,1994-07-19,91.189,PERF,P,P,P,P,P,P,P,P,P,P,9961,735,2060,24.451,OK,143,735,0,ok,1,0.9837,0.0171,0,23.366
27438,2222,1994-07-19,91.19,PERF,P,P,P,P,P,P,P,P,P,P,9890,717,1962,23.289,OK,146,719,0,ok,1,0.9837,0.0171,0,23.856
27439,2222,1994-07-19,91.192,PERF,P,P,P,P,P,P,P,P,P,P,9772,762,2098,24.904,OK,147,761,0,ok,1,0.9837,0.0171,0,24.019
27440,2222,1994-07-19,91.194,PERF,P,P,P,P,P,P,P,P,P,P,9854,733,2170,25.76,OK,168,734,0,ok,1,0.9837,0.0171,0,27.451
27441,2222,1994-07-19,91.195,PERF,P,P,P,P,P,P,P,P,P,P,9891,735,2128,25.262,OK,142,735,0,ok,1,0.9837,0.0171,0,23.202
27442,2222,1994-07-19,91.197,PERF,P,P,P,P,P,P,P,P,P,P,9731,765,2172,25.785,OK,153,766,0,ok,1,0.9837,0.0171,0,25.000
27443,2222,1994-07-19,91.198,PERF,P,P,P,P,P,P,P,P,P,P,9840,749,2078,24.67,OK,162,749,0,ok,1,0.9837,0.0171,0,26.470
27444,2222,1994-07-19,91.199,PERF,P,P,P,P,P,P,P,P,P,P,9808,719,2126,25.24,OK,179,719,0,ok,1,0.9837,0.0171,0,29.248
27445,2222,1994-07-19,91.2,PERF,P,P,P,P,P,P,P,P,P,P,9249,773,2007,23.828,OK,161,773,0,ok,1,0.9837,0.0171,0,26.307
27446,2222,1994-07-19,91.201,PERF,P,P,P,P,P,P,P,P,P,P,9873,719,2256,26.785,OK,147,722,0,ok,1,0.9837,0.0171,0,24.019
27447,2222,1994-07-19,91.202,PERF,P,P,P,P,P,P,P,P,P,P,9598,708,2081,24.708,OK,130,709,0,ok,1,0.9837,0.0171,0,21.242
27448,2222,1994-07-19,91.202,PERF,P,P,P,P,P,P,P,P,P,P,9612,709,2008,23.841,OK,139,708,0,ok,1,0.9837,0.0171,0,22.712
27449,2222,1994-07-19,91.203,PERF,P,P,P,P,P,P,P,P,P,P,9726,745,2137,25.373,OK,138,747,0,ok,1,0.9837,0.0171,0,22.549
27450,2222,1994-07-19,91.203,PERF,P,P,P,P,P,P,P,P,P,P,9505,728,2019,23.972,OK,142,729,0,ok,1,0.9837,0.0171,0,23.202
27451,2222,1994-07-19,91.203,PERF,P,P,P,P,P,P,P,P,P,P,9671,704,2098,24.91,OK,147,704,0,ok,1,0.9837,0.0171,0,24.019
27452,2222,1994-07-19,91.203,PERF,P,P,P,P,P,P,P,P,P,P,9597,727,2079,24.684,OK,153,726,0,ok,1,0.9837,0.0171,0,25.000
27453,2222,1994-07-19,91.202,PERF,P,P,P,P,P,P,P,P,P,P,9512,724,2103,24.969,OK,154,722,0,ok,1,0.9837,0.0171,0,25.163
27454,2222,1994-07-19,91.202,PERF,P,P,P,P,P,P,P,P,P,P,9431,742,2082,24.72,OK,131,742,0,ok,1,0.9837,0.0171,0,21.405
27455,2222,1994-07-19,91.203,PERF,P,P,P,P,P,P,P,P,P,P,9601,724,2135,25.349,OK,152,724,0,ok,1,0.9837,0.0171,0,24.836
27456,2222,1994-07-19,91.203,PERF,P,P,P,P,P,P,P,P,P,P,9322,728,2097,24.898,OK,156,727,0,ok,1,0.9837,0.0171,0,25.490
27457,2222,1994-07-20,91.204,PERF,P,P,P,P,P,P,P,P,P,P,9182,741,2082,24.72,OK,147,742,0,ok,1,0.9837,0.0171,0,24.019
27458,2222,1994-07-20,91.205,PERF,P,P,P,P,P,P,P,P,P,P,6189,436,1316,15.626,OK,79,436,0,ok,1,0.9837,0.0171,0,12.908
27461,2223,1994-07-20,91.199,PERF,P,P,P,P,P,P,P,P,P,P,10811,657,1955,23.209,OK,133,655,0,ok,1,1.0221,0.0192,0,21.732
27463,2223,1994-07-20,91.2,PERF,P,P,P,P,P,P,P,P,P,P,10469,702,2083,24.73,OK,178,701,0,ok,1,1.0221,0.0192,0,29.085
27464,2223,1994-07-20,91.201,PERF,P,P,P,P,P,P,P,P,P,P,9959,627,1735,20.598,OK,124,738,1,truncated_counters,0,1.0221,0.0192,0,20.261
27465,2223,1994-07-20,91.202,PERF,P,P,P,P,P,P,P,P,P,P,10519,706,2164,25.692,OK,152,706,0,ok,1,1.0221,0.0192,0,24.836
27466,2223,1994-07-20,91.202,PERF,P,P,P,P,P,P,P,P,P,P,10042,736,2129,25.277,OK,155,736,0,ok,1,1.0221,0.0192,0,25.326
27467,2223,1994-07-20,91.202,PERF,P,P,P,P,P,P,P,P,P,P,10061,695,2043,24.256,OK,131,695,0,ok,1,1.0221,0.0192,0,21.405
27468,2223,1994-07-20,91.202,PERF,P,P,P,P,P,P,P,P,P,P,9912,736,2047,24.303,OK,158,732,0,ok,1,1.0221,0.0192,0,25.817
27470,2223,1994-07-20,91.201,PERF,P,P,P,P,P,P,P,P,P,P,9694,732,1999,23.732,OK,146,733,0,ok,1,1.0221,0.0192,0,23.856
27471,2223,1994-07-20,91.2,PERF,P,P,P,P,P,P,P,P,P,P,10255,739,2026,24.053,OK,169,739,0,ok,1,1.0221,0.0192,0,27.614
27472,2223,1994-07-20,91.199,PERF,P,P,P,P,P,P,P,P,P,P,11259,655,1835,21.785,OK,164,666,0,ok,1,1.0221,0.0192,0,26.797
27473,2223,1994-07-20,91.198,PERF,P,P,P,P,P,P,P,P,P,P,11224,682,2086,24.764,OK,143,682,0,ok,1,1.0221,0.0192,0,23.366
27475,2223,1994-07-20,91.196,PERF,P,P,P,P,P,P,P,P,P,P,10398,713,2040,24.217,OK,136,712,0,ok,1,1.0221,0.0192,0,22.222
27476,2223,1994-07-20,91.195,PERF,P,P,P,P,P,P,P,P,P,P,9904,718,1993,23.658,OK,168,719,0,ok,1,1.0221,0.0192,0,27.451
27477,2223,1994-07-20,91.194,PERF,P,P,P,P,P,P,P,P,P,P,9933,718,1881,22.328,OK,146,717,0,ok,1,1.0221,0.0192,0,23.856
27478,2223,1994-07-20,91.194,PERF,P,P,P,P,P,P,P,P,P,P,9474,741,1985,23.563,OK,152,741,0,ok,1,1.0221,0.0192,0,24.836
27479,2223,1994-07-20,91.194,PERF,P,P,P,P,P,P,P,P,P,P,9773,719,2157,25.605,OK,151,718,0,ok,1,1.0221,0.0192,0,24.673
27480,2223,1994-07-20,91.195,PERF,P,P,P,P,P,P,P,P,P,P,9770,703,2034,24.145,OK,148,703,0,ok,1,1.0221,0.0192,0,24.183
27481,2223,1994-07-20,91.195,PERF,P,P,P,P,P,P,P,P,P,P,10029,731,2052,24.359,OK,153,731,0,ok,1,1.0221,0.0192,0,25.000
27482,2223,1994-07-20,91.197,PERF,P,P,P,P,P,P,P,P,P,P,9721,743,2087,24.775,OK,153,743,0,ok,1,1.0221,0.0192,0,25.000
27483,2223,1994-07-20,91.199,PERF,P,P,P,P,P,P,P,P,P,P,9538,746,2148,25.501,OK,164,744,0,ok,1,1.0221,0.0192,0,26.797
27484,2223,1994-07-20,91.202,PERF,P,P,P,P,P,P,P,P,P,P,9523,756,2125,25.229,OK,143,756,0,ok,1,1.0221,0.0192,0,23.366
27485,2223,1994-07-20,91.204,PERF,P,P,P,P,P,P,P,P,P,P,927,66,201,2.386,OK,7,66,0,ok,1,1.0221,0.0192,0,1.144
27495,2224,1994-07-20,91.197,PERF,P,P,P,P,P,P,P,P,P,P,10094,726,2042,24.246,OK,144,725,0,ok,1,0.9731,0.0186,0,23.529
27496,2224,1994-07-20,91.196,PERF,P,P,P,P,P,P,P,P,P,P,9855,738,2081,24.708,OK,140,740,0,ok,1,0.9731,0.0186,0,22.876
27497,2224,1994-07-21,91.197,PERF,P,P,P,P,P,P,P,P,P,P,9516,795,2153,25.564,OK,165,794,0,ok,1,0.9731,0.0186,0,26.960
27498,2224,1994-07-21,91.198,PERF,P,P,P,P,P,P,P,P,P,P,9387,754,2161,25.659,OK,161,755,0,ok,1,0.9731,0.0186,0,26.307
27499,2224,1994-07-21,91.198,PERF,P,P,P,P,P,P,P,P,P,P,9503,768,2254,26.764,OK,149,769,0,ok,1,0.9731,0.0186,0,24.346
27500,2224,1994-07-21,91.198,PERF,P,P,P,P,P,P,P,P,P,P,9266,807,2164,25.695,OK,162,806,0,ok,1,0.9731,0.0186,0,26.470
27501,2224,1994-07-21,91.199,PERF,P,P,P,P,P,P,P,P,P,P,9229,778,2133,25.327,OK,161,778,0,ok,1,0.9731,0.0186,0,26.307
27502,2224,1994-07-21,91.2,PERF,P,P,P,P,P,P,P,P,P,P,9813,756,2227,26.444,OK,149,756,0,ok,1,0.9731,0.0186,0,24.346
27503,2224,1994-07-21,91.201,PERF,P,P,P,P,P,P,P,P,P,P,9454,758,2093,24.853,OK,159,758,0,ok,1,0.9731,0.0186,0,25.980
27504,2224,1994-07-21,91.201,PERF,P,P,P,P,P,P,P,P,P,P,9598,754,2176,25.839,OK,145,755,0,ok,1,0.9731,0.0186,0,23.693
27505,2224,1994-07-21,91.202,PERF,P,P,P,P,P,P,P,P,P,P,9435,757,2110,25.056,OK,161,757,0,ok,1,0.9731,0.0186,0,26.307
27506,2224,1994-07-21,91.202,PERF,P,P,P,P,P,P,P,P,P,P,9398,749,2153,25.566,OK,150,749,0,ok,1,0.9731,0.0186,0,24.510
27507,2224,1994-07-21,91.202,PERF,P,P,P,P,P,P,P,P,P,P,9295,739,2021,23.999,OK,155,737,0,ok,1,0.9731,0.0186,0,25.326
27508,2224,1994-07-21,91.202,PERF,P,P,P,P,P,P,P,P,P,P,9384,741,2134,25.341,OK,139,741,0,ok,1,0.9731,0.0186,0,22.712
27509,2224,1994-07-21,91.201,PERF,P,P,P,P,P,P,P,P,P,P,8925,765,2139,25.4,OK,144,765,0,ok,1,0.9731,0.0186,0,23.529
27510,2224,1994-07-21,91.199,PERF,P,P,P,P,P,P,P,P,P,P,8975,784,2212,26.266,OK,137,785,0,ok,1,0.9731,0.0186,0,22.385
27511,2224,1994-07-21,91.197,PERF,P,P,P,P,P,P,P,P,P,P,9112,809,2213,26.276,OK,161,809,0,ok,1,0.9731,0.0186,0,26.307
27512,2224,1994-07-21,91.194,PERF,P,P,P,P,P,P,P,P,P,P,8703,753,2086,24.767,OK,144,753,0,ok,1,0.9731,0.0186,0,23.529
27513,2224,1994-07-21,91.192,PERF,P,P,P,P,P,P,P,P,P,P,3440,289,811,9.628,OK,57,289,0,ok,1,0.9731,0.0186,0,9.314
27514,2224,1994-07-21,91.189,PERF,P,P,P,P,P,P,P,P,P,P,7876,670,1916,22.746,OK,136,670,0,ok,1,0.9731,0.0186,0,22.222
27517,2225,1994-07-21,91.183,PERF,P,P,P,P,P,P,P,P,P,P,10239,698,1822,21.624,OK,129,700,0,ok,1,0.9941,0.0216,0,21.078
27518,2225,1994-07-21,91.183,PERF,P,P,P,P,P,P,P,P,P,P,11052,460,1273,15.109,OK,136,560,1,vetoed_tracking_quality,0,0.9941,0.0216,0,22.222
27519,2225,1994-07-21,91.184,PERF,P,P,P,P,P,P,P,P,P,P,10172,679,1822,21.625,OK,135,679,0,ok,1,0.9941,0.0216,0,22.059
27520,2225,1994-07-21,91.185,PERF,P,P,P,P,P,P,P,P,P,P,9839,651,1836,21.792,OK,142,746,1,truncated_counters,0,0.9941,0.0216,0,23.202
27521,2225,1994-07-21,91.186,PERF,P,P,P,P,P,P,P,P,P,P,9825,757,2110,25.044,OK,175,754,0,ok,1,0.9941,0.0216,0,28.594
27522,2225,1994-07-21,91.187,PERF,P,P,P,P,P,P,P,P,P,P,9790,772,2153,25.556,OK,174,771,0,ok,1,0.9941,0.0216,0,28.431
27523,2225,1994-07-21,91.188,PERF,P,P,P,P,P,P,P,P,P,P,9282,801,2058,24.429,OK,153,801,0,ok,1,0.9941,0.0216,0,25.000
27524,2225,1994-07-21,91.19,PERF,P,P,P,P,P,P,P,P,P,P,6037,451,1340,15.906,OK,104,450,0,ok,1,0.9941,0.0216,0,16.993
27525,2225,1994-07-21,91.191,PERF,P,P,P,P,P,P,P,P,P,P,9642,709,1983,23.54,OK,134,708,0,ok,1,0.9941,0.0216,0,21.895
27526,2225,1994-07-21,91.192,PERF,P,P,P,P,P,P,P,P,P,P,14449,382,1058,12.56,OK,132,431,1,truncated_counters,0,0.9941,0.0216,0,21.568
27527,2225,1994-07-21,91.198,PERF,P,P,P,P,P,P,P,P,P,P,9366,743,2078,24.671,OK,139,743,0,ok,1,0.9941,0.0216,0,22.712
27528,2225,1994-07-21,91.2,PERF,P,P,P,P,P,P,P,P,P,P,9595,733,2045,24.28,OK,145,735,0,ok,1,0.9941,0.0216,0,23.693
27529,2225,1994-07-21,91.202,PERF,P,P,P,P,P,P,P,P,P,P,9726,715,2084,24.744,OK,133,715,0,ok,1,0.9941,0.0216,0,21.732
27530,2225,1994-07-21,91.203,PERF,P,P,P,P,P,P,P,P,P,P,9432,749,2123,25.208,OK,133,749,0,ok,1,0.9941,0.0216,0,21.732
27531,2225,1994-07-21,91.204,PERF,P,P,P,P,P,P,P,P,P,P,9155,782,2037,24.187,OK,160,783,0,ok,1,0.9941,0.0216,0,26.143
27532,2225,1994-07-21,91.203,PERF,P,P,P,P,P,P,P,P,P,P,9555,762,2135,25.351,OK,159,763,0,ok,1,0.9941,0.0216,0,25.980
27533,2225,1994-07-21,91.204,PERF,P,P,P,P,P,P,P,P,P,P,10751,554,1537,18.25,OK,131,617,1,truncated_counters,0,0.9941,0.0216,0,21.405
27534,2225,1994-07-21,91.203,PERF,P,P,P,P,P,P,P,P,P,P,9453,731,2105,24.994,OK,154,728,0,ok,1,0.9941,0.0216,0,25.163
27535,2225,1994-07-21,91.202,PERF,P,P,P,P,P,P,P,P,P,P,9134,728,1986,23.581,OK,132,728,0,ok,1,0.9941,0.0216,0,21.568
27536,2225,1994-07-21,91.201,PERF,P,P,P,P,P,P,P,P,P,P,7319,566,1618,19.211,OK,116,566,0,ok,1,0.9941,0.0216,0,18.954
27538,2226,1994-07-22,91.201,PERF,P,P,P,P,P,P,P,P,P,P,10533,688,2086,24.763,OK,145,687,0,ok,1,0.9568,0.0822,0,23.693
27541,2227,1994-07-22,91.201,PERF,P,P,P,P,P,P,P,P,P,P,10572,724,1995,23.688,OK,159,725,0,ok,1,0.9806,0.0190,0,25.980
27542,2227,1994-07-22,91.202,PERF,P,P,P,P,P,P,P,P,P,P,10393,724,2006,23.819,OK,158,723,0,ok,1,0.9806,0.0190,0,25.817
27543,2227,1994-07-22,91.202,PERF,P,P,P,P,P,P,P,P,P,P,9916,752,1929,22.905,OK,130,752,0,ok,1,0.9806,0.0190,0,21.242
27544,2227,1994-07-22,91.203,PERF,P,P,P,P,P,P,P,P,P,P,9979,743,2185,25.945,OK,140,743,0,ok,1,0.9806,0.0190,0,22.876
27545,2227,1994-07-22,91.203,PERF,P,P,P,P,P,P,P,P,P,P,10205,724,2124,25.221,OK,162,722,0,ok,1,0.9806,0.0190,0,26.470
27546,2227,1994-07-22,91.202,PERF,P,P,P,P,P,P,P,P,P,P,9878,739,2079,24.687,OK,142,740,0,ok,1,0.9806,0.0190,0,23.202
27547,2227,1994-07-22,91.202,PERF,P,P,P,P,P,P,P,P,P,P,9833,725,2116,25.125,OK,152,725,0,ok,1,0.9806,0.0190,0,24.836
27548,2227,1994-07-22,91.2,PERF,P,P,P,P,P,P,P,P,P,P,9628,769,2193,26.039,OK,146,769,0,ok,1,0.9806,0.0190,0,23.856
27549,2227,1994-07-22,91.2,PERF,P,P,P,P,P,P,P,P,P,P,9518,753,2171,25.777,OK,175,750,0,ok,1,0.9806,0.0190,0,28.594
27550,2227,1994-07-22,91.198,PERF,P,P,P,P,P,P,P,P,P,P,9933,749,2264,26.881,OK,148,749,0,ok,1,0.9806,0.0190,0,24.183
27551,2227,1994-07-22,91.197,PERF,P,P,P,P,P,P,P,P,P,P,9523,737,2110,25.051,OK,176,737,0,ok,1,0.9806,0.0190,0,28.758
27552,2227,1994-07-22,91.195,PERF,P,P,P,P,P,P,P,P,P,P,9523,722,2088,24.789,OK,165,721,0,ok,1,0.9806,0.0190,0,26.960
27553,2227,1994-07-22,91.194,PERF,P,P,P,P,P,P,P,P,P,P,9707,718,1936,22.984,OK,144,806,1,truncated_counters,0,0.9806,0.0190,0,23.529
27554,2227,1994-07-22,91.194,PERF,P,P,P,P,P,P,P,P,P,P,10588,748,2065,24.516,OK,141,749,0,ok,1,0.9806,0.0190,0,23.039
27555,2227,1994-07-22,91.193,PERF,P,P,P,P,P,P,P,P,P,P,10006,749,2199,26.106,OK,131,749,0,ok,1,0.9806,0.0190,0,21.405
27556,2227,1994-07-22,91.194,PERF,P,P,P,P,P,P,P,P,P,P,9409,735,2023,24.017,OK,134,735,0,ok,1,0.9806,0.0190,0,21.895
27557,2227,1994-07-22,91.195,PERF,P,P,P,P,P,P,P,P,P,P,9114,767,2072,24.599,OK,152,767,0,ok,1,0.9806,0.0190,0,24.836
27558,2227,1994-07-22,91.196,PERF,P,P,P,P,P,P,P,P,P,P,9076,798,2189,25.989,OK,164,799,0,ok,1,0.9806,0.0190,0,26.797
27559,2227,1994-07-22,91.198,PERF,P,P,P,P,P,P,P,P,P,P,9431,760,2185,25.943,OK,134,762,0,ok,1,0.9806,0.0190,0,21.895
27560,2227,1994-07-22,91.201,PERF,P,P,P,P,P,P,P,P,P,P,8820,787,2089,24.804,OK,147,787,0,ok,1,0.9806,0.0190,0,24.019
27561,2227,1994-07-22,91.203,PERF,P,P,P,P,P,P,P,P,P,P,8970,779,,,Unkn,152,779,0,ok,1,0.9806,0.0190,0,24.836
27562,2227,1994-07-22,91.205,PERF,P,P,P,P,P,P,P,P,P,P,7587,631,,,Unkn,133,629,0,ok,1,0.9806,0.0190,0,21.732
27563,2227,1994-07-22,91.208,PERF,P,P,P,P,P,P,P,P,P,P,7341,412,,,Unkn,76,411,0,ok,1,0.9806,0.0190,0,12.418
27564,2227,1994-07-22,91.211,PERF,P,P,P,P,P,P,P,P,P,P,8055,478,,,Unkn,85,478,0,ok,1,0.9806,0.0190,0,13.889
27565,2227,1994-07-22,91.211,PERF,P,P,P,P,P,P,P,P,P,P,2342,125,,,Unkn,33,125,0,ok,1,0.9806,0.0190,0,5.392
27567,2229,1994-07-23,91.194,PERF,P,P,P,P,P,P,P,P,P,P,9775,743,2081,24.708,OK,166,743,0,ok,1,0.9955,0.0242,0,27.124
27568,2229,1994-07-23,91.195,PERF,P,P,P,P,P,P,P,P,P,P,9694,766,2127,25.254,OK,174,766,0,ok,1,0.9955,0.0242,0,28.431
27569,2229,1994-07-23,91.195,PERF,P,P,P,P,P,P,P,P,P,P,9867,765,2219,26.347,OK,153,768,0,ok,1,0.9955,0.0242,0,25.000
27570,2229,1994-07-23,91.196,PERF,P,P,P,P,P,P,P,P,P,P,9526,766,2267,26.917,OK,164,767,0,ok,1,0.9955,0.0242,0,26.797
27571,2229,1994-07-23,91.197,PERF,P,P,P,P,P,P,P,P,P,P,9534,775,2208,26.217,OK,159,775,0,ok,1,0.9955,0.0242,0,25.980
27572,2229,1994-07-23,91.198,PERF,P,P,P,P,P,P,P,P,P,P,9511,821,2252,26.74,OK,146,820,0,ok,1,0.9955,0.0242,0,23.856
27573,2229,1994-07-23,91.198,PERF,P,P,P,P,P,P,P,P,P,P,9102,777,2164,25.695,OK,150,777,0,ok,1,0.9955,0.0242,0,24.510
27574,2229,1994-07-23,91.199,PERF,P,P,P,P,P,P,P,P,P,P,9197,806,2227,26.444,OK,145,806,0,ok,1,0.9955,0.0242,0,23.693
27575,2229,1994-07-23,91.2,PERF,P,P,P,P,P,P,P,P,P,P,9285,800,2239,26.587,OK,147,798,0,ok,1,0.9955,0.0242,0,24.019
27576,2229,1994-07-23,91.198,PERF,P,P,P,P,P,P,P,P,P,P,9152,784,2193,26.04,OK,171,784,0,ok,1,0.9955,0.0242,0,27.941
27577,2229,1994-07-23,91.2,PERF,P,P,P,P,P,P,P,P,P,P,3688,284,906,10.758,OK,76,283,0,ok,1,0.9955,0.0242,0,12.418
27578,2229,1994-07-23,91.201,PERF,P,P,P,P,P,P,P,P,P,P,8952,780,2152,25.555,OK,160,780,0,ok,1,0.9955,0.0242,0,26.143
27582,2230,1994-07-23,91.19,PERF,P,P,P,P,P,P,P,P,P,P,10032,736,2033,24.134,OK,132,737,0,ok,1,0.9679,0.0201,0,21.568
27583,2230,1994-07-23,91.19,PERF,P,P,P,P,P,P,P,P,P,P,9931,747,2064,24.502,OK,175,766,0,ok,1,0.9679,0.0201,0,28.594
27584,2230,1994-07-23,91.189,PERF,P,P,P,P,P,P,P,P,P,P,9542,776,2155,25.582,OK,153,776,0,ok,1,0.9679,0.0201,0,25.000
27585,2230,1994-07-23,91.188,PERF,P,P,P,P,P,P,P,P,P,P,9893,767,2288,27.16,OK,153,767,0,ok,1,0.9679,0.0201,0,25.000
27586,2230,1994-07-23,91.188,PERF,P,P,P,P,P,P,P,P,P,P,9677,751,2204,26.163,OK,163,750,0,ok,1,0.9679,0.0201,0,26.634
27587,2230,1994-07-23,91.187,PERF,P,P,P,P,P,P,P,P,P,P,9270,783,2123,25.201,OK,144,784,0,ok,1,0.9679,0.0201,0,23.529
27588,2230,1994-07-23,91.187,PERF,P,P,P,P,P,P,P,P,P,P,9580,772,2107,25.011,OK,144,772,0,ok,1,0.9679,0.0201,0,23.529
27589,2230,1994-07-23,91.187,PERF,P,P,P,P,P,P,P,P,P,P,9442,771,2194,26.044,OK,151,773,0,ok,1,0.9679,0.0201,0,24.673
27590,2230,1994-07-23,91.188,PERF,P,P,P,P,P,P,P,P,P,P,9220,795,2212,26.258,OK,161,795,0,ok,1,0.9679,0.0201,0,26.307
27591,2230,1994-07-23,91.189,PERF,P,P,P,P,P,P,P,P,P,P,9124,784,2155,25.581,OK,152,783,0,ok,1,0.9679,0.0201,0,24.836
27592,2230,1994-07-23,91.19,PERF,P,P,P,P,P,P,P,P,P,P,9181,785,2168,25.737,OK,151,784,0,ok,1,0.9679,0.0201,0,24.673
27593,2230,1994-07-23,91.192,PERF,P,P,P,P,P,P,P,P,P,P,9600,768,2261,26.842,OK,173,764,0,ok,1,0.9679,0.0201,0,28.268
27594,2230,1994-07-23,91.195,PERF,P,P,P,P,P,P,P,P,P,P,9488,786,2184,25.929,OK,149,789,0,ok,1,0.9679,0.0201,0,24.346
27595,2230,1994-07-23,91.198,PERF,P,P,P,P,P,P,P,P,P,P,9373,759,2163,25.682,OK,146,759,0,ok,1,0.9679,0.0201,0,23.856
27596,2230,1994-07-23,91.2,PERF,P,P,P,P,P,P,P,P,P,P,4545,384,1028,12.206,OK,65,382,0,ok,1,0.9679,0.0201,0,10.621
27597,2230,1994-07-23,91.203,PERF,P,P,P,P,P,P,P,P,P,P,9846,606,1691,20.08,OK,147,734,1,truncated_counters,0,0.9679,0.0201,0,24.019
27598,2230,1994-07-23,91.205,PERF,P,P,P,P,P,P,P,P,P,P,9433,737,2228,26.457,OK,159,737,0,ok,1,0.9679,0.0201,0,25.980
27599,2230,1994-07-23,91.205,PERF,P,P,P,P,P,P,P,P,P,P,7319,638,1799,21.363,OK,116,637,0,ok,1,0.9679,0.0201,0,18.954
27607,2233,1994-07-24,91.195,PERF,P,P,P,P,P,P,P,P,P,P,9838,736,2013,23.899,OK,141,735,0,ok,1,0.9984,0.0220,0,23.039
27609,2233,1994-07-24,91.197,PERF,P,P,P,P,P,P,P,P,P,P,9325,775,2132,25.313,OK,147,775,0,ok,1,0.9984,0.0220,0,24.019
27610,2233,1994-07-24,91.197,PERF,P,P,P,P,P,P,P,P,P,P,9746,748,2198,26.096,OK,173,747,0,ok,1,0.9984,0.0220,0,28.268
27611,2233,1994-07-24,91.196,PERF,P,P,P,P,P,P,P,P,P,P,9278,786,2234,26.523,OK,135,785,0,ok,1,0.9984,0.0220,0,22.059
27612,2233,1994-07-24,91.195,PERF,P,P,P,P,P,P,P,P,P,P,9349,787,2188,25.977,OK,151,787,0,ok,1,0.9984,0.0220,0,24.673
27613,2233,1994-07-24,91.194,PERF,P,P,P,P,P,P,P,P,P,P,9498,798,2288,27.163,OK,170,798,0,ok,1,0.9984,0.0220,0,27.777
27614,2233,1994-07-24,91.193,PERF,P,P,P,P,P,P,P,P,P,P,9251,798,2231,26.486,OK,154,798,0,ok,1,0.9984,0.0220,0,25.163
27615,2233,1994-07-24,91.192,PERF,P,P,P,P,P,P,P,P,P,P,9623,775,2304,27.352,OK,166,775,0,ok,1,0.9984,0.0220,0,27.124
27616,2233,1994-07-24,91.191,PERF,P,P,P,P,P,P,P,P,P,P,9507,783,2208,26.212,OK,170,783,0,ok,1,0.9984,0.0220,0,27.777
27617,2233,1994-07-24,91.19,PERF,P,P,P,P,P,P,P,P,P,P,9379,810,2210,26.235,OK,153,811,0,ok,1,0.9984,0.0220,0,25.000
27618,2233,1994-07-24,91.19,PERF,P,P,P,P,P,P,P,P,P,P,8971,792,2080,24.692,OK,159,794,0,ok,1,0.9984,0.0220,0,25.980
27619,2233,1994-07-24,91.191,PERF,P,P,P,P,P,P,P,P,P,P,8937,792,2133,25.322,OK,166,793,0,ok,1,0.9984,0.0220,0,27.124
27620,2233,1994-07-24,91.192,PERF,P,P,P,P,P,P,P,P,P,P,8904,776,2196,26.07,OK,152,777,0,ok,1,0.9984,0.0220,0,24.836
27621,2233,1994-07-24,91.194,PERF,P,P,P,P,P,P,P,P,P,P,8676,780,2148,25.501,OK,180,780,0,ok,1,0.9984,0.0220,0,29.411
27626,2234,1994-07-24,91.201,PERF,P,P,P,P,P,P,P,P,P,P,9591,767,2153,25.561,OK,167,766,0,ok,1,1.0230,0.0230,0,27.287
27627,2234,1994-07-25,91.201,PERF,P,P,P,P,P,P,P,P,P,P,9415,811,2174,25.81,OK,171,812,0,ok,1,1.0230,0.0230,0,27.941
27629,2234,1994-07-25,91.2,PERF,P,P,P,P,P,P,P,P,P,P,9360,795,2272,26.973,OK,178,795,0,ok,1,1.0230,0.0230,0,29.085
27630,2234,1994-07-25,91.199,PERF,P,P,P,P,P,P,P,P,P,P,9524,780,2244,26.64,OK,161,781,0,ok,1,1.0230,0.0230,0,26.307
27631,2234,1994-07-25,91.199,PERF,P,P,P,P,P,P,P,P,P,P,9322,786,2209,26.225,OK,166,787,0,ok,1,1.0230,0.0230,0,27.124
27632,2234,1994-07-25,91.198,PERF,P,P,P,P,P,P,P,P,P,P,9655,804,2376,28.207,OK,185,806,0,ok,1,1.0230,0.0230,0,30.228
27633,2234,1994-07-25,91.198,PERF,P,P,P,P,P,P,P,P,P,P,6157,527,1600,18.994,OK,120,527,0,ok,1,1.0230,0.0230,0,19.608
27634,2234,1994-07-25,91.198,PERF,P,P,P,P,P,P,P,P,P,P,9015,809,2219,26.343,OK,171,808,0,ok,1,1.0230,0.0230,0,27.941
27635,2234,1994-07-25,91.198,PERF,P,P,P,P,P,P,P,P,P,P,9225,796,2291,27.198,OK,163,796,0,ok,1,1.0230,0.0230,0,26.634
27636,2234,1994-07-25,91.199,PERF,P,P,P,P,P,P,P,P,P,P,9310,801,2382,28.278,OK,165,799,0,ok,1,1.0230,0.0230,0,26.960
27637,2234,1994-07-25,91.2,PERF,P,P,P,P,P,P,P,P,P,P,9061,792,2193,26.035,OK,155,793,0,ok,1,1.0230,0.0230,0,25.326
27638,2234,1994-07-25,91.201,PERF,P,P,P,P,P,P,P,P,P,P,9148,773,2323,27.579,OK,161,772,0,ok,1,1.0230,0.0230,0,26.307
27639,2234,1994-07-25,91.203,PERF,P,P,P,P,P,P,P,P,P,P,8860,824,2193,26.037,OK,165,823,0,ok,1,1.0230,0.0230,0,26.960
27750,2251,1994-07-30,91.188,PERF,P,P,P,P,P,P,P,P,P,P,9506,668,1875,22.239,OK,126,716,0,vetoed_dedx_calibration,0,1.0248,0.0215,0,20.588
27751,2251,1994-07-30,91.188,PERF,P,P,P,P,P,P,P,P,P,P,9545,772,2195,26.034,OK,172,773,0,ok,1,1.0248,0.0215,0,28.104
27752,2251,1994-07-30,91.188,PERF,P,P,P,P,P,P,P,P,P,P,9422,779,2122,25.168,OK,173,780,0,ok,1,1.0248,0.0215,0,28.268
27753,2251,1994-07-30,91.189,PERF,P,P,P,P,P,P,P,P,P,P,4434,375,1021,12.11,OK,72,375,0,ok,1,1.0248,0.0215,0,11.765
27754,2251,1994-07-30,91.191,PERF,P,P,P,P,P,P,P,P,P,P,9311,778,2125,25.206,OK,157,778,0,ok,1,1.0248,0.0215,0,25.653
27755,2251,1994-07-30,91.192,PERF,P,P,P,P,P,P,P,P,P,P,9192,758,2220,26.333,OK,160,758,0,ok,1,1.0248,0.0215,0,26.143
27756,2251,1994-07-30,91.195,PERF,P,P,P,P,P,P,P,P,P,P,9669,755,2267,26.892,OK,161,758,0,ok,1,1.0248,0.0215,0,26.307
27757,2251,1994-07-30,91.196,PERF,P,P,P,P,P,P,P,P,P,P,10373,786,2064,24.485,OK,148,786,0,ok,1,1.0248,0.0215,0,24.183
27758,2251,1994-07-30,91.197,PERF,P,P,P,P,P,P,P,P,P,P,15982,694,1897,22.504,OK,139,694,0,ok,1,1.0248,0.0215,0,22.712
27759,2251,1994-07-30,91.197,PERF,P,P,P,P,P,P,P,P,P,P,13045,683,2053,24.355,OK,156,681,0,ok,1,1.0248,0.0215,0,25.490
27760,2251,1994-07-30,91.198,PERF,P,P,P,P,P,P,P,P,P,P,10425,741,2132,25.292,OK,162,741,0,ok,1,1.0248,0.0215,0,26.470
27761,2251,1994-07-31,91.197,PERF,P,P,P,P,P,P,P,P,P,P,8869,773,2052,24.343,OK,161,772,0,ok,1,1.0248,0.0215,0,26.307
27762,2251,1994-07-31,91.196,PERF,P,P,P,P,P,P,P,P,P,P,9165,728,2160,25.624,OK,154,729,0,ok,1,1.0248,0.0215,0,25.163
27763,2251,1994-07-31,91.194,PERF,P,P,P,P,P,P,P,P,P,P,9190,733,2139,25.373,OK,147,734,0,ok,1,1.0248,0.0215,0,24.019
27764,2251,1994-07-31,91.191,PERF,P,P,P,P,P,P,P,P,P,P,14566,685,1827,21.671,OK,140,684,0,ok,1,1.0248,0.0215,0,22.876
27765,2251,1994-07-31,91.189,PERF,P,P,P,P,P,P,P,P,P,P,22944,537,1564,18.551,OK,116,538,0,ok,1,1.0248,0.0215,0,18.954
27766,2251,1994-07-31,91.188,PERF,P,P,P,P,P,P,P,P,P,P,15041,661,1839,21.812,OK,128,660,0,ok,1,1.0248,0.0215,0,20.915
27767,2251,1994-07-31,91.189,PERF,P,P,P,P,P,P,P,P,P,P,6946,469,1215,14.411,OK,101,469,0,ok,1,1.0248,0.0215,0,16.503
27769,2252,1994-07-31,91.188,PERF,P,P,P,P,P,P,P,P,P,P,9478,737,2145,25.464,OK,158,737,0,ok,1,0.9905,0.0361,0,25.817
27770,2252,1994-07-31,91.189,PERF,P,P,P,P,P,P,P,P,P,P,9636,711,2096,24.883,OK,138,712,0,ok,1,0.9905,0.0361,0,22.549
27771,2252,1994-07-31,91.191,PERF,P,P,P,P,P,P,P,P,P,P,9531,717,2128,25.264,OK,153,718,0,ok,1,0.9905,0.0361,0,25.000
27772,2252,1994-07-31,91.191,PERF,P,P,P,P,P,P,P,P,P,P,9303,719,1957,23.234,OK,137,719,0,ok,1,0.9905,0.0361,0,22.385
27773,2252,1994-07-31,91.191,PERF,P,P,P,P,P,P,P,P,P,P,9544,754,2263,26.867,OK,175,754,0,ok,1,0.9905,0.0361,0,28.594
27774,2252,1994-07-31,91.192,PERF,P,P,P,P,P,P,P,P,P,P,2922,218,638,7.575,OK,47,219,0,ok,1,0.9905,0.0361,0,7.680
27776,2253,1994-07-31,91.192,PERF,P,P,P,P,P,P,P,P,P,P,9329,189,464,5.503,OK,97,324,1,vetoed_vertexing,0,1.0000,0.0000,0,15.849
27778,2254,1994-07-31,91.192,PERF,P,P,P,P,P,P,P,P,P,P,9591,490,1357,16.106,OK,154,705,1,truncated_counters,0,1.0000,0.0000,0,25.163
27782,2255,1994-08-01,91.186,PERF,P,P,P,P,P,P,P,P,P,P,9521,746,2176,25.83,OK,163,745,0,ok,1,1.0528,0.0307,0,26.634
27783,2255,1994-08-01,91.188,PERF,P,P,P,P,P,P,P,P,P,P,9282,794,2126,25.237,OK,170,793,0,ok,1,1.0528,0.0307,0,27.777
27784,2255,1994-08-01,91.188,PERF,P,P,P,P,P,P,P,P,P,P,8960,775,2117,25.131,OK,164,775,0,ok,1,1.0528,0.0307,0,26.797
27785,2255,1994-08-01,91.188,PERF,P,P,P,P,P,P,P,P,P,P,9042,776,2040,24.217,OK,154,776,0,ok,1,1.0528,0.0307,0,25.163
27786,2255,1994-08-01,91.189,PERF,P,P,P,P,P,P,P,P,P,P,8917,765,1987,23.588,OK,166,763,0,ok,1,1.0528,0.0307,0,27.124
27787,2255,1994-08-01,91.191,PERF,P,P,P,P,P,P,P,P,P,P,10074,757,2027,24.064,OK,153,754,0,ok,1,1.0528,0.0307,0,25.000
27788,2255,1994-08-01,91.193,PERF,P,P,P,P,P,P,P,P,P,P,8921,736,2073,24.611,OK,155,737,0,ok,1,1.0528,0.0307,0,25.326
27789,2255,1994-08-01,91.196,PERF,P,P,P,P,P,P,P,P,P,P,9050,727,2057,24.423,OK,145,731,0,ok,1,1.0528,0.0307,0,23.693
27797,2260,1994-08-02,91.185,PERF,P,P,P,P,P,P,P,P,P,P,10329,667,1970,23.384,OK,143,682,0,ok,1,1.0064,0.0157,0,23.366
27798,2260,1994-08-02,91.189,PERF,P,P,P,P,P,P,P,P,P,P,10192,734,2169,25.748,OK,162,736,0,ok,1,1.0064,0.0157,0,26.470
27799,2260,1994-08-02,91.191,PERF,P,P,P,P,P,P,P,P,P,P,9581,767,2108,25.025,OK,141,768,0,ok,1,1.0064,0.0157,0,23.039
27800,2260,1994-08-02,91.192,PERF,P,P,P,P,P,P,P,P,P,P,9423,779,2128,25.263,OK,157,778,0,ok,1,1.0064,0.0157,0,25.653
27801,2260,1994-08-02,91.193,PERF,P,P,P,P,P,P,P,P,P,P,9660,769,2129,25.276,OK,167,769,0,ok,1,1.0064,0.0157,0,27.287
27802,2260,1994-08-02,91.194,PERF,P,P,P,P,P,P,P,P,P,P,10284,751,2354,27.948,OK,180,749,0,ok,1,1.0064,0.0157,0,29.411
27803,2260,1994-08-02,91.195,PERF,P,P,P,P,P,P,P,P,P,P,10125,731,2269,26.939,OK,167,731,0,ok,1,1.0064,0.0157,0,27.287
27804,2260,1994-08-02,91.196,PERF,P,P,P,P,P,P,P,P,P,P,9487,733,2045,24.28,OK,135,733,0,ok,1,1.0064,0.0157,0,22.059
27805,2260,1994-08-02,91.196,PERF,P,P,P,P,P,P,P,P,P,P,9860,732,2192,26.025,OK,133,730,0,ok,1,1.0064,0.0157,0,21.732
27806,2260,1994-08-02,91.197,PERF,P,P,P,P,P,P,P,P,P,P,9421,788,2079,24.684,OK,143,788,0,ok,1,1.0064,0.0157,0,23.366
27807,2260,1994-08-02,91.197,PERF,P,P,P,P,P,P,P,P,P,P,9214,810,2184,25.931,OK,150,809,0,ok,1,1.0064,0.0157,0,24.510
27808,2260,1994-08-02,91.197,PERF,P,P,P,P,P,P,P,P,P,P,9144,812,2191,26.014,OK,159,810,0,ok,1,1.0064,0.0157,0,25.980
27809,2260,1994-08-02,91.198,PERF,P,P,P,P,P,P,P,P,P,P,8927,808,2173,25.801,OK,162,806,0,ok,1,1.0064,0.0157,0,26.470
27810,2260,1994-08-02,91.197,PERF,P,P,P,P,P,P,P,P,P,P,9264,784,2188,25.979,OK,180,784,0,ok,1,1.0064,0.0157,0,29.411
27811,2260,1994-08-02,91.199,PERF,P,P,P,P,P,P,P,P,P,P,9343,821,2297,27.274,OK,156,822,0,ok,1,1.0064,0.0157,0,25.490
27812,2260,1994-08-03,91.2,PERF,P,P,P,P,P,P,P,P,P,P,9263,800,2324,27.595,OK,157,802,0,ok,1,1.0064,0.0157,0,25.653
27813,2260,1994-08-03,91.2,PERF,P,P,P,P,P,P,P,P,P,P,9227,802,2322,27.571,OK,168,804,0,ok,1,1.0064,0.0157,0,27.451
27814,2260,1994-08-03,91.201,PERF,P,P,P,P,P,P,P,P,P,P,8965,798,2332,27.691,OK,165,798,0,ok,1,1.0064,0.0157,0,26.960
27815,2260,1994-08-03,91.201,PERF,P,P,P,P,P,P,P,P,P,P,8731,845,2173,25.803,OK,147,844,0,ok,1,1.0064,0.0157,0,24.019
27816,2260,1994-08-03,91.201,PERF,P,P,P,P,P,P,P,P,P,P,9040,812,2285,27.133,OK,185,808,0,ok,1,1.0064,0.0157,0,30.228
27817,2260,1994-08-03,91.201,PERF,P,P,P,P,P,P,P,P,P,P,9214,797,2367,28.106,OK,198,798,0,ok,1,1.0064,0.0157,0,32.353
27818,2260,1994-08-03,91.2,PERF,P,P,P,P,P,P,P,P,P,P,9113,787,2386,28.331,OK,179,787,0,ok,1,1.0064,0.0157,0,29.248
27819,2260,1994-08-03,91.2,PERF,P,P,P,P,P,P,P,P,P,P,9089,806,2264,26.882,OK,186,805,0,ok,1,1.0064,0.0157,0,30.392
27820,2260,1994-08-03,91.198,PERF,P,P,P,P,P,P,P,P,P,P,9156,796,2290,27.19,OK,169,796,0,ok,1,1.0064,0.0157,0,27.614
27821,2260,1994-08-03,91.195,PERF,P,P,P,P,P,P,P,P,P,P,9406,766,2312,27.449,OK,171,767,0,ok,1,1.0064,0.0157,0,27.941
27822,2260,1994-08-03,91.192,PERF,P,P,P,P,P,P,P,P,P,P,8896,783,2148,25.501,OK,171,783,0,ok,1,1.0064,0.0157,0,27.941
27823,2260,1994-08-03,91.191,PERF,P,P,P,P,P,P,P,P,P,P,8776,816,2076,24.645,OK,159,816,0,ok,1,1.0064,0.0157,0,25.980
27824,2260,1994-08-03,91.191,PERF,P,P,P,P,P,P,P,P,P,P,3143,272,756,8.975,OK,35,272,0,ok,1,1.0064,0.0157,0,5.719
27835,2262,1994-08-03,91.195,PERF,P,P,P,P,P,P,P,P,P,P,11044,518,1300,15.434,OK,135,644,1,truncated_counters,0,1.0132,0.0210,0,22.059
27836,2262,1994-08-03,91.195,PERF,P,P,P,P,P,P,P,P,P,P,9868,708,1936,22.984,OK,134,708,0,ok,1,1.0132,0.0210,0,21.895
27837,2262,1994-08-03,91.196,PERF,P,P,P,P,P,P,P,P,P,P,10123,682,1886,22.391,OK,144,682,0,ok,1,1.0132,0.0210,0,23.529
27838,2262,1994-08-03,91.196,PERF,P,P,P,P,P,P,P,P,P,P,5805,409,1093,12.976,OK,90,411,0,ok,1,1.0132,0.0210,0,14.706
27839,2262,1994-08-03,91.197,PERF,P,P,P,P,P,P,P,P,P,P,9614,717,1894,22.487,OK,141,717,0,ok,1,1.0132,0.0210,0,23.039
27840,2262,1994-08-03,91.197,PERF,P,P,P,P,P,P,P,P,P,P,10027,684,1999,23.733,OK,156,683,0,ok,1,1.0132,0.0210,0,25.490
27841,2262,1994-08-03,91.198,PERF,P,P,P,P,P,P,P,P,P,P,9395,672,1873,22.238,OK,161,673,0,ok,1,1.0132,0.0210,0,26.307
27842,2262,1994-08-03,91.198,PERF,P,P,P,P,P,P,P,P,P,P,9270,768,2059,24.446,OK,163,768,0,ok,1,1.0132,0.0210,0,26.634
27843,2262,1994-08-04,91.198,PERF,P,P,P,P,P,P,P,P,P,P,9404,759,2236,26.548,OK,144,756,0,ok,1,1.0132,0.0210,0,23.529
27844,2262,1994-08-04,91.198,PERF,P,P,P,P,P,P,P,P,P,P,9382,715,2119,25.159,OK,155,716,0,ok,1,1.0132,0.0210,0,25.326
27845,2262,1994-08-04,91.199,PERF,P,P,P,P,P,P,P,P,P,P,9375,753,2229,26.465,OK,147,753,0,ok,1,1.0132,0.0210,0,24.019
27846,2262,1994-08-04,91.199,PERF,P,P,P,P,P,P,P,P,P,P,9342,730,2083,24.732,OK,161,729,0,ok,1,1.0132,0.0210,0,26.307
27847,2262,1994-08-04,91.2,PERF,P,P,P,P,P,P,P,P,P,P,9028,805,2198,26.097,OK,145,805,0,ok,1,1.0132,0.0210,0,23.693
27848,2262,1994-08-04,91.2,PERF,P,P,P,P,P,P,P,P,P,P,8988,799,2137,25.373,OK,160,799,0,ok,1,1.0132,0.0210,0,26.143
27849,2262,1994-08-04,91.2,PERF,P,P,P,P,P,P,P,P,P,P,8663,806,2085,24.756,OK,168,806,0,ok,1,1.0132,0.0210,0,27.451
27850,2262,1994-08-04,91.2,PERF,P,P,P,P,P,P,P,P,P,P,9201,786,2271,26.964,OK,163,787,0,ok,1,1.0132,0.0210,0,26.634
27851,2262,1994-08-04,91.2,PERF,P,P,P,P,P,P,P,P,P,P,9048,781,2223,26.394,OK,153,780,0,ok,1,1.0132,0.0210,0,25.000
27852,2262,1994-08-04,91.2,PERF,P,P,P,P,P,P,P,P,P,P,6795,559,1665,19.769,OK,117,559,0,ok,1,1.0132,0.0210,0,19.117
27862,2263,1994-08-04,91.184,PERF,P,P,P,P,P,P,P,P,P,P,6405,519,1449,17.202,OK,109,520,0,ok,1,1.0289,0.0754,0,17.810
27867,2263,1994-08-04,91.195,PERF,P,P,P,P,P,P,P,P,P,P,6024,462,1226,14.558,OK,91,462,0,ok,1,1.0289,0.0754,0,14.869
27871,2265,1994-08-04,91.188,PERF,P,P,P,P,P,P,P,P,P,P,10146,624,1723,20.454,OK,125,625,0,ok,1,1.0014,0.0188,0,20.425
27872,2265,1994-08-05,91.189,PERF,P,P,P,P,P,P,P,P,P,P,9734,693,1888,22.414,OK,141,693,0,ok,1,1.0014,0.0188,0,23.039
27873,2265,1994-08-05,91.189,PERF,P,P,P,P,P,P,P,P,P,P,9890,733,2289,27.174,OK,149,732,0,ok,1,1.0014,0.0188,0,24.346
27874,2265,1994-08-05,91.19,PERF,P,P,P,P,P,P,P,P,P,P,9408,774,2199,26.106,OK,170,773,0,ok,1,1.0014,0.0188,0,27.777
27875,2265,1994-08-05,91.191,PERF,P,P,P,P,P,P,P,P,P,P,9017,771,2154,25.572,OK,153,772,0,ok,1,1.0014,0.0188,0,25.000
27876,2265,1994-08-05,91.191,PERF,P,P,P,P,P,P,P,P,P,P,9599,755,2272,26.973,OK,179,757,0,ok,1,1.0014,0.0188,0,29.248
27877,2265,1994-08-05,91.191,PERF,P,P,P,P,P,P,P,P,P,P,9179,757,2190,26.0,OK,168,755,0,ok,1,1.0014,0.0188,0,27.451
27878,2265,1994-08-05,91.193,PERF,P,P,P,P,P,P,P,P,P,P,9236,763,2277,27.034,OK,167,763,0,ok,1,1.0014,0.0188,0,27.287
27879,2265,1994-08-05,91.194,PERF,P,P,P,P,P,P,P,P,P,P,8824,790,2087,24.779,OK,177,790,0,ok,1,1.0014,0.0188,0,28.921
27880,2265,1994-08-05,91.194,PERF,P,P,P,P,P,P,P,P,P,P,9296,765,2230,26.477,OK,163,764,0,ok,1,1.0014,0.0188,0,26.634
27881,2265,1994-08-05,91.195,PERF,P,P,P,P,P,P,P,P,P,P,9006,776,2162,25.67,OK,152,775,0,ok,1,1.0014,0.0188,0,24.836
27882,2265,1994-08-05,91.195,PERF,P,P,P,P,P,P,P,P,P,P,9148,730,1991,23.64,OK,143,730,0,ok,1,1.0014,0.0188,0,23.366
27883,2265,1994-08-05,91.196,PERF,P,P,P,P,P,P,P,P,P,P,9067,761,2113,25.088,OK,151,763,0,ok,1,1.0014,0.0188,0,24.673
27884,2265,1994-08-05,91.196,PERF,P,P,P,P,P,P,P,P,P,P,9204,755,2173,25.801,OK,155,755,0,ok,1,1.0014,0.0188,0,25.326
27885,2265,1994-08-05,91.196,PERF,P,P,P,P,P,P,P,P,P,P,8915,783,2102,24.958,OK,144,783,0,ok,1,1.0014,0.0188,0,23.529
27886,2265,1994-08-05,91.195,PERF,P,P,P,P,P,P,P,P,P,P,8027,688,1959,23.259,OK,161,687,0,ok,1,1.0014,0.0188,0,26.307
27887,2265,1994-08-05,91.192,PERF,P,P,P,P,P,P,P,P,P,P,8882,789,2146,25.478,OK,143,789,0,ok,1,1.0014,0.0188,0,23.366
27888,2265,1994-08-05,91.19,PERF,P,P,P,P,P,P,P,P,P,P,9097,749,2214,26.284,OK,154,750,0,ok,1,1.0014,0.0188,0,25.163
27889,2265,1994-08-05,91.187,PERF,P,P,P,P,P,P,P,P,P,P,8953,757,2131,25.298,OK,142,757,0,ok,1,1.0014,0.0188,0,23.202
27890,2265,1994-08-05,91.186,PERF,P,P,P,P,P,P,P,P,P,P,6036,499,1440,17.094,OK,100,499,0,ok,1,1.0014,0.0188,0,16.340
27895,2266,1994-08-05,91.182,PERF,P,P,P,P,P,P,P,P,P,P,9742,665,1878,22.288,OK,140,665,0,ok,1,1.0070,0.0416,0,22.876
27896,2266,1994-08-05,91.183,PERF,P,P,P,P,P,P,P,P,P,P,9545,702,2017,23.938,OK,145,702,0,ok,1,1.0070,0.0416,0,23.693
27897,2266,1994-08-05,91.185,PERF,P,P,P,P,P,P,P,P,P,P,9771,676,1903,22.586,OK,136,676,0,ok,1,1.0070,0.0416,0,22.222
27898,2266,1994-08-05,91.186,PERF,P,P,P,P,P,P,P,P,P,P,9446,697,2025,24.034,OK,140,699,0,ok,1,1.0070,0.0416,0,22.876
27899,2266,1994-08-05,91.187,PERF,P,P,P,P,P,P,P,P,P,P,3795,243,790,9.377,OK,69,242,0,ok,1,1.0070,0.0416,0,11.274
27903,2267,1994-08-05,91.192,MAYB,P,P,P,P,P,D,P,P,P,P,413,88,,,Unkn,13,87,0,flags,0,1.0023,0.0271,0,2.124
27904,2267,1994-08-05,91.192,MAYB,P,P,P,P,P,D,P,P,P,P,3682,862,,,Unkn,186,863,0,flags,0,1.0023,0.0271,0,30.392
27905,2267,1994-08-05,91.193,MAYB,P,P,P,P,P,D,P,P,P,P,3489,946,,,Unkn,215,966,0,flags,0,1.0023,0.0271,0,35.130
27906,2267,1994-08-05,91.193,MAYB,P,P,P,P,P,D,P,P,P,P,1680,493,,,Unkn,90,492,0,flags,0,1.0023,0.0271,0,14.706
27907,2267,1994-08-05,91.193,MAYB,P,P,P,P,P,D,P,P,P,P,1068,302,,,Unkn,43,221,0,flags,0,1.0023,0.0271,0,7.026
27910,2267,1994-08-05,91.203,PERF,P,P,P,P,P,P,P,P,P,P,3972,325,,,Unkn,70,325,0,ok,1,1.0023,0.0271,0,11.438
27911,2267,1994-08-05,91.194,PERF,P,P,P,P,P,P,P,P,P,P,9323,736,2078,24.672,OK,146,742,0,ok,1,1.0023,0.0271,0,23.856
27912,2267,1994-08-06,91.195,PERF,P,P,P,P,P,P,P,P,P,P,9344,776,2174,25.812,OK,151,776,0,ok,1,1.0023,0.0271,0,24.673
27913,2267,1994-08-06,91.195,PERF,P,P,P,P,P,P,P,P,P,P,1241,117,310,3.681,OK,16,117,0,ok,1,1.0023,0.0271,0,2.614
27914,2267,1994-08-06,91.195,PERF,P,P,P,P,P,P,P,P,P,P,9073,768,2049,24.329,OK,168,768,0,ok,1,1.0023,0.0271,0,27.451
27915,2267,1994-08-06,91.196,PERF,P,P,P,P,P,P,P,P,P,P,9316,767,2235,26.537,OK,162,767,0,ok,1,1.0023,0.0271,0,26.470
27916,2267,1994-08-06,91.197,PERF,P,P,P,P,P,P,P,P,P,P,8912,790,2126,25.244,OK,158,792,0,ok,1,1.0023,0.0271,0,25.817
27917,2267,1994-08-06,91.197,PERF,P,P,P,P,P,P,P,P,P,P,5527,497,1333,15.828,OK,100,497,0,ok,1,1.0023,0.0271,0,16.340
27918,2267,1994-08-06,91.198,PERF,P,P,P,P,P,P,P,P,P,P,8453,809,2062,24.484,OK,149,809,0,ok,1,1.0023,0.0271,0,24.346
27919,2267,1994-08-06,91.198,PERF,P,P,P,P,P,P,P,P,P,P,9131,789,2234,26.527,OK,148,789,0,ok,1,1.0023,0.0271,0,24.183
27920,2267,1994-08-06,91.2,PERF,P,P,P,P,P,P,P,P,P,P,8895,792,2207,26.207,OK,183,793,0,ok,1,1.0023,0.0271,0,29.902
27921,2267,1994-08-06,91.2,PERF,P,P,P,P,P,P,P,P,P,P,4883,444,1195,14.19,OK,79,443,0,ok,1,1.0023,0.0271,0,12.908
27922,2267,1994-08-06,91.199,PERF,P,P,P,P,P,P,P,P,P,P,864,67,207,2.458,OK,12,67,0,ok,1,1.0023,0.0271,0,1.961
27926,2268,1994-08-06,91.182,PERF,P,P,P,P,P,P,P,P,P,P,9467,718,1870,22.196,OK,158,716,0,ok,1,0.9851,0.0197,0,25.817
27927,2268,1994-08-06,91.183,PERF,P,P,P,P,P,P,P,P,P,P,9446,755,2092,24.831,OK,135,755,0,ok,1,0.9851,0.0197,0,22.059
27928,2268,1994-08-06,91.182,PERF,P,P,P,P,P,P,P,P,P,P,9255,742,1951,23.158,OK,127,742,0,ok,1,0.9851,0.0197,0,20.751
27929,2268,1994-08-06,91.182,PERF,P,P,P,P,P,P,P,P,P,P,9336,751,2125,25.223,OK,169,751,0,ok,1,0.9851,0.0197,0,27.614
27930,2268,1994-08-06,91.182,PERF,P,P,P,P,P,P,P,P,P,P,6470,505,1528,18.137,OK,119,505,0,ok,1,0.9851,0.0197,0,19.444
27931,2268,1994-08-06,91.182,PERF,P,P,P,P,P,P,P,P,P,P,9341,771,2206,26.184,OK,161,772,0,ok,1,0.9851,0.0197,0,26.307
27932,2268,1994-08-06,91.182,PERF,P,P,P,P,P,P,P,P,P,P,9428,729,2200,26.113,OK,139,729,0,ok,1,0.9851,0.0197,0,22.712
27933,2268,1994-08-06,91.183,PERF,P,P,P,P,P,P,P,P,P,P,9075,768,2210,26.232,OK,149,770,0,ok,1,0.9851,0.0197,0,24.346
27934,2268,1994-08-06,91.184,PERF,P,P,P,P,P,P,P,P,P,P,9207,782,2312,27.444,OK,160,780,0,ok,1,0.9851,0.0197,0,26.143
27935,2268,1994-08-06,91.186,PERF,P,P,P,P,P,P,P,P,P,P,9317,790,2292,27.207,OK,169,790,0,ok,1,0.9851,0.0197,0,27.614
27936,2268,1994-08-06,91.188,PERF,P,P,P,P,P,P,P,P,P,P,9310,701,1974,23.434,OK,151,701,0,ok,1,0.9851,0.0197,0,24.673
27937,2268,1994-08-06,91.191,PERF,P,P,P,P,P,P,P,P,P,P,9554,660,1967,23.352,OK,139,660,0,ok,1,0.9851,0.0197,0,22.712
27938,2268,1994-08-06,91.194,PERF,P,P,P,P,P,P,P,P,P,P,9349,680,2145,25.467,OK,137,680,0,ok,1,0.9851,0.0197,0,22.385
27939,2268,1994-08-06,91.197,PERF,P,P,P,P,P,P,P,P,P,P,9133,745,2074,24.626,OK,145,744,0,ok,1,0.9851,0.0197,0,23.693
27940,2268,1994-08-06,91.199,PERF,P,P,P,P,P,P,P,P,P,P,9186,746,2178,25.861,OK,159,746,0,ok,1,0.9851,0.0197,0,25.980
27941,2268,1994-08-06,91.2,PERF,P,P,P,P,P,P,P,P,P,P,9220,771,2145,25.47,OK,126,771,0,ok,1,0.9851,0.0197,0,20.588
27942,2268,1994-08-06,91.2,PERF,P,P,P,P,P,P,P,P,P,P,9095,707,2144,25.458,OK,160,707,0,ok,1,0.9851,0.0197,0,26.143
27943,2268,1994-08-06,91.198,PERF,P,P,P,P,P,P,P,P,P,P,8861,714,1949,23.142,OK,171,716,0,ok,1,0.9851,0.0197,0,27.941
27948,2270,1994-08-07,91.185,PERF,P,P,P,P,P,P,P,P,P,P,9445,731,2032,24.121,OK,129,731,0,ok,1,1.0147,0.0250,0,21.078
27949,2270,1994-08-07,91.187,PERF,P,P,P,P,P,P,P,P,P,P,9132,755,1925,22.852,OK,164,756,0,ok,1,1.0147,0.0250,0,26.797
27959,2270,1994-08-07,91.192,PERF,P,P,P,P,P,P,P,P,P,P,9038,774,2161,25.656,OK,165,774,0,ok,1,1.0147,0.0250,0,26.960
27960,2270,1994-08-07,91.192,PERF,P,P,P,P,P,P,P,P,P,P,8556,823,2041,24.231,OK,135,824,0,ok,1,1.0147,0.0250,0,22.059
27961,2270,1994-08-07,91.191,PERF,P,P,P,P,P,P,P,P,P,P,8764,795,2221,26.368,OK,168,794,0,ok,1,1.0147,0.0250,0,27.451
27962,2270,1994-08-07,91.19,PERF,P,P,P,P,P,P,P,P,P,P,9109,773,2273,26.984,OK,171,772,0,ok,1,1.0147,0.0250,0,27.941
27963,2270,1994-08-07,91.188,PERF,P,P,P,P,P,P,P,P,P,P,8793,805,2245,26.651,OK,168,807,0,ok,1,1.0147,0.0250,0,27.451
27964,2270,1994-08-07,91.187,PERF,P,P,P,P,P,P,P,P,P,P,8704,799,2216,26.306,OK,146,797,0,ok,1,1.0147,0.0250,0,23.856
27965,2270,1994-08-07,91.185,PERF,P,P,P,P,P,P,P,P,P,P,5829,531,1520,18.043,OK,113,530,0,ok,1,1.0147,0.0250,0,18.464
27968,2270,1994-08-07,91.182,PERF,P,P,P,P,P,P,P,P,P,P,8969,794,2223,26.387,OK,177,794,0,ok,1,1.0147,0.0250,0,28.921
27969,2270,1994-08-07,91.181,PERF,P,P,P,P,P,P,P,P,P,P,8928,780,2236,26.54,OK,155,779,0,ok,1,1.0147,0.0250,0,25.326
27970,2270,1994-08-07,91.182,PERF,P,P,P,P,P,P,P,P,P,P,3422,277,823,9.769,OK,72,278,0,ok,1,1.0147,0.0250,0,11.765
27972,2271,1994-08-07,91.182,MAYB,P,P,M,P,P,P,P,P,P,P,9696,706,1904,22.596,OK,148,706,0,flags,0,1.0212,0.0257,0,24.183
27973,2271,1994-08-07,91.184,PERF,P,P,P,P,P,P,P,P,P,P,9699,715,2126,25.232,OK,153,715,0,ok,1,1.0212,0.0257,0,25.000
27974,2271,1994-08-07,91.186,PERF,P,P,P,P,P,P,P,P,P,P,9507,722,2084,24.735,OK,160,722,0,ok,1,1.0212,0.0257,0,26.143
27975,2271,1994-08-07,91.188,PERF,P,P,P,P,P,P,P,P,P,P,9444,750,2134,25.329,OK,149,749,0,ok,1,1.0212,0.0257,0,24.346
27976,2271,1994-08-07,91.19,PERF,P,P,P,P,P,P,P,P,P,P,9815,684,2094,24.855,OK,163,686,0,ok,1,1.0212,0.0257,0,26.634
27977,2271,1994-08-07,91.192,PERF,P,P,P,P,P,P,P,P,P,P,9239,776,2068,24.548,OK,155,776,0,ok,1,1.0212,0.0257,0,25.326
27978,2271,1994-08-07,91.193,PERF,P,P,P,P,P,P,P,P,P,P,9402,752,2179,25.866,OK,159,752,0,ok,1,1.0212,0.0257,0,25.980
27979,2271,1994-08-07,91.195,PERF,P,P,P,P,P,P,P,P,P,P,9481,729,2236,26.544,OK,169,732,0,ok,1,1.0212,0.0257,0,27.614
27980,2271,1994-08-07,91.195,MAYB,P,P,M,P,P,P,P,P,P,P,9140,776,2092,24.835,OK,153,775,0,flags,0,1.0212,0.0257,0,25.000
27981,2271,1994-08-07,91.196,MAYB,P,P,M,P,P,P,P,P,P,P,9220,735,2166,25.714,OK,164,735,0,flags,0,1.0212,0.0257,0,26.797
27982,2271,1994-08-07,91.196,PERF,P,P,P,P,P,P,P,P,P,P,7196,572,1751,20.787,OK,121,572,0,ok,1,1.0212,0.0257,0,19.771
27984,2272,1994-08-08,91.185,PERF,P,P,P,P,P,P,P,P,P,P,509,41,104,1.234,OK,7,41,0,ok,1,1.0021,0.0634,0,1.144
27985,2272,1994-08-08,91.184,MAYB,P,P,M,P,P,P,P,P,P,P,9410,739,2066,24.521,OK,147,739,0,flags,0,1.0021,0.0634,0,24.019
27986,2272,1994-08-08,91.183,PERF,P,P,P,P,P,P,P,P,P,P,6655,491,1512,17.945,OK,114,490,0,ok,1,1.0021,0.0634,0,18.627
27993,2274,1994-08-08,91.185,PERF,P,P,P,P,P,P,P,P,P,P,9633,701,2088,24.784,OK,167,701,0,ok,1,0.9831,0.0211,0,27.287
27994,2274,1994-08-08,91.185,PERF,P,P,P,P,P,P,P,P,P,P,9629,733,2103,24.962,OK,164,732,0,ok,1,0.9831,0.0211,0,26.797
27997,2274,1994-08-08,91.186,MAYB,P,P,M,P,P,P,P,P,P,P,9305,763,2217,26.315,OK,132,764,0,flags,0,0.9831,0.0211,0,21.568
27998,2274,1994-08-08,91.185,MAYB,P,P,M,P,P,P,P,P,P,P,9357,777,2259,26.813,OK,149,777,0,flags,0,0.9831,0.0211,0,24.346
27999,2274,1994-08-08,91.184,MAYB,P,P,M,P,P,P,P,P,P,P,9405,755,2214,26.279,OK,155,755,0,flags,0,0.9831,0.0211,0,25.326
28000,2274,1994-08-08,91.183,PERF,P,P,P,P,P,P,P,P,P,P,9198,769,2199,26.1,OK,175,768,0,ok,1,0.9831,0.0211,0,28.594
28001,2274,1994-08-08,91.182,PERF,P,P,P,P,P,P,P,P,P,P,9145,753,2291,27.192,OK,152,755,0,ok,1,0.9831,0.0211,0,24.836
28002,2274,1994-08-08,91.182,PERF,P,P,P,P,P,P,P,P,P,P,8932,770,2157,25.601,OK,162,769,0,ok,1,0.9831,0.0211,0,26.470
28003,2274,1994-08-08,91.182,PERF,P,P,P,P,P,P,P,P,P,P,9120,801,2205,26.171,OK,181,799,0,ok,1,0.9831,0.0211,0,29.575
28004,2274,1994-08-08,91.182,PERF,P,P,P,P,P,P,P,P,P,P,9398,650,1868,22.171,OK,155,774,1,truncated_counters,0,0.9831,0.0211,0,25.326
28005,2274,1994-08-08,91.178,PERF,P,P,P,P,P,P,P,P,P,P,8988,724,1959,23.249,OK,141,723,0,ok,1,0.9831,0.0211,0,23.039
28006,2274,1994-08-08,91.184,PERF,P,P,P,P,P,P,P,P,P,P,9112,774,2137,25.365,OK,137,774,0,ok,1,0.9831,0.0211,0,22.385
28007,2274,1994-08-08,91.187,PERF,P,P,P,P,P,P,P,P,P,P,8882,744,2094,24.856,OK,134,746,0,ok,1,0.9831,0.0211,0,21.895
28010,2274,1994-08-08,91.192,PERF,P,P,P,P,P,P,P,P,P,P,9010,787,2108,25.025,OK,137,787,0,ok,1,0.9831,0.0211,0,22.385
28011,2274,1994-08-08,91.195,PERF,P,P,P,P,P,P,P,P,P,P,9251,758,2205,26.178,OK,166,761,0,ok,1,0.9831,0.0211,0,27.124
28012,2274,1994-08-08,91.197,MAYB,P,P,M,P,P,P,P,P,P,P,9032,753,2180,25.883,OK,163,753,0,flags,0,0.9831,0.0211,0,26.634
28016,2275,1994-08-08,91.192,PERF,P,P,P,P,P,P,P,P,P,P,9747,705,2007,23.827,OK,158,706,0,ok,1,1.0038,0.0184,0,25.817
28017,2275,1994-08-08,91.192,PERF,P,P,P,P,P,P,P,P,P,P,9476,709,1884,22.367,OK,136,707,0,ok,1,1.0038,0.0184,0,22.222
28018,2275,1994-08-08,91.192,PERF,P,P,P,P,P,P,P,P,P,P,9442,735,2047,24.302,OK,153,733,0,ok,1,1.0038,0.0184,0,25.000
28019,2275,1994-08-08,91.192,PERF,P,P,P,P,P,P,P,P,P,P,9353,721,2120,25.169,OK,153,720,0,ok,1,1.0038,0.0184,0,25.000
28020,2275,1994-08-08,91.191,PERF,P,P,P,P,P,P,P,P,P,P,9355,771,2168,25.738,OK,159,771,0,ok,1,1.0038,0.0184,0,25.980
28021,2275,1994-08-08,91.189,PERF,P,P,P,P,P,P,P,P,P,P,9037,654,1838,21.819,OK,144,747,1,truncated_counters,0,1.0038,0.0184,0,23.529
28022,2275,1994-08-09,91.19,PERF,P,P,P,P,P,P,P,P,P,P,9184,746,2227,26.438,OK,176,747,0,ok,1,1.0038,0.0184,0,28.758
28023,2275,1994-08-09,91.189,PERF,P,P,P,P,P,P,P,P,P,P,9066,698,1850,21.962,OK,158,792,1,truncated_counters,0,1.0038,0.0184,0,25.817
28024,2275,1994-08-09,91.189,PERF,P,P,P,P,P,P,P,P,P,P,9251,776,2208,26.212,OK,171,774,0,ok,1,1.0038,0.0184,0,27.941
28025,2275,1994-08-09,91.188,PERF,P,P,P,P,P,P,P,P,P,P,9221,774,2271,26.959,OK,135,774,0,ok,1,1.0038,0.0184,0,22.059
28026,2275,1994-08-09,91.188,PERF,P,P,P,P,P,P,P,P,P,P,9154,793,2277,27.03,OK,166,793,0,ok,1,1.0038,0.0184,0,27.124
28027,2275,1994-08-09,91.188,PERF,P,P,P,P,P,P,P,P,P,P,9193,800,2307,27.386,OK,183,800,0,ok,1,1.0038,0.0184,0,29.902
28028,2275,1994-08-09,91.189,PERF,P,P,P,P,P,P,P,P,P,P,9107,795,2287,27.149,OK,160,817,0,ok,1,1.0038,0.0184,0,26.143
28029,2275,1994-08-09,91.189,PERF,P,P,P,P,P,P,P,P,P,P,8862,785,2161,25.654,OK,158,817,0,ok,1,1.0038,0.0184,0,25.817
28030,2275,1994-08-09,91.19,PERF,P,P,P,P,P,P,P,P,P,P,8939,778,2239,26.58,OK,170,778,0,ok,1,1.0038,0.0184,0,27.777
28031,2275,1994-08-09,91.192,PERF,P,P,P,P,P,P,P,P,P,P,8887,790,2278,27.044,OK,160,791,0,ok,1,1.0038,0.0184,0,26.143
28032,2275,1994-08-09,91.193,PERF,P,P,P,P,P,P,P,P,P,P,9053,803,2291,27.199,OK,167,801,0,ok,1,1.0038,0.0184,0,27.287
28033,2275,1994-08-09,91.194,PERF,P,P,P,P,P,P,P,P,P,P,8916,828,2285,27.129,OK,172,828,0,ok,1,1.0038,0.0184,0,28.104
28034,2275,1994-08-09,91.195,PERF,P,P,P,P,P,P,P,P,P,P,8716,807,2138,25.384,OK,160,806,0,ok,1,1.0038,0.0184,0,26.143
28035,2275,1994-08-09,91.196,PERF,P,P,P,P,P,P,P,P,P,P,9082,790,2303,27.343,OK,160,790,0,ok,1,1.0038,0.0184,0,26.143
28036,2275,1994-08-09,91.195,PERF,P,P,P,P,P,P,P,P,P,P,8790,798,2232,26.5,OK,157,800,0,ok,1,1.0038,0.0184,0,25.653
28037,2275,1994-08-09,91.195,PERF,P,P,P,P,P,P,P,P,P,P,8677,751,2188,25.977,OK,149,750,0,ok,1,1.0038,0.0184,0,24.346
28049,2278,1994-08-09,91.191,PERF,P,P,P,P,P,P,P,P,P,P,9068,644,1737,20.622,OK,113,643,0,ok,1,0.9913,0.0219,0,18.464
28050,2278,1994-08-09,91.191,PERF,P,P,P,P,P,P,P,P,P,P,9230,680,1970,23.388,OK,136,680,0,ok,1,0.9913,0.0219,0,22.222
28051,2278,1994-08-09,91.192,PERF,P,P,P,P,P,P,P,P,P,P,8817,677,1788,21.228,OK,143,677,0,ok,1,0.9913,0.0219,0,23.366
28052,2278,1994-08-09,91.192,PERF,P,P,P,P,P,P,P,P,P,P,9097,666,1998,23.721,OK,138,666,0,ok,1,0.9913,0.0219,0,22.549
28053,2278,1994-08-09,91.191,PERF,P,P,P,P,P,P,P,P,P,P,8882,724,1951,23.163,OK,153,723,0,ok,1,0.9913,0.0219,0,25.000
28054,2278,1994-08-09,91.191,PERF,P,P,P,P,P,P,P,P,P,P,9176,675,2113,25.086,OK,147,674,0,ok,1,0.9913,0.0219,0,24.019
28055,2278,1994-08-09,91.19,PERF,P,P,P,P,P,P,P,P,P,P,8875,709,2002,23.768,OK,148,711,0,ok,1,0.9913,0.0219,0,24.183
28056,2278,1994-08-10,91.189,MAYB,P,P,M,P,P,P,P,P,P,P,8505,732,1978,23.482,OK,137,733,0,flags,0,0.9913,0.0219,0,22.385
28057,2278,1994-08-10,91.188,PERF,P,P,P,P,P,P,P,P,P,P,8565,729,2156,25.595,OK,153,728,0,ok,1,0.9913,0.0219,0,25.000
28058,2278,1994-08-10,91.188,PERF,P,P,P,P,P,P,P,P,P,P,8543,735,2100,24.93,OK,168,736,0,ok,1,0.9913,0.0219,0,27.451
28059,2278,1994-08-10,91.187,PERF,P,P,P,P,P,P,P,P,P,P,8437,739,2056,24.407,OK,148,738,0,ok,1,0.9913,0.0219,0,24.183
28060,2278,1994-08-10,91.186,PERF,P,P,P,P,P,P,P,P,P,P,8497,740,2091,24.822,OK,156,741,0,ok,1,0.9913,0.0219,0,25.490
28061,2278,1994-08-10,91.186,PERF,P,P,P,P,P,P,P,P,P,P,2581,213,667,7.918,OK,40,212,0,ok,1,0.9913,0.0219,0,6.536
28063,2278,1994-08-10,91.188,MAYB,P,P,M,P,P,P,P,P,P,P,8268,721,1983,23.541,OK,138,721,0,flags,0,0.9913,0.0219,0,22.549
28064,2278,1994-08-10,91.189,MAYB,P,P,M,P,P,P,P,P,P,P,8313,744,2051,24.348,OK,147,743,0,flags,0,0.9913,0.0219,0,24.019
28065,2278,1994-08-10,91.19,MAYB,P,P,M,P,P,P,P,P,P,P,7716,659,1987,23.589,OK,141,660,0,flags,0,0.9913,0.0219,0,23.039
28067,2280,1994-08-10,91.192,MAYB,P,P,M,P,P,P,P,M,P,P,8020,181,522,6.196,OK,55,256,1,flags,0,1.0063,0.0279,0,8.987
28068,2280,1994-08-10,91.193,MAYB,P,P,M,P,P,P,P,P,P,P,9222,672,1955,23.208,OK,138,670,0,flags,0,1.0063,0.0279,0,22.549
28069,2280,1994-08-10,91.194,MAYB,P,P,M,P,P,P,P,P,P,P,9141,712,1966,23.339,OK,133,710,0,flags,0,1.0063,0.0279,0,21.732
28070,2280,1994-08-10,91.194,MAYB,P,P,M,P,P,P,P,P,P,P,9119,694,2078,24.669,OK,170,692,0,flags,0,1.0063,0.0279,0,27.777
28071,2280,1994-08-10,91.194,MAYB,P,P,M,P,P,P,P,P,P,P,8831,737,2020,23.98,OK,135,736,0,flags,0,1.0063,0.0279,0,22.059
28073,2280,1994-08-10,91.193,MAYB,P,P,M,P,P,P,P,P,P,P,8865,704,1982,23.528,OK,151,704,0,flags,0,1.0063,0.0279,0,24.673
28074,2280,1994-08-10,91.192,MAYB,P,P,M,P,P,P,P,P,P,P,9000,707,2119,25.154,OK,154,705,0,flags,0,1.0063,0.0279,0,25.163
28075,2280,1994-08-10,91.191,MAYB,P,P,M,P,P,P,P,P,P,P,8609,707,1989,23.611,OK,164,707,0,flags,0,1.0063,0.0279,0,26.797
28076,2280,1994-08-10,91.19,MAYB,P,P,M,P,P,P,P,P,P,P,8792,733,2164,25.687,OK,149,732,0,flags,0,1.0063,0.0279,0,24.346
28077,2280,1994-08-10,91.19,MAYB,P,P,M,P,P,P,P,P,P,P,8882,718,2129,25.271,OK,151,719,0,flags,0,1.0063,0.0279,0,24.673
28078,2280,1994-08-10,91.189,MAYB,P,P,M,P,P,P,P,P,P,P,3006,246,734,8.713,OK,54,246,0,flags,0,1.0063,0.0279,0,8.823
28088,2281,1994-08-10,91.185,MAYB,P,P,M,P,P,P,P,P,P,P,9441,633,1854,22.008,OK,141,634,0,flags,0,0.9957,0.0185,0,23.039
28089,2281,1994-08-10,91.186,MAYB,P,P,M,P,P,P,P,P,P,P,9047,667,1928,22.888,OK,119,667,0,flags,0,0.9957,0.0185,0,19.444
28090,2281,1994-08-10,91.188,MAYB,P,P,M,P,P,P,P,P,P,P,2723,192,592,7.028,OK,29,191,0,flags,0,0.9957,0.0185,0,4.739
28091,2281,1994-08-10,91.189,PERF,P,P,P,P,P,P,P,P,P,P,8953,690,1845,21.904,OK,132,690,0,ok,1,0.9957,0.0185,0,21.568
28092,2281,1994-08-10,91.191,PERF,P,P,P,P,P,P,P,P,P,P,9024,725,2122,25.193,OK,146,725,0,ok,1,0.9957,0.0185,0,23.856
28093,2281,1994-08-10,91.192,PERF,P,P,P,P,P,P,P,P,P,P,8605,729,1853,22.0,OK,140,730,0,ok,1,0.9957,0.0185,0,22.876
28094,2281,1994-08-10,91.193,PERF,P,P,P,P,P,P,P,P,P,P,5042,405,1154,13.701,OK,87,406,0,ok,1,0.9957,0.0185,0,14.216
28095,2281,1994-08-10,91.194,PERF,P,P,P,P,P,P,P,P,P,P,8552,729,2015,23.924,OK,146,731,0,ok,1,0.9957,0.0185,0,23.856
28097,2281,1994-08-10,91.195,PERF,P,P,P,P,P,P,P,P,P,P,8836,729,2131,25.302,OK,148,728,0,ok,1,0.9957,0.0185,0,24.183
28098,2281,1994-08-10,91.196,PERF,P,P,P,P,P,P,P,P,P,P,8606,718,2026,24.056,OK,149,717,0,ok,1,0.9957,0.0185,0,24.346
28099,2281,1994-08-10,91.196,PERF,P,P,P,P,P,P,P,P,P,P,8616,728,2092,24.84,OK,153,727,0,ok,1,0.9957,0.0185,0,25.000
28100,2281,1994-08-10,91.197,PERF,P,P,P,P,P,P,P,P,P,P,8726,761,2147,25.493,OK,159,761,0,ok,1,0.9957,0.0185,0,25.980
28101,2281,1994-08-10,91.196,PERF,P,P,P,P,P,P,P,P,P,P,8409,741,1980,23.51,OK,153,741,0,ok,1,0.9957,0.0185,0,25.000
28102,2281,1994-08-10,91.196,PERF,P,P,P,P,P,P,P,P,P,P,8622,711,2051,24.353,OK,148,711,0,ok,1,0.9957,0.0185,0,24.183
28103,2281,1994-08-10,91.195,PERF,P,P,P,P,P,P,P,P,P,P,8550,761,2171,25.777,OK,127,760,0,ok,1,0.9957,0.0185,0,20.751
28104,2281,1994-08-10,91.194,PERF,P,P,P,P,P,P,P,P,P,P,8510,731,2040,24.221,OK,139,730,0,ok,1,0.9957,0.0185,0,22.712
28105,2281,1994-08-11,91.193,PERF,P,P,P,P,P,P,P,P,P,P,8326,767,2007,23.829,OK,166,764,0,ok,1,0.9957,0.0185,0,27.124
28106,2281,1994-08-11,91.192,PERF,P,P,P,P,P,P,P,P,P,P,8528,748,2096,24.885,OK,167,750,0,ok,1,0.9957,0.0185,0,27.287
28107,2281,1994-08-11,91.191,PERF,P,P,P,P,P,P,P,P,P,P,8595,759,2155,25.585,OK,176,759,0,ok,1,0.9957,0.0185,0,28.758
28108,2281,1994-08-11,91.19,PERF,P,P,P,P,P,P,P,P,P,P,8437,744,2133,25.323,OK,164,743,0,ok,1,0.9957,0.0185,0,26.797
28109,2281,1994-08-11,91.188,PERF,P,P,P,P,P,P,P,P,P,P,8298,745,2105,24.99,OK,155,746,0,ok,1,0.9957,0.0185,0,25.326
28110,2281,1994-08-11,91.187,PERF,P,P,P,P,P,P,P,P,P,P,8271,744,2061,24.467,OK,142,744,0,ok,1,0.9957,0.0185,0,23.202
28111,2281,1994-08-11,91.187,PERF,P,P,P,P,P,P,P,P,P,P,590,49,151,1.793,OK,4,49,0,ok,1,0.9957,0.0185,0,0.654
28125,2285,1994-08-12,91.186,PERF,P,P,P,P,P,P,P,P,P,P,8244,718,2019,23.968,OK,143,717,0,vetoed_field,0,0.9021,0.0698,0,23.366
28126,2285,1994-08-12,91.185,PERF,P,P,P,P,P,P,P,P,P,P,8641,743,2193,26.033,OK,144,743,0,ok,1,0.9021,0.0698,0,23.529
28127,2285,1994-08-12,91.185,PERF,P,P,P,P,P,P,P,P,P,P,2118,170,523,6.209,OK,34,174,0,ok,1,0.9021,0.0698,0,5.555
28130,2287,1994-08-12,91.189,PERF,P,P,P,P,P,P,P,P,P,P,10583,508,1492,17.71,OK,159,590,1,truncated_counters,0,1.0108,0.0186,0,25.980
28131,2287,1994-08-12,91.191,PERF,P,P,P,P,P,P,P,P,P,P,11787,349,929,11.028,OK,117,451,1,truncated_counters,0,1.0108,0.0186,0,19.117
28132,2287,1994-08-12,91.194,PERF,P,P,P,P,P,P,P,P,P,P,9997,649,1850,21.961,OK,127,646,0,ok,1,1.0108,0.0186,0,20.751
28133,2287,1994-08-12,91.195,PERF,P,P,P,P,P,P,P,P,P,P,9835,691,2124,25.215,OK,151,690,0,ok,1,1.0108,0.0186,0,24.673
28134,2287,1994-08-12,91.195,PERF,P,P,P,P,P,P,P,P,P,P,9412,736,2024,24.027,OK,153,738,0,ok,1,1.0108,0.0186,0,25.000
28135,2287,1994-08-12,91.195,PERF,P,P,P,P,P,P,P,P,P,P,9500,746,2074,24.621,OK,142,745,0,ok,1,1.0108,0.0186,0,23.202
28136,2287,1994-08-12,91.195,PERF,P,P,P,P,P,P,P,P,P,P,9610,707,2020,23.98,OK,159,709,0,ok,1,1.0108,0.0186,0,25.980
28137,2287,1994-08-12,91.195,PERF,P,P,P,P,P,P,P,P,P,P,9608,742,2171,25.773,OK,152,742,0,ok,1,1.0108,0.0186,0,24.836
28138,2287,1994-08-12,91.195,PERF,P,P,P,P,P,P,P,P,P,P,9523,728,2158,25.618,OK,143,729,0,ok,1,1.0108,0.0186,0,23.366
28139,2287,1994-08-12,91.195,PERF,P,P,P,P,P,P,P,P,P,P,9106,746,2008,23.837,OK,150,747,0,ok,1,1.0108,0.0186,0,24.510
28140,2287,1994-08-12,91.195,PERF,P,P,P,P,P,P,P,P,P,P,9614,726,2242,26.615,OK,164,726,0,ok,1,1.0108,0.0186,0,26.797
28141,2287,1994-08-12,91.195,PERF,P,P,P,P,P,P,P,P,P,P,9160,781,2202,26.14,OK,164,781,0,ok,1,1.0108,0.0186,0,26.797
28142,2287,1994-08-12,91.194,PERF,P,P,P,P,P,P,P,P,P,P,9127,757,2106,25.001,OK,184,758,0,ok,1,1.0108,0.0186,0,30.065
28143,2287,1994-08-12,91.195,PERF,P,P,P,P,P,P,P,P,P,P,9122,749,2133,25.321,OK,146,748,0,ok,1,1.0108,0.0186,0,23.856
28144,2287,1994-08-12,91.195,PERF,P,P,P,P,P,P,P,P,P,P,9536,714,2248,26.687,OK,159,714,0,ok,1,1.0108,0.0186,0,25.980
28145,2287,1994-08-12,91.194,PERF,P,P,P,P,P,P,P,P,P,P,8887,750,1974,23.433,OK,147,749,0,ok,1,1.0108,0.0186,0,24.019
28146,2287,1994-08-12,91.193,PERF,P,P,P,P,P,P,P,P,P,P,9141,759,2129,25.273,OK,156,759,0,ok,1,1.0108,0.0186,0,25.490
28147,2287,1994-08-12,91.197,PERF,P,P,P,P,P,P,P,P,P,P,9317,723,2184,25.928,OK,170,725,0,ok,1,1.0108,0.0186,0,27.777
28148,2287,1994-08-12,91.198,PERF,P,P,P,P,P,P,P,P,P,P,9135,746,2111,25.062,OK,169,746,0,ok,1,1.0108,0.0186,0,27.614
28149,2287,1994-08-12,91.2,PERF,P,P,P,P,P,P,P,P,P,P,8722,758,2125,25.229,OK,141,758,0,ok,1,1.0108,0.0186,0,23.039
28150,2287,1994-08-12,91.201,PERF,P,P,P,P,P,P,P,P,P,P,8943,752,2105,24.993,OK,147,752,0,ok,1,1.0108,0.0186,0,24.019
28151,2287,1994-08-12,91.203,PERF,P,P,P,P,P,P,P,P,P,P,9144,700,1960,23.272,OK,149,700,0,ok,1,1.0108,0.0186,0,24.346
28152,2287,1994-08-12,91.203,PERF,P,P,P,P,P,P,P,P,P,P,5698,405,1161,13.785,OK,93,406,0,ok,1,1.0108,0.0186,0,15.196
28155,2288,1994-08-13,91.185,PERF,P,P,P,P,P,P,P,P,P,P,9570,700,1835,21.781,OK,158,700,0,ok,1,1.0123,0.0181,0,25.817
28156,2288,1994-08-13,91.184,PERF,P,P,P,P,P,P,P,P,P,P,9667,715,2011,23.87,OK,150,715,0,ok,1,1.0123,0.0181,0,24.510
28157,2288,1994-08-13,91.184,PERF,P,P,P,P,P,P,P,P,P,P,9463,698,2024,24.024,OK,150,697,0,ok,1,1.0123,0.0181,0,24.510
28158,2288,1994-08-13,91.184,PERF,P,P,P,P,P,P,P,P,P,P,9437,725,1982,23.526,OK,157,726,0,ok,1,1.0123,0.0181,0,25.653
28159,2288,1994-08-13,91.185,PERF,P,P,P,P,P,P,P,P,P,P,9596,736,2165,25.699,OK,165,736,0,ok,1,1.0123,0.0181,0,26.960
28160,2288,1994-08-13,91.185,PERF,P,P,P,P,P,P,P,P,P,P,9782,714,2269,26.933,OK,157,714,0,ok,1,1.0123,0.0181,0,25.653
28161,2288,1994-08-13,91.186,PERF,P,P,P,P,P,P,P,P,P,P,9285,751,2217,26.316,OK,190,750,0,ok,1,1.0123,0.0181,0,31.045
28162,2288,1994-08-13,91.187,PERF,P,P,P,P,P,P,P,P,P,P,8854,772,2086,24.762,OK,148,772,0,ok,1,1.0123,0.0181,0,24.183
28163,2288,1994-08-13,91.189,PERF,P,P,P,P,P,P,P,P,P,P,8967,747,2100,24.93,OK,158,747,0,ok,1,1.0123,0.0181,0,25.817
28164,2288,1994-08-13,91.188,PERF,P,P,P,P,P,P,P,P,P,P,9361,731,2187,25.962,OK,150,730,0,ok,1,1.0123,0.0181,0,24.510
28165,2288,1994-08-13,91.189,PERF,P,P,P,P,P,P,P,P,P,P,8960,766,2161,25.654,OK,153,765,0,ok,1,1.0123,0.0181,0,25.000
28166,2288,1994-08-13,91.19,PERF,P,P,P,P,P,P,P,P,P,P,9004,768,2117,25.132,OK,149,767,0,ok,1,1.0123,0.0181,0,24.346
28167,2288,1994-08-13,91.191,PERF,P,P,P,P,P,P,P,P,P,P,9369,756,2302,27.329,OK,159,756,0,ok,1,1.0123,0.0181,0,25.980
28168,2288,1994-08-13,91.193,PERF,P,P,P,P,P,P,P,P,P,P,9040,812,2230,26.475,OK,164,812,0,ok,1,1.0123,0.0181,0,26.797
28169,2288,1994-08-13,91.193,PERF,P,P,P,P,P,P,P,P,P,P,8947,797,2188,25.977,OK,165,798,0,ok,1,1.0123,0.0181,0,26.960
28170,2288,1994-08-13,91.196,PERF,P,P,P,P,P,P,P,P,P,P,8960,786,2191,26.013,OK,165,787,0,ok,1,1.0123,0.0181,0,26.960
28171,2288,1994-08-13,91.197,PERF,P,P,P,P,P,P,P,P,P,P,8655,800,2161,25.658,OK,148,801,0,ok,1,1.0123,0.0181,0,24.183
28172,2288,1994-08-13,91.197,PERF,P,P,P,P,P,P,P,P,P,P,8886,785,2196,26.074,OK,140,786,0,ok,1,1.0123,0.0181,0,22.876
28173,2288,1994-08-13,91.197,PERF,P,P,P,P,P,P,P,P,P,P,9111,773,2285,27.13,OK,168,774,0,ok,1,1.0123,0.0181,0,27.451
28174,2288,1994-08-13,91.195,PERF,P,P,P,P,P,P,P,P,P,P,8824,783,2156,25.598,OK,150,782,0,ok,1,1.0123,0.0181,0,24.510
28175,2288,1994-08-13,91.197,PERF,P,P,P,P,P,P,P,P,P,P,9234,750,2248,26.691,OK,175,750,0,ok,1,1.0123,0.0181,0,28.594
28176,2288,1994-08-13,91.197,PERF,P,P,P,P,P,P,P,P,P,P,1712,148,423,5.022,OK,30,148,0,ok,1,1.0123,0.0181,0,4.902
28179,2289,1994-08-13,91.188,PERF,P,P,P,P,P,P,P,P,P,P,10036,679,1868,22.176,OK,148,679,0,ok,1,0.9938,0.0187,0,24.183
28180,2289,1994-08-13,91.187,PERF,P,P,P,P,P,P,P,P,P,P,9974,658,1863,22.116,OK,152,657,0,ok,1,0.9938,0.0187,0,24.836
28181,2289,1994-08-13,91.189,PERF,P,P,P,P,P,P,P,P,P,P,9481,708,1853,21.998,OK,148,706,0,ok,1,0.9938,0.0187,0,24.183
28182,2289,1994-08-13,91.191,PERF,P,P,P,P,P,P,P,P,P,P,9916,673,1992,23.649,OK,150,672,0,ok,1,0.9938,0.0187,0,24.510
28183,2289,1994-08-13,91.192,PERF,P,P,P,P,P,P,P,P,P,P,9621,699,2055,24.397,OK,144,699,0,ok,1,0.9938,0.0187,0,23.529
28184,2289,1994-08-13,91.193,PERF,P,P,P,P,P,P,P,P,P,P,9409,737,2135,25.348,OK,156,736,0,ok,1,0.9938,0.0187,0,25.490
28185,2289,1994-08-13,91.194,PERF,P,P,P,P,P,P,P,P,P,P,9249,728,2127,25.253,OK,138,730,0,ok,1,0.9938,0.0187,0,22.549
28186,2289,1994-08-13,91.195,PERF,P,P,P,P,P,P,P,P,P,P,9594,773,2234,26.524,OK,165,771,0,ok,1,0.9938,0.0187,0,26.960
28187,2289,1994-08-13,91.195,PERF,P,P,P,P,P,P,P,P,P,P,9291,760,2071,24.589,OK,148,759,0,ok,1,0.9938,0.0187,0,24.183
28188,2289,1994-08-13,91.196,PERF,P,P,P,P,P,P,P,P,P,P,9283,744,2101,24.946,OK,159,744,0,ok,1,0.9938,0.0187,0,25.980
28189,2289,1994-08-13,91.197,PERF,P,P,P,P,P,P,P,P,P,P,9119,751,2176,25.837,OK,149,752,0,ok,1,0.9938,0.0187,0,24.346
28190,2289,1994-08-13,91.197,PERF,P,P,P,P,P,P,P,P,P,P,9048,757,2169,25.754,OK,161,757,0,ok,1,0.9938,0.0187,0,26.307
28191,2289,1994-08-13,91.197,PERF,P,P,P,P,P,P,P,P,P,P,9214,767,2143,25.445,OK,150,767,0,ok,1,0.9938,0.0187,0,24.510
28192,2289,1994-08-13,91.196,PERF,P,P,P,P,P,P,P,P,P,P,9210,776,2269,26.941,OK,151,776,0,ok,1,0.9938,0.0187,0,24.673
28193,2289,1994-08-14,91.197,PERF,P,P,P,P,P,P,P,P,P,P,8872,783,2304,27.357,OK,146,784,0,ok,1,0.9938,0.0187,0,23.856
28194,2289,1994-08-14,91.196,PERF,P,P,P,P,P,P,P,P,P,P,8898,793,2212,26.264,OK,165,792,0,ok,1,0.9938,0.0187,0,26.960
28195,2289,1994-08-14,91.196,PERF,P,P,P,P,P,P,P,P,P,P,8860,775,2225,26.418,OK,164,777,0,ok,1,0.9938,0.0187,0,26.797
28196,2289,1994-08-14,91.194,PERF,P,P,P,P,P,P,P,P,P,P,8707,798,2108,25.028,OK,160,797,0,ok,1,0.9938,0.0187,0,26.143
28197,2289,1994-08-14,91.193,PERF,P,P,P,P,P,P,P,P,P,P,9101,772,2273,26.986,OK,156,771,0,ok,1,0.9938,0.0187,0,25.490
28198,2289,1994-08-14,91.191,PERF,P,P,P,P,P,P,P,P,P,P,8067,601,1741,20.669,OK,117,605,0,ok,1,0.9938,0.0187,0,19.117
28200,2290,1994-08-14,91.183,MAYB,P,P,P,P,P,M,P,P,P,P,9697,642,1770,21.009,OK,130,641,0,ok,1,1.0408,0.0222,0,21.242
28201,2290,1994-08-14,91.184,MAYB,P,P,P,P,P,M,P,P,P,P,9239,486,1411,16.748,OK,148,643,1,truncated_counters,0,1.0408,0.0222,0,24.183
28202,2290,1994-08-14,91.186,MAYB,P,P,P,P,P,M,P,P,P,P,9837,656,2003,23.776,OK,146,657,0,ok,1,1.0408,0.0222,0,23.856
28203,2290,1994-08-14,91.188,MAYB,P,P,P,P,P,M,P,P,P,P,9547,694,1976,23.456,OK,179,693,0,ok,1,1.0408,0.0222,0,29.248
28204,2290,1994-08-14,91.189,MAYB,P,P,P,P,P,M,P,P,P,P,9476,705,2052,24.359,OK,143,705,0,ok,1,1.0408,0.0222,0,23.366
28205,2290,1994-08-14,91.19,MAYB,P,P,P,P,P,M,P,P,P,P,9336,737,2031,24.111,OK,158,738,0,ok,1,1.0408,0.0222,0,25.817
28206,2290,1994-08-14,91.192,MAYB,P,P,P,P,P,M,P,P,P,P,9921,447,1266,15.03,OK,179,681,1,vetoed_tracking_quality,0,1.0408,0.0222,0,29.248
28207,2290,1994-08-14,91.193,MAYB,P,P,P,P,P,M,P,P,P,P,8972,751,2017,23.946,OK,171,749,0,ok,1,1.0408,0.0222,0,27.941
28208,2290,1994-08-14,91.195,MAYB,P,P,P,P,P,M,P,P,P,P,9256,715,2100,24.932,OK,131,714,0,ok,1,1.0408,0.0222,0,21.405
28209,2290,1994-08-14,91.196,MAYB,P,P,P,P,P,M,P,P,P,P,9216,745,2129,25.277,OK,138,744,0,ok,1,1.0408,0.0222,0,22.549
28210,2290,1994-08-14,91.197,MAYB,P,P,P,P,P,M,P,P,P,P,9388,730,2242,26.619,OK,164,731,0,ok,1,1.0408,0.0222,0,26.797
28211,2290,1994-08-14,91.198,MAYB,P,P,P,P,P,M,P,P,P,P,9217,731,2114,25.1,OK,134,732,0,ok,1,1.0408,0.0222,0,21.895
28212,2290,1994-08-14,91.199,MAYB,P,P,P,P,P,M,P,P,P,P,9567,705,2300,27.309,OK,173,706,0,ok,1,1.0408,0.0222,0,28.268
28213,2290,1994-08-14,91.2,MAYB,P,P,P,P,P,M,P,P,P,P,9343,754,2229,26.467,OK,199,755,0,ok,1,1.0408,0.0222,0,32.516
28214,2290,1994-08-14,91.2,MAYB,P,P,P,P,P,M,P,P,P,P,8941,734,2118,25.149,OK,147,733,0,ok,1,1.0408,0.0222,0,24.019
28215,2290,1994-08-14,91.201,MAYB,P,P,P,P,P,M,P,P,P,P,9035,762,2098,24.912,OK,177,763,0,ok,1,1.0408,0.0222,0,28.921
28216,2290,1994-08-14,91.201,MAYB,P,P,P,P,P,M,P,P,P,P,8486,675,2042,24.247,OK,171,675,0,ok,1,1.0408,0.0222,0,27.941
28218,2291,1994-08-14,91.191,MAYB,P,P,P,P,P,M,P,P,P,P,9822,701,1962,23.293,OK,163,703,0,ok,1,1.0098,0.0181,0,26.634
28219,2291,1994-08-14,91.192,MAYB,P,P,P,P,P,M,P,P,P,P,9812,671,1974,23.436,OK,115,672,0,ok,1,1.0098,0.0181,0,18.791
28220,2291,1994-08-14,91.192,MAYB,P,P,P,P,P,M,P,P,P,P,9623,708,1982,23.531,OK,137,707,0,ok,1,1.0098,0.0181,0,22.385
28221,2291,1994-08-14,91.193,MAYB,P,P,P,P,P,M,P,P,P,P,9405,701,1954,23.199,OK,145,703,0,ok,1,1.0098,0.0181,0,23.693
28222,2291,1994-08-14,91.193,MAYB,P,P,P,P,P,M,P,P,P,P,9356,753,2016,23.935,OK,140,754,0,ok,1,1.0098,0.0181,0,22.876
28223,2291,1994-08-14,91.194,MAYB,P,P,P,P,P,M,P,P,P,P,9483,714,2092,24.838,OK,172,714,0,ok,1,1.0098,0.0181,0,28.104
28224,2291,1994-08-14,91.194,MAYB,P,P,P,P,P,M,P,P,P,P,9313,736,2084,24.743,OK,171,736,0,ok,1,1.0098,0.0181,0,27.941
28225,2291,1994-08-14,91.195,MAYB,P,P,P,P,P,M,P,P,P,P,9368,741,2150,25.527,OK,164,742,0,ok,1,1.0098,0.0181,0,26.797
28226,2291,1994-08-14,91.195,MAYB,P,P,P,P,P,M,P,P,P,P,9203,743,2092,24.839,OK,145,743,0,ok,1,1.0098,0.0181,0,23.693
28227,2291,1994-08-14,91.196,MAYB,P,P,P,P,P,M,P,P,P,P,9223,772,2199,26.109,OK,165,771,0,ok,1,1.0098,0.0181,0,26.960
28228,2291,1994-08-14,91.196,MAYB,P,P,P,P,P,M,P,P,P,P,9385,740,2266,26.905,OK,163,740,0,ok,1,1.0098,0.0181,0,26.634
28229,2291,1994-08-14,91.195,MAYB,P,P,P,P,P,M,P,P,P,P,9134,743,2205,26.18,OK,162,744,0,ok,1,1.0098,0.0181,0,26.470
28230,2291,1994-08-14,91.197,MAYB,P,P,P,P,P,M,P,P,P,P,9094,745,2174,25.813,OK,161,744,0,ok,1,1.0098,0.0181,0,26.307
28231,2291,1994-08-15,91.197,MAYB,P,P,P,P,P,M,P,P,P,P,8928,780,2121,25.184,OK,138,781,0,ok,1,1.0098,0.0181,0,22.549
28232,2291,1994-08-15,91.196,MAYB,P,P,P,P,P,M,P,P,P,P,9150,765,2240,26.596,OK,176,764,0,ok,1,1.0098,0.0181,0,28.758
28233,2291,1994-08-15,91.196,MAYB,P,P,P,P,P,M,P,P,P,P,9043,783,2201,26.133,OK,158,783,0,ok,1,1.0098,0.0181,0,25.817
28234,2291,1994-08-15,91.195,MAYB,P,P,P,P,P,M,P,P,P,P,9124,786,2218,26.335,OK,169,786,0,ok,1,1.0098,0.0181,0,27.614
28235,2291,1994-08-15,91.194,MAYB,P,P,P,P,P,M,P,P,P,P,9193,772,2119,25.159,OK,167,772,0,ok,1,1.0098,0.0181,0,27.287
28236,2291,1994-08-15,91.193,MAYB,P,P,P,P,P,M,P,P,P,P,9261,749,2220,26.357,OK,161,749,0,ok,1,1.0098,0.0181,0,26.307
28237,2291,1994-08-15,91.191,MAYB,P,P,P,P,P,M,P,P,P,P,9404,754,2250,26.712,OK,167,755,0,ok,1,1.0098,0.0181,0,27.287
28238,2291,1994-08-15,91.188,MAYB,P,P,P,P,P,M,P,P,P,P,9176,774,2137,25.369,OK,149,777,0,ok,1,1.0098,0.0181,0,24.346
28239,2291,1994-08-15,91.188,MAYB,P,P,P,P,P,M,P,P,P,P,3070,244,700,8.31,OK,40,243,0,ok,1,1.0098,0.0181,0,6.536
28389,2312,1994-08-19,91.185,MAYB,P,P,P,P,P,M,P,P,P,P,8834,509,1478,17.544,OK,103,508,0,ok,1,1.0249,0.0661,0,16.830
28390,2312,1994-08-19,91.188,MAYB,P,P,P,P,P,M,P,P,P,P,8750,550,1504,17.853,OK,116,550,0,ok,1,1.0249,0.0661,0,18.954
28391,2312,1994-08-19,91.19,MAYB,P,P,P,P,P,M,P,P,P,P,2639,194,483,5.734,OK,39,194,0,ok,1,1.0249,0.0661,0,6.372
28393,2313,1994-08-20,91.179,MAYB,P,P,P,P,P,M,P,P,P,P,9221,579,1709,20.283,OK,153,579,0,ok,1,1.1056,0.0448,0,25.000
28394,2313,1994-08-20,91.18,MAYB,P,P,P,P,P,M,P,P,P,P,8582,621,1641,19.476,OK,132,621,0,ok,1,1.1056,0.0448,0,21.568
28395,2313,1994-08-20,91.182,MAYB,P,P,P,P,P,M,P,P,P,P,8530,619,1720,20.415,OK,138,621,0,ok,1,1.1056,0.0448,0,22.549
28396,2313,1994-08-20,91.185,MAYB,P,P,P,P,P,M,P,P,P,P,8669,594,1665,19.763,OK,130,595,0,ok,1,1.1056,0.0448,0,21.242
28397,2313,1994-08-20,91.187,MAYB,P,P,P,P,P,M,P,P,P,P,7423,496,1471,17.461,OK,106,496,0,ok,1,1.1056,0.0448,0,17.320
28399,2317,1994-08-20,91.171,MAYB,P,P,P,P,P,M,P,P,P,P,8857,638,1699,20.161,OK,140,638,0,ok,1,1.0317,0.0288,0,22.876
28400,2317,1994-08-20,91.177,MAYB,P,P,P,P,P,M,P,P,P,P,8844,612,1692,20.081,OK,123,613,0,ok,1,1.0317,0.0288,0,20.098
28401,2317,1994-08-20,91.182,MAYB,P,P,P,P,P,M,P,P,P,P,8763,665,1896,22.504,OK,123,664,0,ok,1,1.0317,0.0288,0,20.098
28402,2317,1994-08-20,91.182,MAYB,P,P,P,P,P,M,P,P,P,P,1210,77,255,3.027,OK,17,77,0,ok,1,1.0317,0.0288,0,2.778
28403,2317,1994-08-20,91.181,MAYB,P,P,P,P,P,M,P,P,P,P,2052,141,421,4.997,OK,33,141,0,ok,1,1.0317,0.0288,0,5.392
28404,2317,1994-08-20,91.182,MAYB,P,P,P,P,P,M,P,P,P,P,6403,491,1382,16.403,OK,108,492,0,ok,1,1.0317,0.0288,0,17.647
28405,2317,1994-08-20,91.185,MAYB,P,P,P,P,P,M,P,P,P,P,8839,633,1950,23.147,OK,139,633,0,ok,1,1.0317,0.0288,0,22.712
28406,2317,1994-08-20,91.187,MAYB,P,P,P,P,P,M,P,P,P,P,8628,654,1912,22.697,OK,155,654,0,ok,1,1.0317,0.0288,0,25.326
28407,2317,1994-08-20,91.189,MAYB,P,P,P,P,P,M,P,P,P,P,8877,670,2000,23.743,OK,161,670,0,ok,1,1.0317,0.0288,0,26.307
28408,2317,1994-08-20,91.191,MAYB,P,P,P,P,P,M,P,P,P,P,8619,683,1964,23.316,OK,145,682,0,ok,1,1.0317,0.0288,0,23.693
28409,2317,1994-08-20,91.194,MAYB,P,P,P,P,P,M,P,P,P,P,8432,667,1800,21.37,OK,127,667,0,ok,1,1.0317,0.0288,0,20.751
28410,2317,1994-08-20,91.194,MAYB,P,P,P,P,P,M,P,P,P,P,7067,576,1482,17.595,OK,112,577,0,ok,1,1.0317,0.0288,0,18.300
28414,2318,1994-08-20,91.183,MAYB,P,P,P,P,P,M,P,P,P,P,9064,623,1801,21.376,OK,126,624,0,ok,1,1.0138,0.0211,0,20.588
28415,2318,1994-08-21,91.182,MAYB,P,P,P,P,P,M,P,P,P,P,9142,658,1852,21.981,OK,154,655,0,ok,1,1.0138,0.0211,0,25.163
28416,2318,1994-08-21,91.183,MAYB,P,P,P,P,P,M,P,P,P,P,9028,636,1922,22.812,OK,133,636,0,ok,1,1.0138,0.0211,0,21.732
28417,2318,1994-08-21,91.183,MAYB,P,P,P,P,P,M,P,P,P,P,9121,669,1997,23.702,OK,139,669,0,ok,1,1.0138,0.0211,0,22.712
28418,2318,1994-08-21,91.183,MAYB,P,P,P,P,P,M,P,P,P,P,8933,672,1983,23.536,OK,142,671,0,ok,1,1.0138,0.0211,0,23.202
28419,2318,1994-08-21,91.183,MAYB,P,P,P,P,P,M,P,P,P,P,4652,344,1023,12.142,OK,76,344,0,ok,1,1.0138,0.0211,0,12.418
28420,2318,1994-08-21,91.184,MAYB,P,P,P,P,P,M,P,P,P,P,8846,663,1940,23.027,OK,133,666,0,ok,1,1.0138,0.0211,0,21.732
28421,2318,1994-08-21,91.185,MAYB,P,P,P,P,P,M,P,P,P,P,8705,657,1866,22.149,OK,137,656,0,ok,1,1.0138,0.0211,0,22.385
28422,2318,1994-08-21,91.186,MAYB,P,P,P,P,P,M,P,P,P,P,8738,694,1974,23.431,OK,149,695,0,ok,1,1.0138,0.0211,0,24.346
28423,2318,1994-08-21,91.187,MAYB,P,P,P,P,P,M,P,P,P,P,8610,680,1895,22.494,OK,154,680,0,ok,1,1.0138,0.0211,0,25.163
28424,2318,1994-08-21,91.189,MAYB,P,P,P,P,P,M,P,P,P,P,8636,700,2016,23.931,OK,141,700,0,ok,1,1.0138,0.0211,0,23.039
28425,2318,1994-08-21,91.19,MAYB,P,P,P,P,P,M,P,P,P,P,8729,680,2045,24.276,OK,152,680,0,ok,1,1.0138,0.0211,0,24.836
28426,2318,1994-08-21,91.191,MAYB,P,P,P,P,P,M,P,P,P,P,8377,719,1893,22.472,OK,142,717,0,ok,1,1.0138,0.0211,0,23.202
28427,2318,1994-08-21,91.192,MAYB,P,P,P,P,P,M,P,P,P,P,8600,700,1957,23.233,OK,150,703,0,ok,1,1.0138,0.0211,0,24.510
28428,2318,1994-08-21,91.193,MAYB,P,P,P,P,P,M,P,P,P,P,8378,681,1896,22.509,OK,134,681,0,ok,1,1.0138,0.0211,0,21.895
28429,2318,1994-08-21,91.192,MAYB,P,P,P,P,P,M,P,P,P,P,8695,687,2031,24.111,OK,135,686,0,ok,1,1.0138,0.0211,0,22.059
28430,2318,1994-08-21,91.19,MAYB,P,P,P,P,P,M,P,P,P,P,8825,650,1922,22.816,OK,146,650,0,ok,1,1.0138,0.0211,0,23.856
28431,2318,1994-08-21,91.188,MAYB,P,P,P,P,P,M,P,P,P,P,6812,577,1647,19.551,OK,136,579,0,ok,1,1.0138,0.0211,0,22.222
28436,2320,1994-08-21,91.176,PERF,P,P,P,P,P,P,P,P,P,P,9020,632,1600,18.987,OK,136,633,0,ok,1,0.9743,0.0216,0,22.222
28438,2320,1994-08-21,91.177,PERF,P,P,P,P,P,P,P,P,P,P,9099,643,1865,22.133,OK,118,643,0,ok,1,0.9743,0.0216,0,19.281
28439,2320,1994-08-21,91.178,PERF,P,P,P,P,P,P,P,P,P,P,8891,689,1884,22.359,OK,133,688,0,ok,1,0.9743,0.0216,0,21.732
28440,2320,1994-08-21,91.181,PERF,P,P,P,P,P,P,P,P,P,P,8906,689,1955,23.202,OK,144,688,0,ok,1,0.9743,0.0216,0,23.529
28441,2320,1994-08-21,91.182,PERF,P,P,P,P,P,P,P,P,P,P,9010,695,2041,24.224,OK,133,695,0,ok,1,0.9743,0.0216,0,21.732
28442,2320,1994-08-21,91.184,PERF,P,P,P,P,P,P,P,P,P,P,8867,670,1974,23.43,OK,124,669,0,ok,1,0.9743,0.0216,0,20.261
28443,2320,1994-08-21,91.186,PERF,P,P,P,P,P,P,P,P,P,P,8827,678,1942,23.051,OK,138,678,0,ok,1,0.9743,0.0216,0,22.549
28444,2320,1994-08-21,91.188,PERF,P,P,P,P,P,P,P,P,P,P,8712,706,2055,24.393,OK,129,706,0,ok,1,0.9743,0.0216,0,21.078
28445,2320,1994-08-21,91.189,PERF,P,P,P,P,P,P,P,P,P,P,8562,722,1885,22.376,OK,148,722,0,ok,1,0.9743,0.0216,0,24.183
28446,2320,1994-08-21,91.191,PERF,P,P,P,P,P,P,P,P,P,P,8807,699,2091,24.822,OK,151,700,0,ok,1,0.9743,0.0216,0,24.673
28447,2320,1994-08-21,91.192,PERF,P,P,P,P,P,P,P,P,P,P,8748,670,1999,23.73,OK,135,671,0,ok,1,0.9743,0.0216,0,22.059
28448,2320,1994-08-21,91.193,PERF,P,P,P,P,P,P,P,P,P,P,8764,692,2091,24.823,OK,150,693,0,ok,1,0.9743,0.0216,0,24.510
28449,2320,1994-08-21,91.192,PERF,P,P,P,P,P,P,P,P,P,P,8395,724,1906,22.626,OK,138,725,0,ok,1,0.9743,0.0216,0,22.549
28450,2320,1994-08-21,91.191,PERF,P,P,P,P,P,P,P,P,P,P,8558,703,1988,23.599,OK,162,704,0,ok,1,0.9743,0.0216,0,26.470
28451,2320,1994-08-21,91.192,PERF,P,P,P,P,P,P,P,P,P,P,8290,715,1932,22.935,OK,153,716,0,ok,1,0.9743,0.0216,0,25.000
28452,2320,1994-08-21,91.192,PERF,P,P,P,P,P,P,P,P,P,P,6182,550,1453,17.249,OK,78,549,0,ok,1,0.9743,0.0216,0,12.745
28455,2321,1994-08-22,91.18,PERF,P,P,P,P,P,P,P,P,P,P,9642,448,1296,15.371,OK,110,452,0,ok,1,1.1693,0.1161,0,17.974
28458,2323,1994-08-22,91.189,PERF,P,P,P,P,P,P,P,P,P,P,9195,614,1757,20.857,OK,144,613,0,ok,1,0.9868,0.0188,0,23.529
28459,2323,1994-08-22,91.191,PERF,P,P,P,P,P,P,P,P,P,P,8966,668,1818,21.583,OK,123,669,0,ok,1,0.9868,0.0188,0,20.098
28460,2323,1994-08-22,91.193,PERF,P,P,P,P,P,P,P,P,P,P,9091,632,1825,21.667,OK,121,631,0,ok,1,0.9868,0.0188,0,19.771
28461,2323,1994-08-22,91.194,PERF,P,P,P,P,P,P,P,P,P,P,8898,666,1801,21.382,OK,155,667,0,ok,1,0.9868,0.0188,0,25.326
28462,2323,1994-08-22,91.195,PERF,P,P,P,P,P,P,P,P,P,P,8903,670,1950,23.152,OK,135,672,0,ok,1,0.9868,0.0188,0,22.059
28463,2323,1994-08-22,91.196,PERF,P,P,P,P,P,P,P,P,P,P,8821,661,1874,22.25,OK,113,661,0,ok,1,0.9868,0.0188,0,18.464
28464,2323,1994-08-22,91.196,PERF,P,P,P,P,P,P,P,P,P,P,8973,669,2097,24.898,OK,153,670,0,ok,1,0.9868,0.0188,0,25.000
28465,2323,1994-08-22,91.196,PERF,P,P,P,P,P,P,P,P,P,P,8629,699,1961,23.283,OK,151,700,0,ok,1,0.9868,0.0188,0,24.673
28466,2323,1994-08-22,91.195,PERF,P,P,P,P,P,P,P,P,P,P,8995,664,1961,23.283,OK,148,665,0,ok,1,0.9868,0.0188,0,24.183
28467,2323,1994-08-22,91.194,PERF,P,P,P,P,P,P,P,P,P,P,8381,718,1858,22.059,OK,136,718,0,ok,1,0.9868,0.0188,0,22.222
28468,2323,1994-08-22,91.193,PERF,P,P,P,P,P,P,P,P,P,P,8713,696,2002,23.768,OK,139,693,0,ok,1,0.9868,0.0188,0,22.712
28469,2323,1994-08-22,91.191,PERF,P,P,P,P,P,P,P,P,P,P,8743,690,2039,24.206,OK,120,690,0,ok,1,0.9868,0.0188,0,19.608
28470,2323,1994-08-22,91.19,PERF,P,P,P,P,P,P,P,P,P,P,8702,706,2047,24.301,OK,149,705,0,ok,1,0.9868,0.0188,0,24.346
28471,2323,1994-08-22,91.189,PERF,P,P,P,P,P,P,P,P,P,P,8539,698,2012,23.885,OK,138,698,0,ok,1,0.9868,0.0188,0,22.549
28472,2323,1994-08-22,91.188,PERF,P,P,P,P,P,P,P,P,P,P,8516,713,2003,23.777,OK,150,713,0,ok,1,0.9868,0.0188,0,24.510
28473,2323,1994-08-22,91.188,PERF,P,P,P,P,P,P,P,P,P,P,8534,693,2011,23.872,OK,159,692,0,ok,1,0.9868,0.0188,0,25.980
28474,2323,1994-08-22,91.188,PERF,P,P,P,P,P,P,P,P,P,P,8652,684,2102,24.953,OK,151,683,0,ok,1,0.9868,0.0188,0,24.673
28475,2323,1994-08-22,91.189,PERF,P,P,P,P,P,P,P,P,P,P,8401,719,2058,24.431,OK,162,718,0,ok,1,0.9868,0.0188,0,26.470
28476,2323,1994-08-22,91.19,PERF,P,P,P,P,P,P,P,P,P,P,8529,715,2083,24.728,OK,138,715,0,ok,1,0.9868,0.0188,0,22.549
28477,2323,1994-08-22,91.192,PERF,P,P,P,P,P,P,P,P,P,P,8447,708,1930,22.913,OK,131,709,0,ok,1,0.9868,0.0188,0,21.405
28478,2323,1994-08-22,91.195,PERF,P,P,P,P,P,P,P,P,P,P,8276,603,1912,22.701,OK,131,603,0,ok,1,0.9868,0.0188,0,21.405
28481,2324,1994-08-22,91.188,PERF,P,P,P,P,P,P,P,P,P,P,3901,216,609,7.229,OK,46,216,0,ok,1,0.9978,0.0240,0,7.516
28483,2324,1994-08-22,91.189,PERF,P,P,P,P,P,P,P,P,P,P,9227,634,1736,20.607,OK,123,634,0,ok,1,0.9978,0.0240,0,20.098
28484,2324,1994-08-22,91.189,PERF,P,P,P,P,P,P,P,P,P,P,9309,633,1847,21.924,OK,145,633,0,ok,1,0.9978,0.0240,0,23.693
28485,2324,1994-08-22,91.189,PERF,P,P,P,P,P,P,P,P,P,P,8956,668,1701,20.191,OK,118,668,0,ok,1,0.9978,0.0240,0,19.281
28486,2324,1994-08-22,91.188,PERF,P,P,P,P,P,P,P,P,P,P,9011,564,1485,17.627,OK,132,604,0,ok,1,0.9978,0.0240,0,21.568
28487,2324,1994-08-22,91.187,PERF,P,P,P,P,P,P,P,P,P,P,8844,662,1850,21.959,OK,127,661,0,ok,1,0.9978,0.0240,0,20.751
28488,2324,1994-08-22,91.186,PERF,P,P,P,P,P,P,P,P,P,P,9033,639,1909,22.659,OK,126,639,0,ok,1,0.9978,0.0240,0,20.588
28489,2324,1994-08-23,91.185,PERF,P,P,P,P,P,P,P,P,P,P,8767,666,1941,23.038,OK,128,665,0,ok,1,0.9978,0.0240,0,20.915
28490,2324,1994-08-23,91.184,PERF,P,P,P,P,P,P,P,P,P,P,8927,641,1880,22.314,OK,122,642,0,ok,1,0.9978,0.0240,0,19.934
28491,2324,1994-08-23,91.184,PERF,P,P,P,P,P,P,P,P,P,P,8777,672,1959,23.251,OK,128,673,0,ok,1,0.9978,0.0240,0,20.915
28492,2324,1994-08-23,91.184,PERF,P,P,P,P,P,P,P,P,P,P,8569,675,1906,22.622,OK,157,673,0,ok,1,0.9978,0.0240,0,25.653
28493,2324,1994-08-23,91.184,PERF,P,P,P,P,P,P,P,P,P,P,8627,689,1970,23.382,OK,133,691,0,ok,1,0.9978,0.0240,0,21.732
28494,2324,1994-08-23,91.185,PERF,P,P,P,P,P,P,P,P,P,P,8597,676,1917,22.753,OK,158,675,0,ok,1,0.9978,0.0240,0,25.817
28495,2324,1994-08-23,91.186,PERF,P,P,P,P,P,P,P,P,P,P,8296,659,1808,21.46,OK,133,657,0,ok,1,0.9978,0.0240,0,21.732
28496,2324,1994-08-23,91.187,PERF,P,P,P,P,P,P,P,P,P,P,5123,422,1089,12.926,OK,80,422,0,ok,1,0.9978,0.0240,0,13.072
28499,2325,1994-08-23,91.186,MAYB,P,M,P,P,P,P,P,P,P,P,9578,604,1701,20.189,OK,138,603,0,flags,0,1.0324,0.0223,0,22.549
28500,2325,1994-08-23,91.187,MAYB,P,M,P,P,P,P,P,P,P,P,9308,606,1762,20.913,OK,142,606,0,flags,0,1.0324,0.0223,0,23.202
28501,2325,1994-08-23,91.189,MAYB,P,M,P,P,P,P,P,P,P,P,9297,608,1887,22.397,OK,123,608,0,flags,0,1.0324,0.0223,0,20.098
28502,2325,1994-08-23,91.188,MAYB,P,M,P,P,P,P,P,P,P,P,9205,592,1695,20.118,OK,138,592,0,flags,0,1.0324,0.0223,0,22.549
28503,2325,1994-08-23,91.187,MAYB,P,M,P,P,P,P,P,P,P,P,9297,590,1631,19.358,OK,119,590,0,flags,0,1.0324,0.0223,0,19.444
28504,2325,1994-08-23,91.185,MAYB,P,M,P,P,P,P,P,P,P,P,8958,657,1768,20.983,OK,151,657,0,flags,0,1.0324,0.0223,0,24.673
28505,2325,1994-08-23,91.185,MAYB,P,M,P,P,P,P,P,P,P,P,8493,709,1918,22.763,OK,158,709,0,flags,0,1.0324,0.0223,0,25.817
28506,2325,1994-08-23,91.184,MAYB,P,M,P,P,P,P,P,P,P,P,8468,684,1928,22.882,OK,146,685,0,flags,0,1.0324,0.0223,0,23.856
28507,2325,1994-08-23,91.184,MAYB,P,M,P,P,P,P,P,P,P,P,8366,672,1959,23.249,OK,148,672,0,flags,0,1.0324,0.0223,0,24.183
28508,2325,1994-08-23,91.183,MAYB,P,M,P,P,P,P,P,P,P,P,8647,661,1925,22.846,OK,162,658,0,flags,0,1.0324,0.0223,0,26.470
28509,2325,1994-08-23,91.182,MAYB,P,M,P,P,P,P,P,P,P,P,8707,647,2013,23.889,OK,146,646,0,flags,0,1.0324,0.0223,0,23.856
28510,2325,1994-08-23,91.182,MAYB,P,M,P,P,P,P,P,P,P,P,8388,683,1879,22.299,OK,142,684,0,flags,0,1.0324,0.0223,0,23.202
28511,2325,1994-08-23,91.181,MAYB,P,M,P,P,P,P,P,P,P,P,8557,641,1812,21.504,OK,136,641,0,flags,0,1.0324,0.0223,0,22.222
28512,2325,1994-08-23,91.181,MAYB,P,M,P,P,P,P,P,P,P,P,8402,690,1980,23.497,OK,142,691,0,flags,0,1.0324,0.0223,0,23.202
28513,2325,1994-08-23,91.182,MAYB,P,M,P,P,P,P,P,P,P,P,8519,709,1958,23.237,OK,132,708,0,flags,0,1.0324,0.0223,0,21.568
28514,2325,1994-08-23,91.184,MAYB,P,M,P,P,P,P,P,P,P,P,8772,650,2003,23.771,OK,136,648,0,flags,0,1.0324,0.0223,0,22.222
28515,2325,1994-08-23,91.184,MAYB,P,M,P,P,P,P,P,P,P,P,4017,304,865,10.266,OK,42,304,0,flags,0,1.0324,0.0223,0,6.863
28530,2329,1994-08-24,91.144,MAYB,P,D,P,P,P,P,P,P,P,P,1669,99,262,3.108,OK,27,99,0,flags,0,1.0388,0.0238,0,4.412
28531,2329,1994-08-24,91.173,PERF,P,P,P,P,P,P,P,P,P,P,9433,585,1678,19.908,OK,138,585,0,ok,1,1.0388,0.0238,0,22.549
28532,2329,1994-08-24,91.175,PERF,P,P,P,P,P,P,P,P,P,P,9643,547,1513,17.951,OK,124,584,0,ok,1,1.0388,0.0238,0,20.261
28533,2329,1994-08-24,91.176,PERF,P,P,P,P,P,P,P,P,P,P,9186,618,1811,21.487,OK,149,617,0,ok,1,1.0388,0.0238,0,24.346
28534,2329,1994-08-24,91.175,PERF,P,P,P,P,P,P,P,P,P,P,8533,675,1764,20.929,OK,125,673,0,ok,1,1.0388,0.0238,0,20.425
28535,2329,1994-08-24,91.175,PERF,P,P,P,P,P,P,P,P,P,P,8574,700,1953,23.171,OK,139,700,0,ok,1,1.0388,0.0238,0,22.712
28536,2329,1994-08-24,91.174,PERF,P,P,P,P,P,P,P,P,P,P,8494,709,1945,23.076,OK,148,709,0,ok,1,1.0388,0.0238,0,24.183
28537,2329,1994-08-24,91.173,PERF,P,P,P,P,P,P,P,P,P,P,8515,721,1944,23.064,OK,141,720,0,ok,1,1.0388,0.0238,0,23.039
28538,2329,1994-08-24,91.173,PERF,P,P,P,P,P,P,P,P,P,P,8528,704,2007,23.811,OK,130,705,0,ok,1,1.0388,0.0238,0,21.242
28539,2329,1994-08-24,91.172,PERF,P,P,P,P,P,P,P,P,P,P,8449,729,1910,22.66,OK,141,727,0,ok,1,1.0388,0.0238,0,23.039
28540,2329,1994-08-24,91.172,PERF,P,P,P,P,P,P,P,P,P,P,8978,695,2166,25.697,OK,170,696,0,ok,1,1.0388,0.0238,0,27.777
28541,2329,1994-08-24,91.173,PERF,P,P,P,P,P,P,P,P,P,P,8775,709,2160,25.626,OK,163,709,0,ok,1,1.0388,0.0238,0,26.634
28542,2329,1994-08-24,91.173,PERF,P,P,P,P,P,P,P,P,P,P,7922,690,1814,21.521,OK,133,730,0,ok,1,1.0388,0.0238,0,21.732
28543,2329,1994-08-24,91.175,PERF,P,P,P,P,P,P,P,P,P,P,1376,131,317,3.761,OK,31,130,0,ok,1,1.0388,0.0238,0,5.065
28544,2329,1994-08-24,91.177,PERF,P,P,P,P,P,P,P,P,P,P,8578,723,2088,24.774,OK,171,723,0,ok,1,1.0388,0.0238,0,27.941
28545,2329,1994-08-24,91.178,PERF,P,P,P,P,P,P,P,P,P,P,2553,224,623,7.392,OK,36,223,0,ok,1,1.0388,0.0238,0,5.882
28548,2329,1994-08-24,91.182,PERF,P,P,P,P,P,P,P,P,P,P,5920,513,1420,16.85,OK,106,513,0,ok,1,1.0388,0.0238,0,17.320
28553,2333,1994-08-25,91.177,PERF,P,P,P,P,P,P,P,P,P,P,9329,620,1814,21.53,OK,106,621,0,ok,1,0.9718,0.0196,0,17.320
28554,2333,1994-08-25,91.178,PERF,P,P,P,P,P,P,P,P,P,P,9022,633,1796,21.317,OK,110,633,0,ok,1,0.9718,0.0196,0,17.974
28555,2333,1994-08-25,91.18,PERF,P,P,P,P,P,P,P,P,P,P,8951,667,1926,22.861,OK,115,666,0,ok,1,0.9718,0.0196,0,18.791
28556,2333,1994-08-25,91.182,PERF,P,P,P,P,P,P,P,P,P,P,10263,707,2090,24.809,OK,172,707,0,ok,1,0.9718,0.0196,0,28.104
28568,2333,1994-08-25,91.184,PERF,P,P,P,P,P,P,P,P,P,P,8890,650,1788,21.225,OK,124,652,0,ok,1,0.9718,0.0196,0,20.261
28569,2333,1994-08-25,91.185,PERF,P,P,P,P,P,P,P,P,P,P,8699,683,1922,22.816,OK,148,682,0,ok,1,0.9718,0.0196,0,24.183
28570,2333,1994-08-25,91.186,PERF,P,P,P,P,P,P,P,P,P,P,8776,636,1719,20.406,OK,122,679,0,ok,1,0.9718,0.0196,0,19.934
28571,2333,1994-08-25,91.186,PERF,P,P,P,P,P,P,P,P,P,P,8706,689,1901,22.567,OK,134,688,0,ok,1,0.9718,0.0196,0,21.895
28572,2333,1994-08-25,91.186,PERF,P,P,P,P,P,P,P,P,P,P,8544,529,1465,17.391,OK,181,714,1,truncated_counters,0,0.9718,0.0196,0,29.575
28573,2333,1994-08-25,91.186,PERF,P,P,P,P,P,P,P,P,P,P,8698,674,1977,23.469,OK,124,673,0,ok,1,0.9718,0.0196,0,20.261
28574,2333,1994-08-25,91.186,PERF,P,P,P,P,P,P,P,P,P,P,8554,711,1914,22.721,OK,144,711,0,ok,1,0.9718,0.0196,0,23.529
28575,2333,1994-08-25,91.186,PERF,P,P,P,P,P,P,P,P,P,P,8873,690,2105,24.988,OK,153,690,0,ok,1,0.9718,0.0196,0,25.000
28576,2333,1994-08-25,91.185,PERF,P,P,P,P,P,P,P,P,P,P,8820,693,2057,24.418,OK,140,693,0,ok,1,0.9718,0.0196,0,22.876
28577,2333,1994-08-25,91.185,PERF,P,P,P,P,P,P,P,P,P,P,8586,725,2029,24.086,OK,148,726,0,ok,1,0.9718,0.0196,0,24.183
28578,2333,1994-08-25,91.185,PERF,P,P,P,P,P,P,P,P,P,P,8455,706,1971,23.397,OK,152,707,0,ok,1,0.9718,0.0196,0,24.836
28579,2333,1994-08-25,91.185,PERF,P,P,P,P,P,P,P,P,P,P,8631,725,2013,23.896,OK,129,724,0,ok,1,0.9718,0.0196,0,21.078
28580,2333,1994-08-25,91.185,PERF,P,P,P,P,P,P,P,P,P,P,8705,713,2057,24.418,OK,134,712,0,ok,1,0.9718,0.0196,0,21.895
28581,2333,1994-08-25,91.185,PERF,P,P,P,P,P,P,P,P,P,P,8592,709,1951,23.16,OK,149,709,0,ok,1,0.9718,0.0196,0,24.346
28582,2333,1994-08-25,91.186,PERF,P,P,P,P,P,P,P,P,P,P,8769,692,2025,24.039,OK,161,691,0,ok,1,0.9718,0.0196,0,26.307
28583,2333,1994-08-25,91.187,PERF,P,P,P,P,P,P,P,P,P,P,8466,705,2029,24.087,OK,152,702,0,ok,1,0.9718,0.0196,0,24.836
28584,2333,1994-08-25,91.188,PERF,P,P,P,P,P,P,P,P,P,P,571,60,113,1.342,OK,9,60,0,ok,1,0.9718,0.0196,0,1.471
28597,2334,1994-08-26,91.178,PERF,P,P,P,P,P,P,P,P,P,P,9063,670,1870,22.196,OK,117,671,0,ok,1,0.9589,0.0198,0,19.117
28598,2334,1994-08-26,91.177,PERF,P,P,P,P,P,P,P,P,P,P,8799,676,1936,22.979,OK,126,678,0,ok,1,0.9589,0.0198,0,20.588
28599,2334,1994-08-26,91.177,PERF,P,P,P,P,P,P,P,P,P,P,8752,695,1869,22.183,OK,151,694,0,ok,1,0.9589,0.0198,0,24.673
28600,2334,1994-08-26,91.176,PERF,P,P,P,P,P,P,P,P,P,P,8761,687,1958,23.239,OK,166,688,0,ok,1,0.9589,0.0198,0,27.124
28601,2334,1994-08-26,91.175,PERF,P,P,P,P,P,P,P,P,P,P,8330,692,1871,22.206,OK,120,692,0,ok,1,0.9589,0.0198,0,19.608
28602,2334,1994-08-26,91.175,PERF,P,P,P,P,P,P,P,P,P,P,8553,669,2003,23.772,OK,168,668,0,ok,1,0.9589,0.0198,0,27.451
28603,2334,1994-08-26,91.174,PERF,P,P,P,P,P,P,P,P,P,P,8600,672,2020,23.974,OK,125,672,0,ok,1,0.9589,0.0198,0,20.425
28604,2334,1994-08-26,91.174,PERF,P,P,P,P,P,P,P,P,P,P,8736,603,1830,21.719,OK,148,693,1,truncated_counters,0,0.9589,0.0198,0,24.183
28605,2334,1994-08-26,91.174,PERF,P,P,P,P,P,P,P,P,P,P,8554,715,2017,23.938,OK,130,716,0,ok,1,0.9589,0.0198,0,21.242
28606,2334,1994-08-26,91.174,PERF,P,P,P,P,P,P,P,P,P,P,8464,705,1938,23.001,OK,139,704,0,ok,1,0.9589,0.0198,0,22.712
28607,2334,1994-08-26,91.174,PERF,P,P,P,P,P,P,P,P,P,P,1213,111,293,3.477,OK,22,113,0,ok,1,0.9589,0.0198,0,3.595
28608,2334,1994-08-26,91.175,PERF,P,P,P,P,P,P,P,P,P,P,8572,707,2085,24.746,OK,151,705,0,ok,1,0.9589,0.0198,0,24.673
28609,2334,1994-08-26,91.176,PERF,P,P,P,P,P,P,P,P,P,P,8393,716,2081,24.699,OK,128,715,0,ok,1,0.9589,0.0198,0,20.915
28610,2334,1994-08-26,91.178,PERF,P,P,P,P,P,P,P,P,P,P,8201,724,2043,24.249,OK,147,725,0,ok,1,0.9589,0.0198,0,24.019
28611,2334,1994-08-26,91.179,PERF,P,P,P,P,P,P,P,P,P,P,8646,696,2213,26.268,OK,158,696,0,ok,1,0.9589,0.0198,0,25.817
28612,2334,1994-08-26,91.181,PERF,P,P,P,P,P,P,P,P,P,P,8693,715,2241,26.601,OK,141,715,0,ok,1,0.9589,0.0198,0,23.039
28613,2334,1994-08-26,91.182,PERF,P,P,P,P,P,P,P,P,P,P,8232,721,2105,24.987,OK,123,719,0,ok,1,0.9589,0.0198,0,20.098
28614,2334,1994-08-26,91.183,PERF,P,P,P,P,P,P,P,P,P,P,8328,707,2006,23.812,OK,151,707,0,ok,1,0.9589,0.0198,0,24.673
28615,2334,1994-08-26,91.183,PERF,P,P,P,P,P,P,P,P,P,P,2435,204,600,7.122,OK,43,204,0,ok,1,0.9589,0.0198,0,7.026
28619,2334,1994-08-26,91.182,PERF,P,P,P,P,P,P,P,P,P,P,9848,311,874,10.375,OK,69,311,0,ok,1,0.9589,0.0198,0,11.274
28620,2334,1994-08-26,91.182,PERF,P,P,P,P,P,P,P,P,P,P,10318,253,760,9.021,OK,49,253,0,ok,1,0.9589,0.0198,0,8.006
28621,2334,1994-08-26,91.182,PERF,P,P,P,P,P,P,P,P,P,P,9807,243,779,9.247,OK,56,258,0,ok,1,0.9589,0.0198,0,9.150
28622,2334,1994-08-26,91.184,PERF,P,P,P,P,P,P,P,P,P,P,3691,143,345,4.095,OK,21,143,0,ok,1,0.9589,0.0198,0,3.431
28629,2336,1994-08-26,91.18,PERF,P,P,P,P,P,P,P,P,P,P,9635,577,1776,21.079,OK,130,577,0,ok,1,1.0044,0.0211,0,21.242
28630,2336,1994-08-26,91.181,PERF,P,P,P,P,P,P,P,P,P,P,9017,616,1841,21.852,OK,142,615,0,ok,1,1.0044,0.0211,0,23.202
28631,2336,1994-08-26,91.182,PERF,P,P,P,P,P,P,P,P,P,P,9227,583,1995,23.68,OK,136,584,0,ok,1,1.0044,0.0211,0,22.222
28632,2336,1994-08-26,91.184,PERF,P,P,P,P,P,P,P,P,P,P,8877,646,1906,22.624,OK,154,646,0,ok,1,1.0044,0.0211,0,25.163
28633,2336,1994-08-26,91.184,PERF,P,P,P,P,P,P,P,P,P,P,8924,644,1843,21.877,OK,119,643,0,ok,1,1.0044,0.0211,0,19.444
28634,2336,1994-08-26,91.185,PERF,P,P,P,P,P,P,P,P,P,P,8684,684,1899,22.542,OK,125,685,0,ok,1,1.0044,0.0211,0,20.425
28635,2336,1994-08-26,91.185,PERF,P,P,P,P,P,P,P,P,P,P,9537,572,1662,19.729,OK,133,604,0,ok,1,1.0044,0.0211,0,21.732
28636,2336,1994-08-26,91.186,PERF,P,P,P,P,P,P,P,P,P,P,9102,392,1166,13.841,OK,122,640,1,truncated_counters,0,1.0044,0.0211,0,19.934
28637,2336,1994-08-26,91.186,PERF,P,P,P,P,P,P,P,P,P,P,9050,598,1857,22.044,OK,160,628,0,ok,1,1.0044,0.0211,0,26.143
28638,2336,1994-08-26,91.186,PERF,P,P,P,P,P,P,P,P,P,P,1728,125,351,4.167,OK,31,125,0,ok,1,1.0044,0.0211,0,5.065
28639,2336,1994-08-26,91.184,PERF,P,P,P,P,P,P,P,P,P,P,8467,682,1928,22.886,OK,141,683,0,ok,1,1.0044,0.0211,0,23.039
28640,2336,1994-08-27,91.184,PERF,P,P,P,P,P,P,P,P,P,P,8385,731,1952,23.171,OK,143,732,0,ok,1,1.0044,0.0211,0,23.366
28641,2336,1994-08-27,91.183,PERF,P,P,P,P,P,P,P,P,P,P,8554,722,1968,23.36,OK,130,721,0,ok,1,1.0044,0.0211,0,21.242
28642,2336,1994-08-27,91.182,PERF,P,P,P,P,P,P,P,P,P,P,8384,712,1993,23.656,OK,138,715,0,ok,1,1.0044,0.0211,0,22.549
28643,2336,1994-08-27,91.181,PERF,P,P,P,P,P,P,P,P,P,P,8516,721,2033,24.131,OK,149,720,0,ok,1,1.0044,0.0211,0,24.346
28644,2336,1994-08-27,91.18,PERF,P,P,P,P,P,P,P,P,P,P,8416,729,1982,23.525,OK,143,729,0,ok,1,1.0044,0.0211,0,23.366
28645,2336,1994-08-27,91.179,PERF,P,P,P,P,P,P,P,P,P,P,8296,696,1948,23.121,OK,141,696,0,ok,1,1.0044,0.0211,0,23.039
28646,2336,1994-08-27,91.179,PERF,P,P,P,P,P,P,P,P,P,P,8491,725,2059,24.438,OK,155,727,0,ok,1,1.0044,0.0211,0,25.326
28647,2336,1994-08-27,91.178,PERF,P,P,P,P,P,P,P,P,P,P,8296,749,2008,23.833,OK,138,751,0,ok,1,1.0044,0.0211,0,22.549
28648,2336,1994-08-27,91.179,PERF,P,P,P,P,P,P,P,P,P,P,1924,177,442,5.246,OK,32,177,0,ok,1,1.0044,0.0211,0,5.229
28651,2337,1994-08-27,91.177,PERF,P,P,P,P,P,P,P,P,P,P,9448,631,1825,21.658,OK,111,631,0,ok,1,1.0072,0.0197,0,18.137
28652,2337,1994-08-27,91.179,PERF,P,P,P,P,P,P,P,P,P,P,8900,667,1888,22.406,OK,129,668,0,ok,1,1.0072,0.0197,0,21.078
28653,2337,1994-08-27,91.181,PERF,P,P,P,P,P,P,P,P,P,P,9055,684,2029,24.081,OK,158,685,0,ok,1,1.0072,0.0197,0,25.817
28654,2337,1994-08-27,91.182,PERF,P,P,P,P,P,P,P,P,P,P,8786,718,1941,23.037,OK,153,717,0,ok,1,1.0072,0.0197,0,25.000
28655,2337,1994-08-27,91.184,PERF,P,P,P,P,P,P,P,P,P,P,9029,656,1909,22.658,OK,132,656,0,ok,1,1.0072,0.0197,0,21.568
28656,2337,1994-08-27,91.185,PERF,P,P,P,P,P,P,P,P,P,P,8963,694,1981,23.514,OK,142,694,0,ok,1,1.0072,0.0197,0,23.202
28657,2337,1994-08-27,91.186,PERF,P,P,P,P,P,P,P,P,P,P,8579,688,1835,21.781,OK,132,687,0,ok,1,1.0072,0.0197,0,21.568
28658,2337,1994-08-27,91.186,PERF,P,P,P,P,P,P,P,P,P,P,8714,685,1912,22.695,OK,117,687,0,ok,1,1.0072,0.0197,0,19.117
28659,2337,1994-08-27,91.187,PERF,P,P,P,P,P,P,P,P,P,P,8897,655,1974,23.431,OK,141,656,0,ok,1,1.0072,0.0197,0,23.039
28660,2337,1994-08-27,91.187,PERF,P,P,P,P,P,P,P,P,P,P,8778,694,1912,22.695,OK,155,694,0,ok,1,1.0072,0.0197,0,25.326
28661,2337,1994-08-27,91.187,PERF,P,P,P,P,P,P,P,P,P,P,8628,690,1873,22.232,OK,156,690,0,ok,1,1.0072,0.0197,0,25.490
28662,2337,1994-08-27,91.187,PERF,P,P,P,P,P,P,P,P,P,P,8771,658,1932,22.933,OK,141,657,0,ok,1,1.0072,0.0197,0,23.039
28663,2337,1994-08-27,91.186,PERF,P,P,P,P,P,P,P,P,P,P,8600,701,1983,23.538,OK,150,700,0,ok,1,1.0072,0.0197,0,24.510
28664,2337,1994-08-27,91.186,PERF,P,P,P,P,P,P,P,P,P,P,8493,672,1894,22.482,OK,168,671,0,ok,1,1.0072,0.0197,0,27.451
28665,2337,1994-08-27,91.186,PERF,P,P,P,P,P,P,P,P,P,P,8791,600,1910,22.671,OK,127,599,0,ok,1,1.0072,0.0197,0,20.751
28666,2337,1994-08-27,91.187,PERF,P,P,P,P,P,P,P,P,P,P,8689,686,1991,23.633,OK,148,683,0,ok,1,1.0072,0.0197,0,24.183
28667,2337,1994-08-27,91.187,PERF,P,P,P,P,P,P,P,P,P,P,8457,693,1851,21.971,OK,155,695,0,ok,1,1.0072,0.0197,0,25.326
28668,2337,1994-08-27,91.187,PERF,P,P,P,P,P,P,P,P,P,P,8725,657,1859,22.066,OK,123,661,0,ok,1,1.0072,0.0197,0,20.098
28669,2337,1994-08-27,91.187,PERF,P,P,P,P,P,P,P,P,P,P,8575,682,1956,23.218,OK,149,681,0,ok,1,1.0072,0.0197,0,24.346
28670,2337,1994-08-27,91.188,PERF,P,P,P,P,P,P,P,P,P,P,8549,687,1882,22.34,OK,121,686,0,ok,1,1.0072,0.0197,0,19.771
28671,2337,1994-08-27,91.189,PERF,P,P,P,P,P,P,P,P,P,P,564,49,136,1.614,OK,7,49,0,ok,1,1.0072,0.0197,0,1.144
28675,2340,1994-08-28,91.173,PERF,P,P,P,P,P,P,P,P,P,P,2448,138,381,4.521,OK,23,138,0,ok,1,0.9955,0.0215,0,3.758
28676,2340,1994-08-28,91.172,PERF,P,P,P,P,P,P,P,P,P,P,9307,589,1729,20.517,OK,118,589,0,ok,1,0.9955,0.0215,0,19.281
28677,2340,1994-08-28,91.172,PERF,P,P,P,P,P,P,P,P,P,P,9079,597,1691,20.066,OK,92,598,0,ok,1,0.9955,0.0215,0,15.033
28678,2340,1994-08-28,91.171,PERF,P,P,P,P,P,P,P,P,P,P,9331,575,1697,20.137,OK,140,575,0,ok,1,0.9955,0.0215,0,22.876
28679,2340,1994-08-28,91.171,PERF,P,P,P,P,P,P,P,P,P,P,8836,642,1853,21.987,OK,134,640,0,ok,1,0.9955,0.0215,0,21.895
28680,2340,1994-08-28,91.17,PERF,P,P,P,P,P,P,P,P,P,P,8794,647,1882,22.331,OK,133,648,0,ok,1,0.9955,0.0215,0,21.732
28681,2340,1994-08-28,91.17,PERF,P,P,P,P,P,P,P,P,P,P,8501,657,1778,21.097,OK,123,658,0,ok,1,0.9955,0.0215,0,20.098
28682,2340,1994-08-28,91.17,PERF,P,P,P,P,P,P,P,P,P,P,8403,651,1823,21.631,OK,139,652,0,ok,1,0.9955,0.0215,0,22.712
28683,2340,1994-08-28,91.171,PERF,P,P,P,P,P,P,P,P,P,P,8548,663,1830,21.714,OK,136,664,0,ok,1,0.9955,0.0215,0,22.222
28684,2340,1994-08-28,91.171,PERF,P,P,P,P,P,P,P,P,P,P,8310,697,1865,22.13,OK,141,698,0,ok,1,0.9955,0.0215,0,23.039
28685,2340,1994-08-28,91.172,PERF,P,P,P,P,P,P,P,P,P,P,8979,659,2018,23.946,OK,143,659,0,ok,1,0.9955,0.0215,0,23.366
28686,2340,1994-08-28,91.172,PERF,P,P,P,P,P,P,P,P,P,P,8562,689,1967,23.341,OK,148,691,0,ok,1,0.9955,0.0215,0,24.183
28687,2340,1994-08-28,91.173,PERF,P,P,P,P,P,P,P,P,P,P,8345,707,1940,23.021,OK,150,707,0,ok,1,0.9955,0.0215,0,24.510
28688,2340,1994-08-28,91.174,PERF,P,P,P,P,P,P,P,P,P,P,8397,709,1957,23.223,OK,131,710,0,ok,1,0.9955,0.0215,0,21.405
28689,2340,1994-08-28,91.175,PERF,P,P,P,P,P,P,P,P,P,P,8668,711,2086,24.755,OK,140,711,0,ok,1,0.9955,0.0215,0,22.876
28690,2340,1994-08-28,91.177,PERF,P,P,P,P,P,P,P,P,P,P,8729,688,2055,24.387,OK,159,690,0,ok,1,0.9955,0.0215,0,25.980
28691,2340,1994-08-28,91.177,PERF,P,P,P,P,P,P,P,P,P,P,8391,668,1961,23.272,OK,166,669,0,ok,1,0.9955,0.0215,0,27.124
28692,2340,1994-08-28,91.178,PERF,P,P,P,P,P,P,P,P,P,P,5100,448,1176,13.956,OK,75,448,0,ok,1,0.9955,0.0215,0,12.255
28694,2342,1994-08-28,91.176,PERF,P,P,P,P,P,P,P,P,P,P,9237,615,1791,21.256,OK,138,615,0,ok,1,1.0157,0.0185,0,22.549
28695,2342,1994-08-28,91.178,PERF,P,P,P,P,P,P,P,P,P,P,8629,634,1787,21.209,OK,121,634,0,ok,1,1.0157,0.0185,0,19.771
28696,2342,1994-08-28,91.178,PERF,P,P,P,P,P,P,P,P,P,P,8716,675,1858,22.052,OK,159,672,0,ok,1,1.0157,0.0185,0,25.980
28697,2342,1994-08-28,91.179,PERF,P,P,P,P,P,P,P,P,P,P,8551,721,1831,21.732,OK,153,720,0,ok,1,1.0157,0.0185,0,25.000
28698,2342,1994-08-28,91.179,PERF,P,P,P,P,P,P,P,P,P,P,8607,688,1848,21.934,OK,151,688,0,ok,1,1.0157,0.0185,0,24.673
28699,2342,1994-08-28,91.179,PERF,P,P,P,P,P,P,P,P,P,P,8542,699,1966,23.334,OK,133,699,0,ok,1,1.0157,0.0185,0,21.732
28700,2342,1994-08-28,91.179,PERF,P,P,P,P,P,P,P,P,P,P,8442,698,1963,23.299,OK,135,699,0,ok,1,1.0157,0.0185,0,22.059
28701,2342,1994-08-28,91.18,PERF,P,P,P,P,P,P,P,P,P,P,8430,725,1944,23.074,OK,158,723,0,ok,1,1.0157,0.0185,0,25.817
28702,2342,1994-08-28,91.18,PERF,P,P,P,P,P,P,P,P,P,P,8374,726,1972,23.406,OK,144,727,0,ok,1,1.0157,0.0185,0,23.529
28703,2342,1994-08-28,91.18,PERF,P,P,P,P,P,P,P,P,P,P,8316,734,2019,23.964,OK,120,736,0,ok,1,1.0157,0.0185,0,19.608
28704,2342,1994-08-28,91.181,PERF,P,P,P,P,P,P,P,P,P,P,8492,726,2051,24.344,OK,165,727,0,ok,1,1.0157,0.0185,0,26.960
28705,2342,1994-08-28,91.181,PERF,P,P,P,P,P,P,P,P,P,P,8543,699,1935,22.967,OK,151,700,0,ok,1,1.0157,0.0185,0,24.673
28706,2342,1994-08-28,91.182,PERF,P,P,P,P,P,P,P,P,P,P,8417,732,1950,23.146,OK,127,732,0,ok,1,1.0157,0.0185,0,20.751
28707,2342,1994-08-28,91.182,PERF,P,P,P,P,P,P,P,P,P,P,8407,722,2055,24.392,OK,168,722,0,ok,1,1.0157,0.0185,0,27.451
28708,2342,1994-08-28,91.183,PERF,P,P,P,P,P,P,P,P,P,P,8319,738,1983,23.538,OK,158,738,0,ok,1,1.0157,0.0185,0,25.817
28709,2342,1994-08-28,91.183,PERF,P,P,P,P,P,P,P,P,P,P,1091,94,235,2.789,OK,16,95,0,ok,1,1.0157,0.0185,0,2.614
28710,2342,1994-08-28,91.184,PERF,P,P,P,P,P,P,P,P,P,P,8333,718,1977,23.467,OK,135,718,0,ok,1,1.0157,0.0185,0,22.059
28711,2342,1994-08-28,91.184,PERF,P,P,P,P,P,P,P,P,P,P,8668,670,2045,24.275,OK,147,670,0,ok,1,1.0157,0.0185,0,24.019
28712,2342,1994-08-28,91.185,PERF,P,P,P,P,P,P,P,P,P,P,8434,703,2052,24.358,OK,135,703,0,ok,1,1.0157,0.0185,0,22.059
28713,2342,1994-08-28,91.185,PERF,P,P,P,P,P,P,P,P,P,P,8407,699,2009,23.848,OK,149,699,0,ok,1,1.0157,0.0185,0,24.346
28714,2342,1994-08-28,91.185,PERF,P,P,P,P,P,P,P,P,P,P,4136,351,994,11.799,OK,59,351,0,ok,1,1.0157,0.0185,0,9.640
28715,2342,1994-08-28,91.184,PERF,P,P,P,P,P,P,P,P,P,P,8551,715,2147,25.486,OK,133,715,0,ok,1,1.0157,0.0185,0,21.732
28716,2342,1994-08-29,91.184,PERF,P,P,P,P,P,P,P,P,P,P,8045,737,1925,22.85,OK,169,735,0,ok,1,1.0157,0.0185,0,27.614
28717,2342,1994-08-29,91.183,PERF,P,P,P,P,P,P,P,P,P,P,5848,511,1399,16.606,OK,103,511,0,ok,1,1.0157,0.0185,0,16.830
28719,2343,1994-08-29,91.171,PERF,P,P,P,P,P,P,P,P,P,P,9879,575,1551,18.401,OK,122,575,0,ok,1,0.9953,0.0199,0,19.934
28720,2343,1994-08-29,91.173,PERF,P,P,P,P,P,P,P,P,P,P,9918,575,1755,20.822,OK,129,573,0,ok,1,0.9953,0.0199,0,21.078
28721,2343,1994-08-29,91.175,PERF,P,P,P,P,P,P,P,P,P,P,9402,624,1810,21.476,OK,129,620,0,ok,1,0.9953,0.0199,0,21.078
28722,2343,1994-08-29,91.176,PERF,P,P,P,P,P,P,P,P,P,P,7838,557,1446,17.157,OK,102,555,0,ok,1,0.9953,0.0199,0,16.666
28723,2343,1994-08-29,91.178,PERF,P,P,P,P,P,P,P,P,P,P,8783,686,1788,21.216,OK,115,686,0,ok,1,0.9953,0.0199,0,18.791
28724,2343,1994-08-29,91.179,PERF,P,P,P,P,P,P,P,P,P,P,9369,644,1983,23.531,OK,123,644,0,ok,1,0.9953,0.0199,0,20.098
28725,2343,1994-08-29,91.18,PERF,P,P,P,P,P,P,P,P,P,P,9113,670,1827,21.68,OK,127,671,0,ok,1,0.9953,0.0199,0,20.751
28726,2343,1994-08-29,91.181,PERF,P,P,P,P,P,P,P,P,P,P,8996,657,1890,22.428,OK,129,656,0,ok,1,0.9953,0.0199,0,21.078
28727,2343,1994-08-29,91.182,PERF,P,P,P,P,P,P,P,P,P,P,9112,630,1787,21.206,OK,127,630,0,ok,1,0.9953,0.0199,0,20.751
28728,2343,1994-08-29,91.183,PERF,P,P,P,P,P,P,P,P,P,P,8848,658,1744,20.696,OK,132,658,0,ok,1,0.9953,0.0199,0,21.568
28729,2343,1994-08-29,91.183,PERF,P,P,P,P,P,P,P,P,P,P,9129,680,1941,23.034,OK,159,679,0,ok,1,0.9953,0.0199,0,25.980
28730,2343,1994-08-29,91.184,PERF,P,P,P,P,P,P,P,P,P,P,8836,676,1952,23.165,OK,139,675,0,ok,1,0.9953,0.0199,0,22.712
28731,2343,1994-08-29,91.184,PERF,P,P,P,P,P,P,P,P,P,P,8957,668,1946,23.094,OK,140,667,0,ok,1,0.9953,0.0199,0,22.876
28732,2343,1994-08-29,91.185,PERF,P,P,P,P,P,P,P,P,P,P,8811,670,1956,23.213,OK,168,671,0,ok,1,0.9953,0.0199,0,27.451
28733,2343,1994-08-29,91.185,PERF,P,P,P,P,P,P,P,P,P,P,8746,677,1913,22.703,OK,150,677,0,ok,1,0.9953,0.0199,0,24.510
28734,2343,1994-08-29,91.186,PERF,P,P,P,P,P,P,P,P,P,P,5152,395,1197,14.206,OK,80,395,0,ok,1,0.9953,0.0199,0,13.072
28735,2343,1994-08-29,91.186,PERF,P,P,P,P,P,P,P,P,P,P,8486,727,1938,23.0,OK,152,727,0,ok,1,0.9953,0.0199,0,24.836
28736,2343,1994-08-29,91.187,PERF,P,P,P,P,P,P,P,P,P,P,8650,703,2097,24.887,OK,154,702,0,ok,1,0.9953,0.0199,0,25.163
28737,2343,1994-08-29,91.187,PERF,P,P,P,P,P,P,P,P,P,P,8547,688,1959,23.25,OK,138,689,0,ok,1,0.9953,0.0199,0,22.549
28738,2343,1994-08-29,91.187,PERF,P,P,P,P,P,P,P,P,P,P,8564,665,1848,21.932,OK,119,664,0,ok,1,0.9953,0.0199,0,19.444
28739,2343,1994-08-29,91.187,PERF,P,P,P,P,P,P,P,P,P,P,3106,251,720,8.545,OK,44,250,0,ok,1,0.9953,0.0199,0,7.189
28834,2366,1994-09-05,91.183,PERF,P,P,P,P,P,P,P,P,P,P,6498,480,1416,16.809,OK,109,480,0,ok,1,1.0568,0.0605,0,17.810
28835,2366,1994-09-05,91.187,PERF,P,P,P,P,P,P,P,P,P,P,9075,755,1975,23.447,OK,163,753,0,ok,1,1.0568,0.0605,0,26.634
28836,2366,1994-09-05,91.188,PERF,P,P,P,P,P,P,P,P,P,P,4420,289,881,10.46,OK,56,291,0,ok,1,1.0568,0.0605,0,9.150
28841,2369,1994-09-05,91.178,PERF,P,P,P,P,P,P,P,P,P,P,4855,281,858,10.179,OK,61,281,0,ok,1,0.9792,0.1298,0,9.967
28845,2370,1994-09-05,91.188,PERF,P,P,P,P,P,P,P,P,P,P,9547,683,1891,22.449,OK,129,684,0,ok,1,1.0086,0.0258,0,21.078
28846,2370,1994-09-05,91.19,PERF,P,P,P,P,P,P,P,P,P,P,9232,701,1890,22.438,OK,160,701,0,ok,1,1.0086,0.0258,0,26.143
28847,2370,1994-09-05,91.19,PERF,P,P,P,P,P,P,P,P,P,P,8896,752,1952,23.174,OK,145,751,0,ok,1,1.0086,0.0258,0,23.693
28848,2370,1994-09-05,91.189,PERF,P,P,P,P,P,P,P,P,P,P,9333,749,2220,26.355,OK,156,749,0,ok,1,1.0086,0.0258,0,25.490
28849,2370,1994-09-05,91.188,PERF,P,P,P,P,P,P,P,P,P,P,9106,732,2225,26.414,OK,182,732,0,ok,1,1.0086,0.0258,0,29.738
28850,2370,1994-09-05,91.187,PERF,P,P,P,P,P,P,P,P,P,P,9301,721,2182,25.903,OK,170,724,0,ok,1,1.0086,0.0258,0,27.777
28851,2370,1994-09-05,91.185,PERF,P,P,P,P,P,P,P,P,P,P,9037,758,2127,25.249,OK,161,758,0,ok,1,1.0086,0.0258,0,26.307
28852,2370,1994-09-05,91.184,PERF,P,P,P,P,P,P,P,P,P,P,8935,743,2135,25.344,OK,147,743,0,ok,1,1.0086,0.0258,0,24.019
28853,2370,1994-09-06,91.182,PERF,P,P,P,P,P,P,P,P,P,P,8947,764,2150,25.52,OK,165,763,0,ok,1,1.0086,0.0258,0,26.960
28854,2370,1994-09-06,91.183,PERF,P,P,P,P,P,P,P,P,P,P,9178,673,1979,23.491,OK,157,770,1,truncated_counters,0,1.0086,0.0258,0,25.653
28855,2370,1994-09-06,91.185,PERF,P,P,P,P,P,P,P,P,P,P,9110,742,2236,26.543,OK,138,743,0,ok,1,1.0086,0.0258,0,22.549
28856,2370,1994-09-06,91.187,PERF,P,P,P,P,P,P,P,P,P,P,5558,446,1318,15.646,OK,83,446,0,ok,1,1.0086,0.0258,0,13.562
28858,2372,1994-09-06,91.19,PERF,P,P,P,P,P,P,P,P,P,P,10065,649,1948,23.126,OK,131,649,0,ok,1,0.9982,0.0224,0,21.405
28859,2372,1994-09-06,91.191,PERF,P,P,P,P,P,P,P,P,P,P,9658,674,1893,22.473,OK,154,672,0,ok,1,0.9982,0.0224,0,25.163
28860,2372,1994-09-06,91.192,PERF,P,P,P,P,P,P,P,P,P,P,9278,740,2012,23.887,OK,150,741,0,ok,1,0.9982,0.0224,0,24.510
28861,2372,1994-09-06,91.191,PERF,P,P,P,P,P,P,P,P,P,P,9189,706,2004,23.791,OK,142,707,0,ok,1,0.9982,0.0224,0,23.202
28862,2372,1994-09-06,91.191,PERF,P,P,P,P,P,P,P,P,P,P,9544,724,2215,26.296,OK,157,723,0,ok,1,0.9982,0.0224,0,25.653
28863,2372,1994-09-06,91.19,PERF,P,P,P,P,P,P,P,P,P,P,9563,719,2121,25.179,OK,143,719,0,ok,1,0.9982,0.0224,0,23.366
28864,2372,1994-09-06,91.188,PERF,P,P,P,P,P,P,P,P,P,P,9118,696,1945,23.089,OK,144,697,0,ok,1,0.9982,0.0224,0,23.529
28865,2372,1994-09-06,91.187,PERF,P,P,P,P,P,P,P,P,P,P,9021,760,2091,24.822,OK,145,760,0,ok,1,0.9982,0.0224,0,23.693
28866,2372,1994-09-06,91.187,PERF,P,P,P,P,P,P,P,P,P,P,8927,740,2088,24.786,OK,154,742,0,ok,1,0.9982,0.0224,0,25.163
28867,2372,1994-09-06,91.187,PERF,P,P,P,P,P,P,P,P,P,P,9165,759,2154,25.57,OK,168,759,0,ok,1,0.9982,0.0224,0,27.451
28868,2372,1994-09-06,91.189,PERF,P,P,P,P,P,P,P,P,P,P,9024,759,2201,26.128,OK,159,759,0,ok,1,0.9982,0.0224,0,25.980
28869,2372,1994-09-06,91.19,PERF,P,P,P,P,P,P,P,P,P,P,9049,770,2132,25.31,OK,140,770,0,ok,1,0.9982,0.0224,0,22.876
28870,2372,1994-09-06,91.193,PERF,P,P,P,P,P,P,P,P,P,P,8935,764,2126,25.24,OK,158,767,0,ok,1,0.9982,0.0224,0,25.817
28871,2372,1994-09-06,91.195,PERF,P,P,P,P,P,P,P,P,P,P,9029,772,2138,25.384,OK,164,771,0,ok,1,0.9982,0.0224,0,26.797
28872,2372,1994-09-06,91.197,PERF,P,P,P,P,P,P,P,P,P,P,1285,95,273,3.241,OK,19,94,0,ok,1,0.9982,0.0224,0,3.105
28875,2373,1994-09-06,91.183,PERF,P,P,P,P,P,P,P,P,P,P,10101,627,1734,20.584,OK,105,637,0,ok,1,1.0075,0.0195,0,17.157
28876,2373,1994-09-06,91.183,PERF,P,P,P,P,P,P,P,P,P,P,11279,591,1762,20.916,OK,123,607,0,ok,1,1.0075,0.0195,0,20.098
28877,2373,1994-09-06,91.183,PERF,P,P,P,P,P,P,P,P,P,P,9532,756,2075,24.631,OK,163,757,0,ok,1,1.0075,0.0195,0,26.634
28878,2373,1994-09-06,91.182,PERF,P,P,P,P,P,P,P,P,P,P,9408,728,2193,26.031,OK,173,728,0,ok,1,1.0075,0.0195,0,28.268
28879,2373,1994-09-06,91.181,PERF,P,P,P,P,P,P,P,P,P,P,9131,750,2072,24.595,OK,131,750,0,ok,1,1.0075,0.0195,0,21.405
28880,2373,1994-09-06,91.18,PERF,P,P,P,P,P,P,P,P,P,P,9203,732,2051,24.345,OK,178,732,0,ok,1,1.0075,0.0195,0,29.085
28881,2373,1994-09-06,91.178,PERF,P,P,P,P,P,P,P,P,P,P,9085,741,2129,25.27,OK,177,742,0,ok,1,1.0075,0.0195,0,28.921
28882,2373,1994-09-07,91.177,PERF,P,P,P,P,P,P,P,P,P,P,9130,792,2238,26.563,OK,169,791,0,ok,1,1.0075,0.0195,0,27.614
28883,2373,1994-09-07,91.177,PERF,P,P,P,P,P,P,P,P,P,P,798,70,186,2.208,OK,11,70,0,ok,1,1.0075,0.0195,0,1.797
28884,2373,1994-09-07,91.175,PERF,P,P,P,P,P,P,P,P,P,P,9081,752,2228,26.443,OK,154,751,0,ok,1,1.0075,0.0195,0,25.163
28885,2373,1994-09-07,91.175,PERF,P,P,P,P,P,P,P,P,P,P,8828,761,2208,26.206,OK,204,761,0,ok,1,1.0075,0.0195,0,33.333
28886,2373,1994-09-07,91.175,PERF,P,P,P,P,P,P,P,P,P,P,8832,813,2137,25.363,OK,159,814,0,ok,1,1.0075,0.0195,0,25.980
28887,2373,1994-09-07,91.176,PERF,P,P,P,P,P,P,P,P,P,P,6931,608,1753,20.806,OK,111,611,0,ok,1,1.0075,0.0195,0,18.137
28888,2373,1994-09-07,91.177,PERF,P,P,P,P,P,P,P,P,P,P,8725,773,2140,25.4,OK,158,773,0,ok,1,1.0075,0.0195,0,25.817
28889,2373,1994-09-07,91.178,PERF,P,P,P,P,P,P,P,P,P,P,8662,808,2096,24.878,OK,166,810,0,ok,1,1.0075,0.0195,0,27.124
28890,2373,1994-09-07,91.18,PERF,P,P,P,P,P,P,P,P,P,P,8880,797,2241,26.6,OK,149,795,0,ok,1,1.0075,0.0195,0,24.346
28891,2373,1994-09-07,91.181,PERF,P,P,P,P,P,P,P,P,P,P,9132,743,2212,26.257,OK,156,743,0,ok,1,1.0075,0.0195,0,25.490
28892,2373,1994-09-07,91.183,PERF,P,P,P,P,P,P,P,P,P,P,9024,770,2332,27.682,OK,146,772,0,ok,1,1.0075,0.0195,0,23.856
28893,2373,1994-09-07,91.185,PERF,P,P,P,P,P,P,P,P,P,P,9072,770,2181,25.891,OK,140,772,0,ok,1,1.0075,0.0195,0,22.876
28894,2373,1994-09-07,91.185,PERF,P,P,P,P,P,P,P,P,P,P,4331,392,1094,12.987,OK,86,392,0,ok,1,1.0075,0.0195,0,14.052
28904,2374,1994-09-07,91.187,PERF,P,P,P,P,P,P,P,P,P,P,6944,431,1398,16.595,OK,132,431,0,ok,1,0.9947,0.0204,0,21.568
28905,2374,1994-09-07,91.19,PERF,P,P,P,P,P,P,P,P,P,P,9499,724,2103,24.966,OK,139,723,0,ok,1,0.9947,0.0204,0,22.712
28906,2374,1994-09-07,91.19,PERF,P,P,P,P,P,P,P,P,P,P,9328,754,2126,25.239,OK,157,754,0,ok,1,0.9947,0.0204,0,25.653
28907,2374,1994-09-07,91.191,PERF,P,P,P,P,P,P,P,P,P,P,9005,737,2030,24.1,OK,138,739,0,ok,1,0.9947,0.0204,0,22.549
28908,2374,1994-09-07,91.191,PERF,P,P,P,P,P,P,P,P,P,P,9251,739,2066,24.527,OK,163,740,0,ok,1,0.9947,0.0204,0,26.634
28909,2374,1994-09-07,91.191,PERF,P,P,P,P,P,P,P,P,P,P,9387,743,2114,25.096,OK,151,743,0,ok,1,0.9947,0.0204,0,24.673
28910,2374,1994-09-07,91.19,PERF,P,P,P,P,P,P,P,P,P,P,9111,701,2114,25.096,OK,160,701,0,ok,1,0.9947,0.0204,0,26.143
28911,2374,1994-09-07,91.189,PERF,P,P,P,P,P,P,P,P,P,P,8092,655,1827,21.688,OK,149,654,0,ok,1,0.9947,0.0204,0,24.346
28912,2374,1994-09-07,91.187,PERF,P,P,P,P,P,P,P,P,P,P,9033,764,2077,24.655,OK,145,764,0,ok,1,0.9947,0.0204,0,23.693
28913,2374,1994-09-07,91.185,PERF,P,P,P,P,P,P,P,P,P,P,9240,703,2134,25.331,OK,141,702,0,ok,1,0.9947,0.0204,0,23.039
28914,2374,1994-09-08,91.184,PERF,P,P,P,P,P,P,P,P,P,P,9118,770,2166,25.71,OK,139,770,0,ok,1,0.9947,0.0204,0,22.712
28915,2374,1994-09-08,91.182,PERF,P,P,P,P,P,P,P,P,P,P,9160,740,2159,25.626,OK,155,740,0,ok,1,0.9947,0.0204,0,25.326
28916,2374,1994-09-08,91.181,PERF,P,P,P,P,P,P,P,P,P,P,8858,759,2101,24.937,OK,123,759,0,ok,1,0.9947,0.0204,0,20.098
28917,2374,1994-09-08,91.181,PERF,P,P,P,P,P,P,P,P,P,P,9251,736,2197,26.076,OK,164,735,0,ok,1,0.9947,0.0204,0,26.797
28918,2374,1994-09-08,91.182,PERF,P,P,P,P,P,P,P,P,P,P,9176,743,2165,25.697,OK,147,743,0,ok,1,0.9947,0.0204,0,24.019
28919,2374,1994-09-08,91.183,PERF,P,P,P,P,P,P,P,P,P,P,8863,748,2089,24.795,OK,170,748,0,ok,1,0.9947,0.0204,0,27.777
28920,2374,1994-09-08,91.185,PERF,P,P,P,P,P,P,P,P,P,P,9126,732,2097,24.891,OK,160,732,0,ok,1,0.9947,0.0204,0,26.143
28921,2374,1994-09-08,91.186,PERF,P,P,P,P,P,P,P,P,P,P,1611,112,283,3.359,OK,14,112,0,ok,1,0.9947,0.0204,0,2.288
28923,2375,1994-09-08,91.187,PERF,P,P,P,P,P,P,P,P,P,P,9325,634,1799,21.355,OK,130,634,0,ok,1,0.9919,0.0274,0,21.242
28924,2375,1994-09-08,91.188,PERF,P,P,P,P,P,P,P,P,P,P,9310,716,1893,22.471,OK,148,716,0,ok,1,0.9919,0.0274,0,24.183
28925,2375,1994-09-08,91.189,PERF,P,P,P,P,P,P,P,P,P,P,9496,662,1943,23.065,OK,125,662,0,ok,1,0.9919,0.0274,0,20.425
28926,2375,1994-09-08,91.191,PERF,P,P,P,P,P,P,P,P,P,P,9981,676,2132,25.309,OK,151,677,0,ok,1,0.9919,0.0274,0,24.673
28927,2375,1994-09-08,91.191,PERF,P,P,P,P,P,P,P,P,P,P,9425,703,2009,23.849,OK,135,705,0,ok,1,0.9919,0.0274,0,22.059
28928,2375,1994-09-08,91.19,PERF,P,P,P,P,P,P,P,P,P,P,8876,718,1978,23.481,OK,145,718,0,ok,1,0.9919,0.0274,0,23.693
28929,2375,1994-09-08,91.189,PERF,P,P,P,P,P,P,P,P,P,P,9255,713,1986,23.575,OK,143,713,0,ok,1,0.9919,0.0274,0,23.366
28930,2375,1994-09-08,91.188,PERF,P,P,P,P,P,P,P,P,P,P,4663,366,1014,12.037,OK,76,366,0,ok,1,0.9919,0.0274,0,12.418
28931,2375,1994-09-08,91.187,PERF,P,P,P,P,P,P,P,P,P,P,9064,713,1997,23.705,OK,156,715,0,ok,1,0.9919,0.0274,0,25.490
28932,2375,1994-09-08,91.186,PERF,P,P,P,P,P,P,P,P,P,P,9269,710,2068,24.547,OK,151,710,0,ok,1,0.9919,0.0274,0,24.673
28933,2375,1994-09-08,91.186,PERF,P,P,P,P,P,P,P,P,P,P,3144,247,679,8.06,OK,45,247,0,ok,1,0.9919,0.0274,0,7.353
28936,2376,1994-09-08,91.179,PERF,P,P,P,P,P,P,P,P,P,P,9643,648,1850,21.957,OK,136,647,0,ok,1,1.0351,0.0300,0,22.222
28937,2376,1994-09-08,91.18,PERF,P,P,P,P,P,P,P,P,P,P,5745,353,976,11.584,OK,62,365,0,ok,1,1.0351,0.0300,0,10.131
28939,2376,1994-09-08,91.182,PERF,P,P,P,P,P,P,P,P,P,P,9515,661,1827,21.685,OK,151,662,0,ok,1,1.0351,0.0300,0,24.673
28940,2376,1994-09-08,91.183,PERF,P,P,P,P,P,P,P,P,P,P,6292,371,1066,12.653,OK,87,409,1,truncated_counters,0,1.0351,0.0300,0,14.216
28941,2376,1994-09-08,91.184,PERF,P,P,P,P,P,P,P,P,P,P,2822,19,55,0.653,OK,12,33,0,vetoed_tracking_quality,0,1.0351,0.0300,0,1.961
28942,2376,1994-09-08,91.185,MAYB,P,P,P,P,M,P,P,P,P,P,9311,701,1955,23.206,OK,162,700,0,ok,1,1.0351,0.0300,0,26.470
28943,2376,1994-09-08,91.187,MAYB,P,P,P,P,M,P,P,P,P,P,9371,675,2089,24.798,OK,126,675,0,ok,1,1.0351,0.0300,0,20.588
28944,2376,1994-09-08,91.188,MAYB,P,P,P,P,M,P,P,P,P,P,9164,711,2044,24.264,OK,155,710,0,ok,1,1.0351,0.0300,0,25.326
28945,2376,1994-09-08,91.189,MAYB,P,P,P,P,M,P,P,P,P,P,9285,707,2086,24.763,OK,156,706,0,ok,1,1.0351,0.0300,0,25.490
28946,2376,1994-09-08,91.189,MAYB,P,P,P,P,M,P,P,P,P,P,8831,727,1958,23.244,OK,137,727,0,ok,1,1.0351,0.0300,0,22.385
28947,2376,1994-09-08,91.188,PERF,P,P,P,P,P,P,P,P,P,P,8543,691,1934,22.958,OK,166,691,0,ok,1,1.0351,0.0300,0,27.124
28949,2376,1994-09-08,91.187,PERF,P,P,P,P,P,P,P,P,P,P,2214,100,277,3.288,OK,27,106,0,ok,1,1.0351,0.0300,0,4.412
28951,2377,1994-09-09,91.174,PERF,P,P,P,P,P,P,P,P,P,P,9259,676,1764,20.934,OK,133,672,0,ok,1,1.0051,0.0231,0,21.732
28952,2377,1994-09-09,91.174,PERF,P,P,P,P,P,P,P,P,P,P,9413,663,1918,22.761,OK,130,662,0,ok,1,1.0051,0.0231,0,21.242
28953,2377,1994-09-09,91.173,PERF,P,P,P,P,P,P,P,P,P,P,9407,725,2015,23.912,OK,137,724,0,ok,1,1.0051,0.0231,0,22.385
28954,2377,1994-09-09,91.172,PERF,P,P,P,P,P,P,P,P,P,P,9476,717,2028,24.066,OK,169,716,0,ok,1,1.0051,0.0231,0,27.614
28955,2377,1994-09-09,91.172,PERF,P,P,P,P,P,P,P,P,P,P,9405,715,1983,23.532,OK,152,714,0,ok,1,1.0051,0.0231,0,24.836
28956,2377,1994-09-09,91.173,PERF,P,P,P,P,P,P,P,P,P,P,9588,684,2021,23.983,OK,144,684,0,ok,1,1.0051,0.0231,0,23.529
28957,2377,1994-09-09,91.173,PERF,P,P,P,P,P,P,P,P,P,P,9201,699,1870,22.191,OK,106,700,0,ok,1,1.0051,0.0231,0,17.320
28958,2377,1994-09-09,91.175,PERF,P,P,P,P,P,P,P,P,P,P,9435,700,2041,24.221,OK,153,700,0,ok,1,1.0051,0.0231,0,25.000
28959,2377,1994-09-09,91.177,PERF,P,P,P,P,P,P,P,P,P,P,9380,709,1963,23.296,OK,144,711,0,ok,1,1.0051,0.0231,0,23.529
28960,2377,1994-09-09,91.177,PERF,P,P,P,P,P,P,P,P,P,P,8780,771,1957,23.225,OK,153,771,0,ok,1,1.0051,0.0231,0,25.000
28961,2377,1994-09-09,91.18,PERF,P,P,P,P,P,P,P,P,P,P,9186,742,2151,25.529,OK,171,741,0,ok,1,1.0051,0.0231,0,27.941
28962,2377,1994-09-09,91.182,PERF,P,P,P,P,P,P,P,P,P,P,8981,702,1851,21.97,OK,156,759,0,ok,1,1.0051,0.0231,0,25.490
28963,2377,1994-09-09,91.184,PERF,P,P,P,P,P,P,P,P,P,P,9291,769,2229,26.458,OK,157,769,0,ok,1,1.0051,0.0231,0,25.653
28964,2377,1994-09-09,91.186,PERF,P,P,P,P,P,P,P,P,P,P,9166,736,2127,25.248,OK,133,760,0,ok,1,1.0051,0.0231,0,21.732
28965,2377,1994-09-09,91.187,PERF,P,P,P,P,P,P,P,P,P,P,9259,608,1755,20.833,OK,146,748,1,truncated_counters,0,1.0051,0.0231,0,23.856
28966,2377,1994-09-09,91.187,PERF,P,P,P,P,P,P,P,P,P,P,9189,550,1630,19.349,OK,142,726,1,truncated_counters,0,1.0051,0.0231,0,23.202
28967,2377,1994-09-09,91.187,PERF,P,P,P,P,P,P,P,P,P,P,9171,587,1639,19.456,OK,185,729,1,truncated_counters,0,1.0051,0.0231,0,30.228
28968,2377,1994-09-09,91.187,PERF,P,P,P,P,P,P,P,P,P,P,5830,453,1144,13.58,OK,116,501,1,truncated_counters,0,1.0051,0.0231,0,18.954
28971,2378,1994-09-09,91.177,PERF,P,P,P,P,P,P,P,P,P,P,9785,657,1978,23.477,OK,146,658,0,ok,1,1.0336,0.0205,0,23.856
28972,2378,1994-09-09,91.178,PERF,P,P,P,P,P,P,P,P,P,P,9333,708,2001,23.75,OK,133,707,0,ok,1,1.0336,0.0205,0,21.732
28973,2378,1994-09-09,91.181,PERF,P,P,P,P,P,P,P,P,P,P,9097,702,1886,22.387,OK,136,702,0,ok,1,1.0336,0.0205,0,22.222
28974,2378,1994-09-09,91.182,PERF,P,P,P,P,P,P,P,P,P,P,9181,699,1943,23.064,OK,142,700,0,ok,1,1.0336,0.0205,0,23.202
28975,2378,1994-09-09,91.183,PERF,P,P,P,P,P,P,P,P,P,P,9560,707,2035,24.156,OK,167,706,0,ok,1,1.0336,0.0205,0,27.287
28976,2378,1994-09-09,91.185,PERF,P,P,P,P,P,P,P,P,P,P,8988,742,2020,23.979,OK,150,742,0,ok,1,1.0336,0.0205,0,24.510
28977,2378,1994-09-09,91.186,PERF,P,P,P,P,P,P,P,P,P,P,8995,753,2036,24.17,OK,157,753,0,ok,1,1.0336,0.0205,0,25.653
28978,2378,1994-09-09,91.187,PERF,P,P,P,P,P,P,P,P,P,P,9061,687,1883,22.354,OK,149,752,0,ok,1,1.0336,0.0205,0,24.346
28979,2378,1994-09-09,91.189,PERF,P,P,P,P,P,P,P,P,P,P,9211,749,2089,24.8,OK,153,749,0,ok,1,1.0336,0.0205,0,25.000
28980,2378,1994-09-09,91.19,PERF,P,P,P,P,P,P,P,P,P,P,9201,777,2290,27.187,OK,173,778,0,ok,1,1.0336,0.0205,0,28.268
28981,2378,1994-09-09,91.19,PERF,P,P,P,P,P,P,P,P,P,P,8936,750,2164,25.692,OK,173,750,0,ok,1,1.0336,0.0205,0,28.268
28982,2378,1994-09-09,91.191,PERF,P,P,P,P,P,P,P,P,P,P,8908,702,1981,23.52,OK,138,753,0,ok,1,1.0336,0.0205,0,22.549
28983,2378,1994-09-09,91.191,PERF,P,P,P,P,P,P,P,P,P,P,9095,779,2190,26.001,OK,159,781,0,ok,1,1.0336,0.0205,0,25.980
28984,2378,1994-09-09,91.191,PERF,P,P,P,P,P,P,P,P,P,P,8828,805,2142,25.431,OK,155,805,0,ok,1,1.0336,0.0205,0,25.326
28985,2378,1994-09-09,91.19,PERF,P,P,P,P,P,P,P,P,P,P,9037,813,2293,27.223,OK,156,814,0,ok,1,1.0336,0.0205,0,25.490
28986,2378,1994-09-09,91.189,PERF,P,P,P,P,P,P,P,P,P,P,9063,772,2176,25.833,OK,174,770,0,ok,1,1.0336,0.0205,0,28.431
28987,2378,1994-09-10,91.187,PERF,P,P,P,P,P,P,P,P,P,P,9156,771,2280,27.067,OK,181,771,0,ok,1,1.0336,0.0205,0,29.575
28988,2378,1994-09-10,91.185,PERF,P,P,P,P,P,P,P,P,P,P,4122,364,1008,11.966,OK,91,365,0,ok,1,1.0336,0.0205,0,14.869
28990,2379,1994-09-10,91.176,PERF,P,P,P,P,P,P,P,P,P,P,4974,249,699,8.296,OK,96,351,1,vetoed_tracking_quality,0,1.0234,0.0201,0,15.686
28991,2379,1994-09-10,91.177,PERF,P,P,P,P,P,P,P,P,P,P,9538,700,2046,24.281,OK,146,700,0,ok,1,1.0234,0.0201,0,23.856
28992,2379,1994-09-10,91.18,PERF,P,P,P,P,P,P,P,P,P,P,9502,705,2104,24.972,OK,142,704,0,ok,1,1.0234,0.0201,0,23.202
28993,2379,1994-09-10,91.182,PERF,P,P,P,P,P,P,P,P,P,P,9136,711,1981,23.513,OK,157,710,0,ok,1,1.0234,0.0201,0,25.653
28994,2379,1994-09-10,91.185,PERF,P,P,P,P,P,P,P,P,P,P,8910,765,1997,23.704,OK,150,766,0,ok,1,1.0234,0.0201,0,24.510
28995,2379,1994-09-10,91.187,PERF,P,P,P,P,P,P,P,P,P,P,9223,724,2096,24.88,OK,164,722,0,ok,1,1.0234,0.0201,0,26.797
28996,2379,1994-09-10,91.189,PERF,P,P,P,P,P,P,P,P,P,P,8955,746,2020,23.979,OK,150,745,0,ok,1,1.0234,0.0201,0,24.510
28997,2379,1994-09-10,91.19,PERF,P,P,P,P,P,P,P,P,P,P,9337,732,2156,25.595,OK,155,732,0,ok,1,1.0234,0.0201,0,25.326
28998,2379,1994-09-10,91.192,PERF,P,P,P,P,P,P,P,P,P,P,9308,716,2109,25.037,OK,145,716,0,ok,1,1.0234,0.0201,0,23.693
28999,2379,1994-09-10,91.191,PERF,P,P,P,P,P,P,P,P,P,P,9186,762,2213,26.272,OK,146,763,0,ok,1,1.0234,0.0201,0,23.856
29000,2379,1994-09-10,91.193,PERF,P,P,P,P,P,P,P,P,P,P,9156,752,2171,25.774,OK,160,752,0,ok,1,1.0234,0.0201,0,26.143
29001,2379,1994-09-10,91.194,PERF,P,P,P,P,P,P,P,P,P,P,9088,782,2253,26.748,OK,168,782,0,ok,1,1.0234,0.0201,0,27.451
29002,2379,1994-09-10,91.194,PERF,P,P,P,P,P,P,P,P,P,P,9073,776,2224,26.404,OK,165,775,0,ok,1,1.0234,0.0201,0,26.960
29003,2379,1994-09-10,91.195,PERF,P,P,P,P,P,P,P,P,P,P,9255,758,2262,26.856,OK,171,758,0,ok,1,1.0234,0.0201,0,27.941
29004,2379,1994-09-10,91.196,PERF,P,P,P,P,P,P,P,P,P,P,9012,771,2097,24.897,OK,146,771,0,ok,1,1.0234,0.0201,0,23.856
29005,2379,1994-09-10,91.196,PERF,P,P,P,P,P,P,P,P,P,P,9099,765,2140,25.408,OK,176,766,0,ok,1,1.0234,0.0201,0,28.758
29006,2379,1994-09-10,91.195,PERF,P,P,P,P,P,P,P,P,P,P,9188,770,2230,26.476,OK,187,770,0,ok,1,1.0234,0.0201,0,30.555
29007,2379,1994-09-10,91.195,PERF,P,P,P,P,P,P,P,P,P,P,8960,783,2126,25.241,OK,159,783,0,ok,1,1.0234,0.0201,0,25.980
29008,2379,1994-09-10,91.195,PERF,P,P,P,P,P,P,P,P,P,P,5730,497,1366,16.218,OK,108,498,0,ok,1,1.0234,0.0201,0,17.647
29017,2380,1994-09-10,91.185,PERF,P,P,P,P,P,P,P,P,P,P,9425,658,1843,21.879,OK,140,658,0,ok,1,1.0091,0.0209,0,22.876
29019,2380,1994-09-10,91.188,PERF,P,P,P,P,P,P,P,P,P,P,2139,155,496,5.889,OK,31,155,0,ok,1,1.0091,0.0209,0,5.065
29021,2380,1994-09-10,91.189,PERF,P,P,P,P,P,P,P,P,P,P,4612,370,1096,13.012,OK,72,370,0,ok,1,1.0091,0.0209,0,11.765
29022,2380,1994-09-10,91.19,PERF,P,P,P,P,P,P,P,P,P,P,9197,740,2252,26.737,OK,149,738,0,ok,1,1.0091,0.0209,0,24.346
29023,2380,1994-09-10,91.191,PERF,P,P,P,P,P,P,P,P,P,P,9029,760,2220,26.358,OK,156,758,0,ok,1,1.0091,0.0209,0,25.490
29024,2380,1994-09-10,91.191,PERF,P,P,P,P,P,P,P,P,P,P,8828,727,2205,26.18,OK,165,727,0,ok,1,1.0091,0.0209,0,26.960
29025,2380,1994-09-10,91.191,PERF,P,P,P,P,P,P,P,P,P,P,9130,794,2232,26.501,OK,163,795,0,ok,1,1.0091,0.0209,0,26.634
29026,2380,1994-09-10,91.191,PERF,P,P,P,P,P,P,P,P,P,P,9188,757,2255,26.774,OK,177,757,0,ok,1,1.0091,0.0209,0,28.921
29027,2380,1994-09-10,91.191,PERF,P,P,P,P,P,P,P,P,P,P,9018,753,2246,26.667,OK,168,753,0,ok,1,1.0091,0.0209,0,27.451
29028,2380,1994-09-10,91.19,PERF,P,P,P,P,P,P,P,P,P,P,8928,778,2159,25.633,OK,152,778,0,ok,1,1.0091,0.0209,0,24.836
29029,2380,1994-09-11,91.19,PERF,P,P,P,P,P,P,P,P,P,P,8890,799,2207,26.203,OK,181,800,0,ok,1,1.0091,0.0209,0,29.575
29030,2380,1994-09-11,91.188,PERF,P,P,P,P,P,P,P,P,P,P,8806,765,2256,26.784,OK,171,765,0,ok,1,1.0091,0.0209,0,27.941
29031,2380,1994-09-11,91.187,PERF,P,P,P,P,P,P,P,P,P,P,8973,793,2196,26.071,OK,161,793,0,ok,1,1.0091,0.0209,0,26.307
29032,2380,1994-09-11,91.185,PERF,P,P,P,P,P,P,P,P,P,P,8839,774,2207,26.201,OK,170,772,0,ok,1,1.0091,0.0209,0,27.777
29033,2380,1994-09-11,91.184,PERF,P,P,P,P,P,P,P,P,P,P,8851,766,2131,25.297,OK,146,766,0,ok,1,1.0091,0.0209,0,23.856
29034,2380,1994-09-11,91.183,PERF,P,P,P,P,P,P,P,P,P,P,8710,761,2123,25.202,OK,170,761,0,ok,1,1.0091,0.0209,0,27.777
29035,2380,1994-09-11,91.182,PERF,P,P,P,P,P,P,P,P,P,P,8581,750,2137,25.367,OK,140,750,0,ok,1,1.0091,0.0209,0,22.876
29037,2381,1994-09-11,91.182,PERF,P,P,P,P,P,P,P,P,P,P,9406,714,1951,23.158,OK,167,714,0,ok,1,0.9826,0.0183,0,27.287
29038,2381,1994-09-11,91.183,PERF,P,P,P,P,P,P,P,P,P,P,9086,745,1927,22.873,OK,142,744,0,ok,1,0.9826,0.0183,0,23.202
29039,2381,1994-09-11,91.185,PERF,P,P,P,P,P,P,P,P,P,P,9345,734,2051,24.346,OK,157,733,0,ok,1,0.9826,0.0183,0,25.653
29040,2381,1994-09-11,91.186,PERF,P,P,P,P,P,P,P,P,P,P,9206,751,2067,24.537,OK,147,751,0,ok,1,0.9826,0.0183,0,24.019
29041,2381,1994-09-11,91.188,PERF,P,P,P,P,P,P,P,P,P,P,9362,743,2223,26.39,OK,155,746,0,ok,1,0.9826,0.0183,0,25.326
29042,2381,1994-09-11,91.19,PERF,P,P,P,P,P,P,P,P,P,P,9425,732,2225,26.415,OK,146,732,0,ok,1,0.9826,0.0183,0,23.856
29043,2381,1994-09-11,91.191,PERF,P,P,P,P,P,P,P,P,P,P,9017,781,2150,25.525,OK,157,782,0,ok,1,0.9826,0.0183,0,25.653
29044,2381,1994-09-11,91.193,PERF,P,P,P,P,P,P,P,P,P,P,9228,753,2164,25.692,OK,143,753,0,ok,1,0.9826,0.0183,0,23.366
29045,2381,1994-09-11,91.194,PERF,P,P,P,P,P,P,P,P,P,P,9105,753,2123,25.206,OK,160,753,0,ok,1,0.9826,0.0183,0,26.143
29046,2381,1994-09-11,91.195,PERF,P,P,P,P,P,P,P,P,P,P,9215,715,2160,25.646,OK,140,717,0,ok,1,0.9826,0.0183,0,22.876
29047,2381,1994-09-11,91.197,PERF,P,P,P,P,P,P,P,P,P,P,9389,761,2201,26.134,OK,161,762,0,ok,1,0.9826,0.0183,0,26.307
29048,2381,1994-09-11,91.197,PERF,P,P,P,P,P,P,P,P,P,P,9346,758,2217,26.324,OK,171,760,0,ok,1,0.9826,0.0183,0,27.941
29049,2381,1994-09-11,91.198,PERF,P,P,P,P,P,P,P,P,P,P,9108,776,2277,27.037,OK,172,775,0,ok,1,0.9826,0.0183,0,28.104
29050,2381,1994-09-11,91.199,PERF,P,P,P,P,P,P,P,P,P,P,9244,779,2186,25.957,OK,146,778,0,ok,1,0.9826,0.0183,0,23.856
29051,2381,1994-09-11,91.2,PERF,P,P,P,P,P,P,P,P,P,P,9224,778,2270,26.955,OK,164,778,0,ok,1,0.9826,0.0183,0,26.797
29052,2381,1994-09-11,91.2,PERF,P,P,P,P,P,P,P,P,P,P,8983,728,2199,26.112,OK,136,727,0,ok,1,0.9826,0.0183,0,22.222
29053,2381,1994-09-11,91.2,PERF,P,P,P,P,P,P,P,P,P,P,8894,803,2235,26.539,OK,170,805,0,ok,1,0.9826,0.0183,0,27.777
29054,2381,1994-09-11,91.2,PERF,P,P,P,P,P,P,P,P,P,P,8952,773,2288,27.169,OK,160,774,0,ok,1,0.9826,0.0183,0,26.143
29055,2381,1994-09-11,91.2,PERF,P,P,P,P,P,P,P,P,P,P,9115,789,2252,26.741,OK,170,788,0,ok,1,0.9826,0.0183,0,27.777
29056,2381,1994-09-11,91.2,PERF,P,P,P,P,P,P,P,P,P,P,8691,767,2152,25.554,OK,129,769,0,ok,1,0.9826,0.0183,0,21.078
29060,2383,1994-09-11,91.192,PERF,P,P,P,P,P,P,P,P,P,P,9706,619,1943,23.069,OK,154,618,0,ok,1,0.9953,0.0191,0,25.163
29061,2383,1994-09-11,91.193,PERF,P,P,P,P,P,P,P,P,P,P,9372,739,2098,24.91,OK,127,738,0,ok,1,0.9953,0.0191,0,20.751
29062,2383,1994-09-11,91.193,PERF,P,P,P,P,P,P,P,P,P,P,9562,730,2179,25.871,OK,176,729,0,ok,1,0.9953,0.0191,0,28.758
29063,2383,1994-09-11,91.194,PERF,P,P,P,P,P,P,P,P,P,P,9423,700,2181,25.896,OK,161,698,0,ok,1,0.9953,0.0191,0,26.307
29064,2383,1994-09-11,91.194,PERF,P,P,P,P,P,P,P,P,P,P,8932,767,2013,23.901,OK,127,765,0,ok,1,0.9953,0.0191,0,20.751
29065,2383,1994-09-11,91.193,PERF,P,P,P,P,P,P,P,P,P,P,8974,730,2002,23.77,OK,131,729,0,ok,1,0.9953,0.0191,0,21.405
29066,2383,1994-09-11,91.193,PERF,P,P,P,P,P,P,P,P,P,P,9215,718,2124,25.218,OK,154,718,0,ok,1,0.9953,0.0191,0,25.163
29067,2383,1994-09-12,91.193,PERF,P,P,P,P,P,P,P,P,P,P,9146,767,2173,25.8,OK,143,766,0,ok,1,0.9953,0.0191,0,23.366
29068,2383,1994-09-12,91.193,PERF,P,P,P,P,P,P,P,P,P,P,9105,775,2167,25.729,OK,161,775,0,ok,1,0.9953,0.0191,0,26.307
29069,2383,1994-09-12,91.192,PERF,P,P,P,P,P,P,P,P,P,P,9038,760,2208,26.215,OK,147,764,0,ok,1,0.9953,0.0191,0,24.019
29070,2383,1994-09-12,91.191,PERF,P,P,P,P,P,P,P,P,P,P,8993,777,2024,24.03,OK,159,777,0,ok,1,0.9953,0.0191,0,25.980
29071,2383,1994-09-12,91.19,PERF,P,P,P,P,P,P,P,P,P,P,9102,761,2231,26.487,OK,154,759,0,ok,1,0.9953,0.0191,0,25.163
29072,2383,1994-09-12,91.189,PERF,P,P,P,P,P,P,P,P,P,P,8637,820,2138,25.382,OK,169,819,0,ok,1,0.9953,0.0191,0,27.614
29073,2383,1994-09-12,91.188,PERF,P,P,P,P,P,P,P,P,P,P,9202,787,2286,27.139,OK,164,787,0,ok,1,0.9953,0.0191,0,26.797
29074,2383,1994-09-12,91.186,PERF,P,P,P,P,P,P,P,P,P,P,9080,796,2293,27.221,OK,174,796,0,ok,1,0.9953,0.0191,0,28.431
29075,2383,1994-09-12,91.186,PERF,P,P,P,P,P,P,P,P,P,P,8868,784,2254,26.758,OK,177,784,0,ok,1,0.9953,0.0191,0,28.921
29076,2383,1994-09-12,91.185,PERF,P,P,P,P,P,P,P,P,P,P,8601,842,2181,25.89,OK,158,841,0,ok,1,0.9953,0.0191,0,25.817
29077,2383,1994-09-12,91.184,PERF,P,P,P,P,P,P,P,P,P,P,8967,789,2242,26.614,OK,165,788,0,ok,1,0.9953,0.0191,0,26.960
29078,2383,1994-09-12,91.184,PERF,P,P,P,P,P,P,P,P,P,P,5106,480,1321,15.681,OK,96,480,0,ok,1,0.9953,0.0191,0,15.686
29113,2386,1994-09-25,91.204,MAYB,P,P,P,P,M,P,P,P,P,P,9835,555,1476,17.527,OK,113,555,0,ok,1,0.9874,0.0418,0,18.464
29114,2386,1994-09-25,91.207,MAYB,P,P,P,P,M,P,P,P,P,P,9462,618,1684,19.998,OK,118,617,0,ok,1,0.9874,0.0418,0,19.281
29115,2386,1994-09-25,91.21,MAYB,P,P,P,P,M,P,P,P,P,P,9462,609,1710,20.308,OK,138,609,0,ok,1,0.9874,0.0418,0,22.549
29116,2386,1994-09-25,91.212,MAYB,P,P,P,P,M,P,P,P,P,P,9870,430,1165,13.836,OK,109,522,1,vetoed_tracking_quality,0,0.9874,0.0418,0,17.810
29117,2386,1994-09-25,91.213,MAYB,P,P,P,P,M,P,P,P,P,P,9108,599,1794,21.307,OK,116,599,0,ok,1,0.9874,0.0418,0,18.954
29118,2386,1994-09-25,91.214,MAYB,P,P,P,P,M,P,P,P,P,P,8122,619,1655,19.657,OK,112,620,0,ok,1,0.9874,0.0418,0,18.300
29124,2389,1994-09-25,91.207,PERF,P,P,P,P,P,P,P,P,P,P,244,19,55,0.653,OK,5,19,0,ok,1,1.2511,0.5844,0,0.817
29130,2390,1994-09-26,91.196,PERF,P,P,P,P,P,P,P,P,P,P,9810,610,1663,19.744,OK,137,623,0,ok,1,1.0349,0.0286,0,22.385
29131,2390,1994-09-26,91.196,PERF,P,P,P,P,P,P,P,P,P,P,9665,627,1823,21.644,OK,142,627,0,ok,1,1.0349,0.0286,0,23.202
29132,2390,1994-09-26,91.198,PERF,P,P,P,P,P,P,P,P,P,P,9200,706,1915,22.737,OK,123,705,0,ok,1,1.0349,0.0286,0,20.098
29133,2390,1994-09-26,91.2,PERF,P,P,P,P,P,P,P,P,P,P,9164,710,1930,22.916,OK,143,708,0,ok,1,1.0349,0.0286,0,23.366
29134,2390,1994-09-26,91.202,PERF,P,P,P,P,P,P,P,P,P,P,9204,715,2030,24.105,OK,178,714,0,ok,1,1.0349,0.0286,0,29.085
29135,2390,1994-09-26,91.205,PERF,P,P,P,P,P,P,P,P,P,P,9172,732,2094,24.866,OK,160,733,0,ok,1,1.0349,0.0286,0,26.143
29136,2390,1994-09-26,91.207,PERF,P,P,P,P,P,P,P,P,P,P,8959,704,1935,22.979,OK,132,748,0,ok,1,1.0349,0.0286,0,21.568
29137,2390,1994-09-26,91.209,PERF,P,P,P,P,P,P,P,P,P,P,8880,778,2113,25.094,OK,129,775,0,ok,1,1.0349,0.0286,0,21.078
29138,2390,1994-09-26,91.212,PERF,P,P,P,P,P,P,P,P,P,P,8853,766,2144,25.463,OK,179,766,0,ok,1,1.0349,0.0286,0,29.248
29139,2390,1994-09-26,91.214,PERF,P,P,P,P,P,P,P,P,P,P,5028,442,1128,13.397,OK,89,443,0,ok,1,1.0349,0.0286,0,14.542
29142,2392,1994-09-26,91.208,PERF,P,P,P,P,P,P,P,P,P,P,10728,570,1684,20.001,OK,126,571,0,ok,1,0.9699,0.0202,0,20.588
29143,2392,1994-09-26,91.21,PERF,P,P,P,P,P,P,P,P,P,P,10152,624,1807,21.462,OK,120,624,0,ok,1,0.9699,0.0202,0,19.608
29144,2392,1994-09-26,91.21,PERF,P,P,P,P,P,P,P,P,P,P,9915,652,1881,22.341,OK,128,651,0,ok,1,0.9699,0.0202,0,20.915
29145,2392,1994-09-26,91.212,PERF,P,P,P,P,P,P,P,P,P,P,9724,670,1996,23.708,OK,122,668,0,ok,1,0.9699,0.0202,0,19.934
29146,2392,1994-09-26,91.211,PERF,P,P,P,P,P,P,P,P,P,P,9528,662,1898,22.544,OK,139,661,0,ok,1,0.9699,0.0202,0,22.712
29147,2392,1994-09-26,91.211,PERF,P,P,P,P,P,P,P,P,P,P,9815,582,1688,20.049,OK,112,583,0,ok,1,0.9699,0.0202,0,18.300
29148,2392,1994-09-26,91.211,PERF,P,P,P,P,P,P,P,P,P,P,9788,644,1823,21.653,OK,119,644,0,ok,1,0.9699,0.0202,0,19.444
29149,2392,1994-09-26,91.211,PERF,P,P,P,P,P,P,P,P,P,P,9311,669,1822,21.641,OK,148,669,0,ok,1,0.9699,0.0202,0,24.183
29150,2392,1994-09-26,91.21,PERF,P,P,P,P,P,P,P,P,P,P,9082,760,2130,25.299,OK,139,761,0,ok,1,0.9699,0.0202,0,22.712
29151,2392,1994-09-26,91.21,PERF,P,P,P,P,P,P,P,P,P,P,9306,718,2144,25.465,OK,158,718,0,ok,1,0.9699,0.0202,0,25.817
29152,2392,1994-09-26,91.21,PERF,P,P,P,P,P,P,P,P,P,P,9165,747,2166,25.726,OK,153,747,0,ok,1,0.9699,0.0202,0,25.000
29153,2392,1994-09-26,91.21,PERF,P,P,P,P,P,P,P,P,P,P,9156,728,2079,24.693,OK,146,729,0,ok,1,0.9699,0.0202,0,23.856
29154,2392,1994-09-26,91.21,PERF,P,P,P,P,P,P,P,P,P,P,9078,751,2167,25.738,OK,184,751,0,ok,1,0.9699,0.0202,0,30.065
29155,2392,1994-09-26,91.209,PERF,P,P,P,P,P,P,P,P,P,P,9115,768,2167,25.738,OK,147,768,0,ok,1,0.9699,0.0202,0,24.019
29156,2392,1994-09-27,91.209,PERF,P,P,P,P,P,P,P,P,P,P,8823,766,2136,25.369,OK,139,765,0,ok,1,0.9699,0.0202,0,22.712
29157,2392,1994-09-27,91.208,PERF,P,P,P,P,P,P,P,P,P,P,9292,741,2248,26.699,OK,150,744,0,ok,1,0.9699,0.0202,0,24.510
29158,2392,1994-09-27,91.206,PERF,P,P,P,P,P,P,P,P,P,P,9135,781,2257,26.805,OK,165,778,0,ok,1,0.9699,0.0202,0,26.960
29159,2392,1994-09-27,91.205,PERF,P,P,P,P,P,P,P,P,P,P,4300,391,999,11.864,OK,79,391,0,ok,1,0.9699,0.0202,0,12.908
29162,2393,1994-09-27,91.201,PERF,P,P,P,P,P,P,P,P,P,P,10377,590,1652,19.613,OK,135,590,0,ok,1,1.0164,0.0190,0,22.059
29163,2393,1994-09-27,91.201,PERF,P,P,P,P,P,P,P,P,P,P,9748,671,1824,21.656,OK,147,671,0,ok,1,1.0164,0.0190,0,24.019
29164,2393,1994-09-27,91.202,PERF,P,P,P,P,P,P,P,P,P,P,9482,685,1860,22.084,OK,140,686,0,ok,1,1.0164,0.0190,0,22.876
29165,2393,1994-09-27,91.204,PERF,P,P,P,P,P,P,P,P,P,P,9540,709,1957,23.236,OK,145,709,0,ok,1,1.0164,0.0190,0,23.693
29166,2393,1994-09-27,91.205,PERF,P,P,P,P,P,P,P,P,P,P,9821,714,2133,25.327,OK,158,716,0,ok,1,1.0164,0.0190,0,25.817
29167,2393,1994-09-27,91.206,PERF,P,P,P,P,P,P,P,P,P,P,9508,745,2109,25.042,OK,148,746,0,ok,1,1.0164,0.0190,0,24.183
29168,2393,1994-09-27,91.207,PERF,P,P,P,P,P,P,P,P,P,P,9089,788,2011,23.879,OK,152,788,0,ok,1,1.0164,0.0190,0,24.836
29169,2393,1994-09-27,91.208,PERF,P,P,P,P,P,P,P,P,P,P,9558,751,2181,25.898,OK,175,751,0,ok,1,1.0164,0.0190,0,28.594
29170,2393,1994-09-27,91.209,PERF,P,P,P,P,P,P,P,P,P,P,9316,768,2117,25.139,OK,138,765,0,ok,1,1.0164,0.0190,0,22.549
29171,2393,1994-09-27,91.21,PERF,P,P,P,P,P,P,P,P,P,P,9412,790,2266,26.908,OK,163,790,0,ok,1,1.0164,0.0190,0,26.634
29172,2393,1994-09-27,91.211,PERF,P,P,P,P,P,P,P,P,P,P,9334,755,2211,26.256,OK,158,755,0,ok,1,1.0164,0.0190,0,25.817
29173,2393,1994-09-27,91.212,PERF,P,P,P,P,P,P,P,P,P,P,9267,764,2175,25.829,OK,177,764,0,ok,1,1.0164,0.0190,0,28.921
29174,2393,1994-09-27,91.213,PERF,P,P,P,P,P,P,P,P,P,P,9070,775,2116,25.129,OK,169,774,0,ok,1,1.0164,0.0190,0,27.614
29175,2393,1994-09-27,91.213,PERF,P,P,P,P,P,P,P,P,P,P,9143,783,2300,27.314,OK,154,781,0,ok,1,1.0164,0.0190,0,25.163
29176,2393,1994-09-27,91.214,PERF,P,P,P,P,P,P,P,P,P,P,8975,799,2203,26.163,OK,137,797,0,ok,1,1.0164,0.0190,0,22.385
29177,2393,1994-09-27,91.216,PERF,P,P,P,P,P,P,P,P,P,P,9014,779,2199,26.116,OK,145,780,0,ok,1,1.0164,0.0190,0,23.693
29178,2393,1994-09-27,91.216,PERF,P,P,P,P,P,P,P,P,P,P,3245,264,749,8.896,OK,55,264,0,ok,1,1.0164,0.0190,0,8.987
29180,2393,1994-09-27,91.217,PERF,P,P,P,P,P,P,P,P,P,P,8892,782,2129,25.286,OK,169,779,0,ok,1,1.0164,0.0190,0,27.614
29181,2393,1994-09-27,91.218,PERF,P,P,P,P,P,P,P,P,P,P,8750,738,1949,23.148,OK,170,754,0,ok,1,1.0164,0.0190,0,27.777
29182,2393,1994-09-27,91.218,PERF,P,P,P,P,P,P,P,P,P,P,9168,727,2093,24.859,OK,148,734,0,ok,1,1.0164,0.0190,0,24.183
29183,2393,1994-09-27,91.219,PERF,P,P,P,P,P,P,P,P,P,P,6223,513,1423,16.901,OK,94,514,0,ok,1,1.0164,0.0190,0,15.359
29185,2394,1994-09-27,91.206,PERF,P,P,P,P,P,P,P,P,P,P,10534,590,1705,20.249,OK,130,589,0,ok,1,1.0018,0.0201,0,21.242
29186,2394,1994-09-27,91.206,PERF,P,P,P,P,P,P,P,P,P,P,9976,599,1698,20.165,OK,128,623,0,ok,1,1.0018,0.0201,0,20.915
29187,2394,1994-09-27,91.208,PERF,P,P,P,P,P,P,P,P,P,P,10689,617,1874,22.257,OK,120,630,0,ok,1,1.0018,0.0201,0,19.608
29188,2394,1994-09-27,91.209,PERF,P,P,P,P,P,P,P,P,P,P,9282,691,1884,22.376,OK,155,691,0,ok,1,1.0018,0.0201,0,25.326
29189,2394,1994-09-27,91.21,PERF,P,P,P,P,P,P,P,P,P,P,9343,693,1949,23.148,OK,145,692,0,ok,1,1.0018,0.0201,0,23.693
29190,2394,1994-09-27,91.21,PERF,P,P,P,P,P,P,P,P,P,P,9364,696,2021,24.003,OK,134,696,0,ok,1,1.0018,0.0201,0,21.895
29191,2394,1994-09-27,91.21,PERF,P,P,P,P,P,P,P,P,P,P,9367,710,2092,24.847,OK,132,709,0,ok,1,1.0018,0.0201,0,21.568
29192,2394,1994-09-27,91.21,PERF,P,P,P,P,P,P,P,P,P,P,9190,733,2060,24.467,OK,158,733,0,ok,1,1.0018,0.0201,0,25.817
29193,2394,1994-09-27,91.21,PERF,P,P,P,P,P,P,P,P,P,P,9170,750,2173,25.809,OK,154,750,0,ok,1,1.0018,0.0201,0,25.163
29194,2394,1994-09-27,91.21,PERF,P,P,P,P,P,P,P,P,P,P,9103,740,2093,24.859,OK,147,742,0,ok,1,1.0018,0.0201,0,24.019
29195,2394,1994-09-27,91.21,PERF,P,P,P,P,P,P,P,P,P,P,9099,740,2126,25.251,OK,148,741,0,ok,1,1.0018,0.0201,0,24.183
29196,2394,1994-09-28,91.21,PERF,P,P,P,P,P,P,P,P,P,P,9097,728,2152,25.559,OK,176,730,0,ok,1,1.0018,0.0201,0,28.758
29197,2394,1994-09-28,91.209,PERF,P,P,P,P,P,P,P,P,P,P,9046,753,2143,25.452,OK,172,753,0,ok,1,1.0018,0.0201,0,28.104
29198,2394,1994-09-28,91.209,PERF,P,P,P,P,P,P,P,P,P,P,9327,772,2231,26.497,OK,154,769,0,ok,1,1.0018,0.0201,0,25.163
29199,2394,1994-09-28,91.208,PERF,P,P,P,P,P,P,P,P,P,P,9029,777,2200,26.128,OK,155,777,0,ok,1,1.0018,0.0201,0,25.326
29200,2394,1994-09-28,91.207,PERF,P,P,P,P,P,P,P,P,P,P,8900,783,2240,26.603,OK,161,783,0,ok,1,1.0018,0.0201,0,26.307
29201,2394,1994-09-28,91.207,PERF,P,P,P,P,P,P,P,P,P,P,8982,792,2237,26.567,OK,168,792,0,ok,1,1.0018,0.0201,0,27.451
29202,2394,1994-09-28,91.206,PERF,P,P,P,P,P,P,P,P,P,P,7215,637,1817,21.579,OK,135,636,0,ok,1,1.0018,0.0201,0,22.059
29204,2395,1994-09-28,91.203,PERF,P,P,P,P,P,P,P,P,P,P,10396,596,1796,21.328,OK,118,595,0,ok,1,0.9858,0.0161,0,19.281
29205,2395,1994-09-28,91.205,PERF,P,P,P,P,P,P,P,P,P,P,9954,691,1988,23.609,OK,131,691,0,ok,1,0.9858,0.0161,0,21.405
29206,2395,1994-09-28,91.206,PERF,P,P,P,P,P,P,P,P,P,P,9575,759,1995,23.693,OK,163,758,0,ok,1,0.9858,0.0161,0,26.634
29207,2395,1994-09-28,91.207,PERF,P,P,P,P,P,P,P,P,P,P,9471,746,2114,25.106,OK,148,745,0,ok,1,0.9858,0.0161,0,24.183
29208,2395,1994-09-28,91.208,PERF,P,P,P,P,P,P,P,P,P,P,9483,742,2036,24.181,OK,148,741,0,ok,1,0.9858,0.0161,0,24.183
29209,2395,1994-09-28,91.21,PERF,P,P,P,P,P,P,P,P,P,P,9291,715,1989,23.623,OK,156,715,0,ok,1,0.9858,0.0161,0,25.490
29210,2395,1994-09-28,91.21,PERF,P,P,P,P,P,P,P,P,P,P,9633,713,2013,23.909,OK,171,714,0,ok,1,0.9858,0.0161,0,27.941
29211,2395,1994-09-28,91.209,PERF,P,P,P,P,P,P,P,P,P,P,9256,745,1914,22.732,OK,140,746,0,ok,1,0.9858,0.0161,0,22.876
29212,2395,1994-09-28,91.211,PERF,P,P,P,P,P,P,P,P,P,P,9279,792,2115,25.121,OK,133,793,0,ok,1,0.9858,0.0161,0,21.732
29213,2395,1994-09-28,91.212,PERF,P,P,P,P,P,P,P,P,P,P,9322,751,2170,25.774,OK,129,751,0,ok,1,0.9858,0.0161,0,21.078
29214,2395,1994-09-28,91.213,PERF,P,P,P,P,P,P,P,P,P,P,9684,734,2201,26.143,OK,158,733,0,ok,1,0.9858,0.0161,0,25.817
29215,2395,1994-09-28,91.214,PERF,P,P,P,P,P,P,P,P,P,P,9185,779,2158,25.633,OK,155,778,0,ok,1,0.9858,0.0161,0,25.326
29216,2395,1994-09-28,91.215,PERF,P,P,P,P,P,P,P,P,P,P,9280,761,2252,26.75,OK,144,762,0,ok,1,0.9858,0.0161,0,23.529
29217,2395,1994-09-28,91.215,PERF,P,P,P,P,P,P,P,P,P,P,9236,786,2171,25.788,OK,174,785,0,ok,1,0.9858,0.0161,0,28.431
29218,2395,1994-09-28,91.216,PERF,P,P,P,P,P,P,P,P,P,P,9174,781,2209,26.24,OK,145,782,0,ok,1,0.9858,0.0161,0,23.693
29219,2395,1994-09-28,91.217,PERF,P,P,P,P,P,P,P,P,P,P,9247,786,2245,26.668,OK,155,787,0,ok,1,0.9858,0.0161,0,25.326
29220,2395,1994-09-28,91.218,PERF,P,P,P,P,P,P,P,P,P,P,9195,762,2202,26.158,OK,160,762,0,ok,1,0.9858,0.0161,0,26.143
29221,2395,1994-09-28,91.219,PERF,P,P,P,P,P,P,P,P,P,P,8966,795,2188,25.992,OK,194,794,0,ok,1,0.9858,0.0161,0,31.699
29222,2395,1994-09-28,91.22,PERF,P,P,P,P,P,P,P,P,P,P,9036,757,2115,25.125,OK,152,757,0,ok,1,0.9858,0.0161,0,24.836
29223,2395,1994-09-28,91.22,PERF,P,P,P,P,P,P,P,P,P,P,8899,757,2123,25.221,OK,167,760,0,ok,1,0.9858,0.0161,0,27.287
29224,2395,1994-09-28,91.22,PERF,P,P,P,P,P,P,P,P,P,P,9127,800,2168,25.755,OK,145,798,0,ok,1,0.9858,0.0161,0,23.693
29225,2395,1994-09-28,91.22,MAYB,P,P,P,P,M,P,P,P,P,P,9019,779,2047,24.318,OK,152,778,0,ok,1,0.9858,0.0161,0,24.836
29226,2395,1994-09-28,91.22,MAYB,P,P,P,P,M,P,P,P,P,P,9156,755,2160,25.66,OK,144,754,0,ok,1,0.9858,0.0161,0,23.529
29227,2395,1994-09-28,91.22,PERF,P,P,P,P,P,P,P,P,P,P,9448,640,1953,23.201,OK,177,692,0,vetoed_tracking_quality,0,0.9858,0.0161,0,28.921
29228,2395,1994-09-28,91.218,PERF,P,P,P,P,P,P,P,P,P,P,9305,768,2244,26.657,OK,148,771,0,ok,1,0.9858,0.0161,0,24.183
29229,2395,1994-09-28,91.217,PERF,P,P,P,P,P,P,P,P,P,P,8988,761,2041,24.245,OK,147,761,0,ok,1,0.9858,0.0161,0,24.019
29230,2395,1994-09-28,91.217,PERF,P,P,P,P,P,P,P,P,P,P,2933,239,680,8.078,OK,66,238,0,ok,1,0.9858,0.0161,0,10.784
29232,2395,1994-09-28,91.217,PERF,P,P,P,P,P,P,P,P,P,P,9209,729,2100,24.946,OK,139,731,0,ok,1,0.9858,0.0161,0,22.712
29233,2395,1994-09-28,91.217,PERF,P,P,P,P,P,P,P,P,P,P,3225,227,720,8.553,OK,42,227,0,ok,1,0.9858,0.0161,0,6.863
29239,2396,1994-09-29,91.207,PERF,P,P,P,P,P,P,P,P,P,P,9735,683,1932,22.938,OK,127,683,0,ok,1,0.9204,0.0373,0,20.751
29240,2396,1994-09-29,91.208,PERF,P,P,P,P,P,P,P,P,P,P,9534,753,2256,26.786,OK,131,754,0,ok,1,0.9204,0.0373,0,21.405
29241,2396,1994-09-29,91.209,PERF,P,P,P,P,P,P,P,P,P,P,9059,768,2134,25.338,OK,155,768,0,ok,1,0.9204,0.0373,0,25.326
29242,2396,1994-09-29,91.21,PERF,P,P,P,P,P,P,P,P,P,P,9562,758,2155,25.588,OK,161,756,0,ok,1,0.9204,0.0373,0,26.307
29243,2396,1994-09-29,91.211,PERF,P,P,P,P,P,P,P,P,P,P,5126,409,1227,14.569,OK,75,409,0,ok,1,0.9204,0.0373,0,12.255
29248,2397,1994-09-29,91.205,PERF,P,P,P,P,P,P,P,P,P,P,10585,626,1855,22.029,OK,129,627,0,ok,1,1.0056,0.0194,0,21.078
29249,2397,1994-09-29,91.205,PERF,P,P,P,P,P,P,P,P,P,P,9764,680,1895,22.504,OK,152,680,0,ok,1,1.0056,0.0194,0,24.836
29250,2397,1994-09-29,91.206,PERF,P,P,P,P,P,P,P,P,P,P,9569,704,2075,24.642,OK,134,706,0,ok,1,1.0056,0.0194,0,21.895
29251,2397,1994-09-29,91.206,PERF,P,P,P,P,P,P,P,P,P,P,9464,731,2002,23.775,OK,149,731,0,ok,1,1.0056,0.0194,0,24.346
29252,2397,1994-09-29,91.207,PERF,P,P,P,P,P,P,P,P,P,P,9600,742,2116,25.129,OK,144,743,0,ok,1,1.0056,0.0194,0,23.529
29253,2397,1994-09-29,91.207,PERF,P,P,P,P,P,P,P,P,P,P,9616,738,2244,26.65,OK,140,738,0,ok,1,1.0056,0.0194,0,22.876
29254,2397,1994-09-29,91.208,PERF,P,P,P,P,P,P,P,P,P,P,9528,725,2286,27.149,OK,161,726,0,ok,1,1.0056,0.0194,0,26.307
29255,2397,1994-09-29,91.208,PERF,P,P,P,P,P,P,P,P,P,P,9233,736,2085,24.762,OK,179,736,0,ok,1,1.0056,0.0194,0,29.248
29256,2397,1994-09-29,91.209,PERF,P,P,P,P,P,P,P,P,P,P,9379,772,2211,26.259,OK,148,770,0,ok,1,1.0056,0.0194,0,24.183
29257,2397,1994-09-29,91.211,PERF,P,P,P,P,P,P,P,P,P,P,9116,769,2091,24.835,OK,170,769,0,ok,1,1.0056,0.0194,0,27.777
29258,2397,1994-09-29,91.212,PERF,P,P,P,P,P,P,P,P,P,P,9085,780,2225,26.427,OK,160,781,0,ok,1,1.0056,0.0194,0,26.143
29259,2397,1994-09-30,91.211,PERF,P,P,P,P,P,P,P,P,P,P,9284,759,1963,23.315,OK,133,760,0,ok,1,1.0056,0.0194,0,21.732
29260,2397,1994-09-30,91.213,PERF,P,P,P,P,P,P,P,P,P,P,9361,715,2028,24.087,OK,153,715,0,ok,1,1.0056,0.0194,0,25.000
29261,2397,1994-09-30,91.213,PERF,P,P,P,P,P,P,P,P,P,P,2972,249,733,8.706,OK,48,250,0,ok,1,1.0056,0.0194,0,7.843
29263,2397,1994-09-30,91.213,PERF,P,P,P,P,P,P,P,P,P,P,8932,807,2114,25.109,OK,146,806,0,ok,1,1.0056,0.0194,0,23.856
29264,2397,1994-09-30,91.213,PERF,P,P,P,P,P,P,P,P,P,P,8897,819,2161,25.667,OK,144,817,0,ok,1,1.0056,0.0194,0,23.529
29265,2397,1994-09-30,91.212,PERF,P,P,P,P,P,P,P,P,P,P,8975,793,2167,25.738,OK,174,794,0,ok,1,1.0056,0.0194,0,28.431
29266,2397,1994-09-30,91.212,PERF,P,P,P,P,P,P,P,P,P,P,9034,778,2265,26.902,OK,185,779,0,ok,1,1.0056,0.0194,0,30.228
29267,2397,1994-09-30,91.211,PERF,P,P,P,P,P,P,P,P,P,P,3080,263,742,8.813,OK,53,262,0,ok,1,1.0056,0.0194,0,8.660
29268,2397,1994-09-30,91.209,PERF,P,P,P,P,P,P,P,P,P,P,9060,747,2102,24.964,OK,170,746,0,ok,1,1.0056,0.0194,0,27.777
29269,2397,1994-09-30,91.208,PERF,P,P,P,P,P,P,P,P,P,P,917,53,233,2.767,OK,22,53,0,ok,1,1.0056,0.0194,0,3.595
29274,2398,1994-09-30,91.201,PERF,P,P,P,P,P,P,P,P,P,P,9727,512,1518,18.025,OK,128,547,0,ok,1,1.0540,0.0317,0,20.915
29275,2398,1994-09-30,91.203,PERF,P,P,P,P,P,P,P,P,P,P,9431,594,1564,18.571,OK,121,636,0,ok,1,1.0540,0.0317,0,19.771
29276,2398,1994-09-30,91.206,PERF,P,P,P,P,P,P,P,P,P,P,9194,675,1961,23.287,OK,166,676,0,ok,1,1.0540,0.0317,0,27.124
29277,2398,1994-09-30,91.208,PERF,P,P,P,P,P,P,P,P,P,P,9079,687,1884,22.374,OK,125,691,0,ok,1,1.0540,0.0317,0,20.425
29278,2398,1994-09-30,91.21,PERF,P,P,P,P,P,P,P,P,P,P,9206,687,2054,24.394,OK,139,688,0,ok,1,1.0540,0.0317,0,22.712
29279,2398,1994-09-30,91.212,PERF,P,P,P,P,P,P,P,P,P,P,9280,750,2057,24.43,OK,145,751,0,ok,1,1.0540,0.0317,0,23.693
29280,2398,1994-09-30,91.214,PERF,P,P,P,P,P,P,P,P,P,P,9364,621,1729,20.536,OK,152,636,0,ok,1,1.0540,0.0317,0,24.836
29281,2398,1994-09-30,91.215,PERF,P,P,P,P,P,P,P,P,P,P,9276,722,1985,23.577,OK,158,722,0,ok,1,1.0540,0.0317,0,25.817
29282,2398,1994-09-30,91.216,PERF,P,P,P,P,P,P,P,P,P,P,3275,255,756,8.979,OK,54,255,0,ok,1,1.0540,0.0317,0,8.823
29293,2400,1994-09-30,91.203,MAYB,P,P,P,P,M,P,P,P,P,P,11746,435,1169,13.882,OK,156,515,1,truncated_counters,0,0.9984,0.0196,0,25.490
29295,2400,1994-09-30,91.205,MAYB,P,P,P,P,M,P,P,P,P,P,9704,673,1981,23.525,OK,149,673,0,ok,1,0.9984,0.0196,0,24.346
29296,2400,1994-09-30,91.205,MAYB,P,P,P,P,M,P,P,P,P,P,9713,728,2149,25.521,OK,137,729,0,ok,1,0.9984,0.0196,0,22.385
29297,2400,1994-10-01,91.204,MAYB,P,P,P,P,M,P,P,P,P,P,9224,754,2020,23.988,OK,143,754,0,ok,1,0.9984,0.0196,0,23.366
29298,2400,1994-10-01,91.208,MAYB,P,P,P,P,M,P,P,P,P,P,9531,759,2269,26.947,OK,153,759,0,ok,1,0.9984,0.0196,0,25.000
29299,2400,1994-10-01,91.209,MAYB,P,P,P,P,M,P,P,P,P,P,7733,655,1843,21.889,OK,130,655,0,ok,1,0.9984,0.0196,0,21.242
29300,2400,1994-10-01,91.21,MAYB,P,P,P,P,M,P,P,P,P,P,9372,736,2207,26.212,OK,165,735,0,ok,1,0.9984,0.0196,0,26.960
29301,2400,1994-10-01,91.21,MAYB,P,P,P,P,M,P,P,P,P,P,9242,760,2193,26.046,OK,175,760,0,ok,1,0.9984,0.0196,0,28.594
29302,2400,1994-10-01,91.21,MAYB,P,P,P,P,M,P,P,P,P,P,8889,773,2062,24.49,OK,172,772,0,ok,1,0.9984,0.0196,0,28.104
29303,2400,1994-10-01,91.211,MAYB,P,P,P,P,M,P,P,P,P,P,9159,773,2199,26.118,OK,174,771,0,ok,1,0.9984,0.0196,0,28.431
29304,2400,1994-10-01,91.211,MAYB,P,P,P,P,M,P,P,P,P,P,9055,785,2174,25.821,OK,136,785,0,ok,1,0.9984,0.0196,0,22.222
29305,2400,1994-10-01,91.211,MAYB,P,P,P,P,M,P,P,P,P,P,938,69,231,2.744,OK,13,69,0,ok,1,0.9984,0.0196,0,2.124
29306,2400,1994-10-01,91.211,MAYB,P,P,P,P,M,P,P,P,P,P,8847,796,2103,24.977,OK,153,796,0,ok,1,0.9984,0.0196,0,25.000
29307,2400,1994-10-01,91.21,MAYB,P,P,P,P,M,P,P,P,P,P,7695,674,1896,22.519,OK,143,675,0,ok,1,0.9984,0.0196,0,23.366
29308,2400,1994-10-01,91.209,MAYB,P,P,P,P,M,P,P,P,P,P,8940,773,2229,26.473,OK,165,773,0,ok,1,0.9984,0.0196,0,26.960
29309,2400,1994-10-01,91.208,MAYB,P,P,P,P,M,P,P,P,P,P,8991,769,2117,25.143,OK,155,765,0,ok,1,0.9984,0.0196,0,25.326
29310,2400,1994-10-01,91.207,MAYB,P,P,P,P,M,P,P,P,P,P,8334,710,2021,24.002,OK,138,709,0,ok,1,0.9984,0.0196,0,22.549
29311,2400,1994-10-01,91.205,MAYB,P,P,P,P,M,P,P,P,P,P,9174,757,2262,26.863,OK,154,756,0,ok,1,0.9984,0.0196,0,25.163
29312,2400,1994-10-01,91.205,MAYB,P,P,P,P,M,P,P,P,P,P,8786,719,1825,21.673,OK,139,764,0,vetoed_tracking_quality,0,0.9984,0.0196,0,22.712
29313,2400,1994-10-01,91.202,MAYB,P,P,P,P,M,P,P,P,P,P,8877,796,2159,25.637,OK,154,790,0,ok,1,0.9984,0.0196,0,25.163
29314,2400,1994-10-01,91.202,MAYB,P,P,P,P,M,P,P,P,P,P,8541,746,2072,24.605,OK,162,747,0,ok,1,0.9984,0.0196,0,26.470
29321,2402,1994-10-01,91.144,MAYB,P,P,P,P,D,P,P,P,P,P,9508,661,1755,20.795,OK,137,660,0,flags,0,1.0058,0.0235,0,22.385
29322,2402,1994-10-01,91.144,MAYB,P,P,P,P,D,P,P,P,P,P,7518,556,1498,17.75,OK,86,557,0,flags,0,1.0058,0.0235,0,14.052
29323,2402,1994-10-01,91.144,MAYB,P,P,P,P,D,P,P,P,P,P,6391,449,1316,15.593,OK,108,448,0,flags,0,1.0058,0.0235,0,17.647
29324,2402,1994-10-01,91.144,MAYB,P,P,P,P,D,P,P,P,P,P,9558,743,2074,24.575,OK,156,744,0,flags,0,1.0058,0.0235,0,25.490
29325,2402,1994-10-01,91.144,MAYB,P,P,P,P,D,P,P,P,P,P,9391,754,2150,25.476,OK,167,755,0,flags,0,1.0058,0.0235,0,27.287
29326,2402,1994-10-01,91.144,MAYB,P,P,P,P,D,P,P,P,P,P,8060,679,1926,22.821,OK,136,677,0,flags,0,1.0058,0.0235,0,22.222
29327,2402,1994-10-01,91.144,MAYB,P,P,P,P,D,P,P,P,P,P,9030,772,2152,25.499,OK,167,773,0,flags,0,1.0058,0.0235,0,27.287
29328,2402,1994-10-01,91.144,MAYB,P,P,P,P,D,P,P,P,P,P,9240,742,2147,25.44,OK,143,741,0,flags,0,1.0058,0.0235,0,23.366
29329,2402,1994-10-01,91.144,MAYB,P,P,P,P,D,P,P,P,P,P,9185,767,2090,24.765,OK,140,766,0,flags,0,1.0058,0.0235,0,22.876
29330,2402,1994-10-01,91.144,MAYB,P,P,P,P,D,P,P,P,P,P,9170,776,2106,24.954,OK,162,775,0,flags,0,1.0058,0.0235,0,26.470
29331,2402,1994-10-01,91.144,MAYB,P,P,P,P,D,P,P,P,P,P,9108,776,2157,25.559,OK,139,776,0,flags,0,1.0058,0.0235,0,22.712
29332,2402,1994-10-01,91.144,MAYB,P,P,P,P,D,P,P,P,P,P,3820,339,900,10.664,OK,74,340,0,flags,0,1.0058,0.0235,0,12.091
29333,2402,1994-10-01,91.144,MAYB,P,P,P,P,D,P,P,P,P,P,8902,736,2284,27.063,OK,145,736,0,flags,0,1.0058,0.0235,0,23.693
29334,2402,1994-10-02,91.144,MAYB,P,P,P,P,D,P,P,P,P,P,8704,767,2159,25.582,OK,165,765,0,flags,0,1.0058,0.0235,0,26.960
29335,2402,1994-10-02,91.144,MAYB,P,P,P,P,D,P,P,P,P,P,9004,764,2168,25.689,OK,182,763,0,flags,0,1.0058,0.0235,0,29.738
29336,2402,1994-10-02,91.144,MAYB,P,P,P,P,D,P,P,P,P,P,8933,747,2215,26.246,OK,163,748,0,flags,0,1.0058,0.0235,0,26.634
29337,2402,1994-10-02,91.144,MAYB,P,P,P,P,D,P,P,P,P,P,1278,113,344,4.076,OK,21,113,0,flags,0,1.0058,0.0235,0,3.431
29345,2408,1994-10-02,91.144,MAYB,P,P,P,P,D,P,P,P,P,P,10190,39,99,1.173,OK,129,575,1,flags,0,0.9806,0.0267,0,21.078
29346,2408,1994-10-02,91.144,MAYB,P,P,P,P,D,P,P,P,P,P,9608,20,65,0.77,OK,142,661,1,flags,0,0.9806,0.0267,0,23.202
29347,2408,1994-10-02,91.144,MAYB,P,P,P,P,D,P,P,P,P,P,9766,23,48,0.569,OK,152,705,1,flags,0,0.9806,0.0267,0,24.836
29348,2408,1994-10-02,91.144,MAYB,P,P,P,P,D,P,P,P,P,P,9361,11,20,0.237,OK,156,703,1,flags,0,0.9806,0.0267,0,25.490
29349,2408,1994-10-02,91.144,MAYB,P,P,P,P,D,P,P,P,P,P,9177,0,,,Unkn,152,727,0,flags,0,0.9806,0.0267,0,24.836
29350,2408,1994-10-02,91.144,MAYB,P,P,P,P,D,P,P,P,P,P,9437,182,394,4.669,OK,153,708,1,flags,0,0.9806,0.0267,0,25.000
29351,2408,1994-10-02,91.144,MAYB,P,P,P,P,D,P,P,P,P,P,9291,303,644,7.631,OK,143,722,1,flags,0,0.9806,0.0267,0,23.366
29352,2408,1994-10-02,91.144,MAYB,P,P,P,P,D,P,P,P,P,P,5642,278,808,9.574,OK,86,432,1,flags,0,0.9806,0.0267,0,14.052
29353,2408,1994-10-02,91.144,MAYB,P,P,P,P,D,P,P,P,P,P,9125,24,68,0.806,OK,145,730,1,flags,0,0.9806,0.0267,0,23.693
29354,2408,1994-10-03,91.144,MAYB,P,P,P,P,D,P,P,P,P,P,8931,323,868,10.285,OK,158,761,1,flags,0,0.9806,0.0267,0,25.817
29355,2408,1994-10-03,91.144,MAYB,P,P,P,P,D,P,P,P,P,P,2392,190,557,6.6,OK,40,190,0,flags,0,0.9806,0.0267,0,6.536
29356,2408,1994-10-03,91.144,MAYB,P,P,P,P,D,P,P,P,P,P,9011,768,2167,25.677,OK,172,769,0,flags,0,0.9806,0.0267,0,28.104
29357,2408,1994-10-03,91.144,MAYB,P,P,P,P,D,P,P,P,P,P,8941,758,2164,25.641,OK,145,756,0,flags,0,0.9806,0.0267,0,23.693
29358,2408,1994-10-03,91.144,MAYB,P,P,P,P,D,P,P,P,P,P,8886,690,1994,23.627,OK,148,695,0,flags,0,0.9806,0.0267,0,24.183
29360,2408,1994-10-03,91.144,MAYB,P,P,P,P,D,P,P,P,P,P,9062,736,2170,25.713,OK,156,735,0,flags,0,0.9806,0.0267,0,25.490
29361,2408,1994-10-03,91.144,MAYB,P,P,P,P,D,P,P,P,P,P,9141,743,2048,24.267,OK,153,742,0,flags,0,0.9806,0.0267,0,25.000
29363,2408,1994-10-03,91.144,MAYB,P,P,P,P,D,P,P,P,P,P,8800,722,2018,23.911,OK,137,721,0,flags,0,0.9806,0.0267,0,22.385
29364,2408,1994-10-03,91.144,MAYB,P,P,P,P,D,P,P,P,P,P,8923,740,2100,24.883,OK,152,740,0,flags,0,0.9806,0.0267,0,24.836
29365,2408,1994-10-03,91.144,MAYB,P,P,P,P,D,P,P,P,P,P,9196,751,2022,23.959,OK,137,751,0,flags,0,0.9806,0.0267,0,22.385
29366,2408,1994-10-03,91.144,MAYB,P,P,P,P,D,P,P,P,P,P,9102,759,2182,25.855,OK,136,759,0,flags,0,0.9806,0.0267,0,22.222
29367,2408,1994-10-03,91.144,MAYB,P,P,P,P,D,P,P,P,P,P,3590,265,857,10.155,OK,66,265,0,flags,0,0.9806,0.0267,0,10.784
29373,2410,1994-10-03,91.144,MAYB,P,P,P,P,D,P,P,P,P,P,9657,685,1816,21.565,OK,106,686,0,flags,0,0.9698,0.0178,0,17.320
29374,2410,1994-10-03,91.144,MAYB,P,P,P,P,D,P,P,P,P,P,9364,692,1870,22.207,OK,144,691,0,flags,0,0.9698,0.0178,0,23.529
29376,2410,1994-10-03,91.144,MAYB,P,P,P,P,D,P,P,P,P,P,9381,723,1976,23.465,OK,145,722,0,flags,0,0.9698,0.0178,0,23.693
29378,2410,1994-10-03,91.144,MAYB,P,P,P,P,D,P,P,P,P,P,8893,725,1887,22.409,OK,140,724,0,flags,0,0.9698,0.0178,0,22.876
29379,2410,1994-10-03,91.144,MAYB,P,P,P,P,D,P,P,P,P,P,9021,706,1915,22.741,OK,134,706,0,flags,0,0.9698,0.0178,0,21.895
29380,2410,1994-10-03,91.144,MAYB,P,P,P,P,D,P,P,P,P,P,8500,675,1845,21.91,OK,127,674,0,flags,0,0.9698,0.0178,0,20.751
29381,2410,1994-10-03,91.207,PERF,P,P,P,P,P,P,P,P,P,P,9350,730,2123,25.214,OK,173,729,0,ok,1,0.9698,0.0178,0,28.268
29382,2410,1994-10-03,91.207,PERF,P,P,P,P,P,P,P,P,P,P,9227,701,2093,24.857,OK,150,701,0,ok,1,0.9698,0.0178,0,24.510
29383,2410,1994-10-03,91.207,PERF,P,P,P,P,P,P,P,P,P,P,9132,722,2089,24.81,OK,133,722,0,ok,1,0.9698,0.0178,0,21.732
29384,2410,1994-10-03,91.207,PERF,P,P,P,P,P,P,P,P,P,P,9189,732,2141,25.427,OK,134,733,0,ok,1,0.9698,0.0178,0,21.895
29385,2410,1994-10-03,91.206,PERF,P,P,P,P,P,P,P,P,P,P,8737,765,2053,24.382,OK,143,767,0,ok,1,0.9698,0.0178,0,23.366
29386,2410,1994-10-03,91.205,PERF,P,P,P,P,P,P,P,P,P,P,9170,757,2161,25.664,OK,151,756,0,ok,1,0.9698,0.0178,0,24.673
29387,2410,1994-10-03,91.205,PERF,P,P,P,P,P,P,P,P,P,P,1899,169,462,5.487,OK,34,169,0,ok,1,0.9698,0.0178,0,5.555
29388,2410,1994-10-03,91.203,PERF,P,P,P,P,P,P,P,P,P,P,8736,770,2082,24.725,OK,153,770,0,ok,1,0.9698,0.0178,0,25.000
29389,2410,1994-10-03,91.202,PERF,P,P,P,P,P,P,P,P,P,P,9404,747,2332,27.693,OK,171,744,0,ok,1,0.9698,0.0178,0,27.941
29390,2410,1994-10-03,91.201,PERF,P,P,P,P,P,P,P,P,P,P,8752,771,2161,25.661,OK,153,771,0,ok,1,0.9698,0.0178,0,25.000
29391,2410,1994-10-03,91.2,PERF,P,P,P,P,P,P,P,P,P,P,8860,751,2207,26.207,OK,166,752,0,ok,1,0.9698,0.0178,0,27.124
29392,2410,1994-10-03,91.199,PERF,P,P,P,P,P,P,P,P,P,P,8896,784,2294,27.24,OK,169,784,0,ok,1,0.9698,0.0178,0,27.614
29393,2410,1994-10-03,91.198,PERF,P,P,P,P,P,P,P,P,P,P,8732,773,2173,25.802,OK,151,772,0,ok,1,0.9698,0.0178,0,24.673
29394,2410,1994-10-03,91.198,PERF,P,P,P,P,P,P,P,P,P,P,8861,788,2151,25.541,OK,165,788,0,ok,1,0.9698,0.0178,0,26.960
29395,2410,1994-10-03,91.198,PERF,P,P,P,P,P,P,P,P,P,P,8533,813,2254,26.764,OK,149,813,0,ok,1,0.9698,0.0178,0,24.346
29396,2410,1994-10-04,91.198,PERF,P,P,P,P,P,P,P,P,P,P,8425,817,2225,26.42,OK,134,816,0,ok,1,0.9698,0.0178,0,21.895
29397,2410,1994-10-04,91.199,PERF,P,P,P,P,P,P,P,P,P,P,2603,195,523,6.21,OK,35,195,0,ok,1,0.9698,0.0178,0,5.719
29399,2411,1994-10-04,91.204,PERF,P,P,P,P,P,P,P,P,P,P,9680,597,1716,20.378,OK,129,595,0,ok,1,1.0063,0.0216,0,21.078
29400,2411,1994-10-04,91.205,PERF,P,P,P,P,P,P,P,P,P,P,9464,645,1850,21.97,OK,126,647,0,ok,1,1.0063,0.0216,0,20.588
29401,2411,1994-10-04,91.206,PERF,P,P,P,P,P,P,P,P,P,P,9483,699,1902,22.588,OK,150,697,0,ok,1,1.0063,0.0216,0,24.510
29402,2411,1994-10-04,91.207,PERF,P,P,P,P,P,P,P,P,P,P,9130,754,2102,24.964,OK,163,755,0,ok,1,1.0063,0.0216,0,26.634
29403,2411,1994-10-04,91.207,PERF,P,P,P,P,P,P,P,P,P,P,9104,746,2109,25.047,OK,153,747,0,ok,1,1.0063,0.0216,0,25.000
29404,2411,1994-10-04,91.206,PERF,P,P,P,P,P,P,P,P,P,P,8778,794,2110,25.058,OK,159,794,0,ok,1,1.0063,0.0216,0,25.980
29405,2411,1994-10-04,91.206,PERF,P,P,P,P,P,P,P,P,P,P,9150,770,2180,25.889,OK,146,768,0,ok,1,1.0063,0.0216,0,23.856
29406,2411,1994-10-04,91.203,PERF,P,P,P,P,P,P,P,P,P,P,9076,770,2180,25.888,OK,152,769,0,ok,1,1.0063,0.0216,0,24.836
29407,2411,1994-10-04,91.202,PERF,P,P,P,P,P,P,P,P,P,P,9174,742,2150,25.531,OK,169,743,0,ok,1,1.0063,0.0216,0,27.614
29408,2411,1994-10-04,91.202,PERF,P,P,P,P,P,P,P,P,P,P,8942,762,2146,25.483,OK,169,762,0,ok,1,1.0063,0.0216,0,27.614
29409,2411,1994-10-04,91.202,PERF,P,P,P,P,P,P,P,P,P,P,8899,781,2180,25.887,OK,153,781,0,ok,1,1.0063,0.0216,0,25.000
29410,2411,1994-10-04,91.203,PERF,P,P,P,P,P,P,P,P,P,P,8990,769,2208,26.22,OK,161,770,0,ok,1,1.0063,0.0216,0,26.307
29411,2411,1994-10-04,91.204,PERF,P,P,P,P,P,P,P,P,P,P,8916,772,2117,25.14,OK,159,772,0,ok,1,1.0063,0.0216,0,25.980
29412,2411,1994-10-04,91.206,PERF,P,P,P,P,P,P,P,P,P,P,9187,752,2189,25.996,OK,137,752,0,ok,1,1.0063,0.0216,0,22.385
29413,2411,1994-10-04,91.208,PERF,P,P,P,P,P,P,P,P,P,P,9090,721,2039,24.216,OK,148,722,0,ok,1,1.0063,0.0216,0,24.183
29414,2411,1994-10-04,91.21,PERF,P,P,P,P,P,P,P,P,P,P,2548,186,598,7.102,OK,50,187,0,ok,1,1.0063,0.0216,0,8.170
29423,2412,1994-10-04,91.19,PERF,P,P,P,P,P,P,P,P,P,P,9765,695,2033,24.135,OK,135,695,0,ok,1,0.9775,0.0175,0,22.059
29424,2412,1994-10-04,91.191,PERF,P,P,P,P,P,P,P,P,P,P,9540,742,2073,24.611,OK,136,741,0,ok,1,0.9775,0.0175,0,22.222
29425,2412,1994-10-05,91.193,PERF,P,P,P,P,P,P,P,P,P,P,9791,721,2082,24.719,OK,149,720,0,ok,1,0.9775,0.0175,0,24.346
29426,2412,1994-10-05,91.194,PERF,P,P,P,P,P,P,P,P,P,P,9513,727,2123,25.206,OK,160,724,0,ok,1,0.9775,0.0175,0,26.143
29427,2412,1994-10-05,91.195,PERF,P,P,P,P,P,P,P,P,P,P,9471,725,2121,25.182,OK,146,726,0,ok,1,0.9775,0.0175,0,23.856
29428,2412,1994-10-05,91.196,PERF,P,P,P,P,P,P,P,P,P,P,9654,717,2159,25.634,OK,149,717,0,ok,1,0.9775,0.0175,0,24.346
29429,2412,1994-10-05,91.197,PERF,P,P,P,P,P,P,P,P,P,P,9381,770,2143,25.445,OK,161,769,0,ok,1,0.9775,0.0175,0,26.307
29430,2412,1994-10-05,91.199,PERF,P,P,P,P,P,P,P,P,P,P,5284,448,1205,14.308,OK,85,447,0,ok,1,0.9775,0.0175,0,13.889
29431,2412,1994-10-05,91.201,PERF,P,P,P,P,P,P,P,P,P,P,9353,776,2238,26.575,OK,142,776,0,ok,1,0.9775,0.0175,0,23.202
29432,2412,1994-10-05,91.203,PERF,P,P,P,P,P,P,P,P,P,P,9231,799,2153,25.567,OK,166,798,0,ok,1,0.9775,0.0175,0,27.124
29433,2412,1994-10-05,91.205,PERF,P,P,P,P,P,P,P,P,P,P,9229,794,2211,26.257,OK,144,793,0,ok,1,0.9775,0.0175,0,23.529
29434,2412,1994-10-05,91.206,PERF,P,P,P,P,P,P,P,P,P,P,9067,780,2215,26.305,OK,160,779,0,ok,1,0.9775,0.0175,0,26.143
29435,2412,1994-10-05,91.208,PERF,P,P,P,P,P,P,P,P,P,P,9137,799,2212,26.271,OK,141,800,0,ok,1,0.9775,0.0175,0,23.039
29436,2412,1994-10-05,91.21,PERF,P,P,P,P,P,P,P,P,P,P,9163,769,2258,26.818,OK,166,770,0,ok,1,0.9775,0.0175,0,27.124
29437,2412,1994-10-05,91.212,PERF,P,P,P,P,P,P,P,P,P,P,8906,804,2172,25.798,OK,151,805,0,ok,1,0.9775,0.0175,0,24.673
29438,2412,1994-10-05,91.213,PERF,P,P,P,P,P,P,P,P,P,P,8959,752,2045,24.29,OK,142,751,0,ok,1,0.9775,0.0175,0,23.202
29439,2412,1994-10-05,91.213,PERF,P,P,P,P,P,P,P,P,P,P,8978,790,2186,25.964,OK,151,791,0,ok,1,0.9775,0.0175,0,24.673
29440,2412,1994-10-05,91.212,PERF,P,P,P,P,P,P,P,P,P,P,2369,184,443,5.262,OK,35,184,0,ok,1,0.9775,0.0175,0,5.719
29443,2412,1994-10-05,91.208,PERF,P,P,P,P,P,P,P,P,P,P,9238,798,2354,27.957,OK,182,798,0,ok,1,0.9775,0.0175,0,29.738
29445,2412,1994-10-05,91.206,PERF,P,P,P,P,P,P,P,P,P,P,8674,800,2105,24.999,OK,166,801,0,ok,1,0.9775,0.0175,0,27.124
29446,2412,1994-10-05,91.205,PERF,P,P,P,P,P,P,P,P,P,P,8921,821,2251,26.732,OK,174,819,0,ok,1,0.9775,0.0175,0,28.431
29447,2412,1994-10-05,91.205,PERF,P,P,P,P,P,P,P,P,P,P,9313,792,2321,27.563,OK,169,791,0,ok,1,0.9775,0.0175,0,27.614
29448,2412,1994-10-05,91.206,PERF,P,P,P,P,P,P,P,P,P,P,8102,707,1968,23.372,OK,134,707,0,ok,1,0.9775,0.0175,0,21.895
29463,2413,1994-10-06,91.208,PERF,P,P,P,P,P,P,P,P,P,P,10645,596,1683,19.988,OK,125,597,0,ok,1,1.0163,0.0188,0,20.425
29464,2413,1994-10-06,91.209,PERF,P,P,P,P,P,P,P,P,P,P,10255,676,1789,21.247,OK,138,676,0,ok,1,1.0163,0.0188,0,22.549
29465,2413,1994-10-06,91.21,PERF,P,P,P,P,P,P,P,P,P,P,10569,582,1770,21.022,OK,137,628,0,ok,1,1.0163,0.0188,0,22.385
29466,2413,1994-10-06,91.211,PERF,P,P,P,P,P,P,P,P,P,P,9976,715,2007,23.837,OK,131,714,0,ok,1,1.0163,0.0188,0,21.405
29467,2413,1994-10-06,91.211,PERF,P,P,P,P,P,P,P,P,P,P,10021,723,2006,23.826,OK,134,724,0,ok,1,1.0163,0.0188,0,21.895
29468,2413,1994-10-06,91.211,PERF,P,P,P,P,P,P,P,P,P,P,10058,707,2144,25.465,OK,138,707,0,ok,1,1.0163,0.0188,0,22.549
29469,2413,1994-10-06,91.21,PERF,P,P,P,P,P,P,P,P,P,P,10065,721,2059,24.455,OK,151,721,0,ok,1,1.0163,0.0188,0,24.673
29470,2413,1994-10-06,91.21,PERF,P,P,P,P,P,P,P,P,P,P,9920,765,2126,25.25,OK,159,764,0,ok,1,1.0163,0.0188,0,25.980
29471,2413,1994-10-06,91.21,PERF,P,P,P,P,P,P,P,P,P,P,8617,659,1883,22.364,OK,131,659,0,ok,1,1.0163,0.0188,0,21.405
29472,2413,1994-10-06,91.21,MAYB,P,P,P,P,M,P,P,P,P,P,9840,733,2188,25.987,OK,154,733,0,ok,1,1.0163,0.0188,0,25.163
29473,2413,1994-10-06,91.21,MAYB,P,P,P,P,M,P,P,P,P,P,9758,745,2147,25.5,OK,175,777,0,ok,1,1.0163,0.0188,0,28.594
29474,2413,1994-10-06,91.211,MAYB,P,P,P,P,M,P,P,P,P,P,9755,782,2231,26.498,OK,185,781,0,ok,1,1.0163,0.0188,0,30.228
29475,2413,1994-10-06,91.213,MAYB,P,P,P,P,M,P,P,P,P,P,9855,786,2304,27.366,OK,188,785,0,ok,1,1.0163,0.0188,0,30.719
29476,2413,1994-10-06,91.214,MAYB,P,P,P,P,M,P,P,P,P,P,8976,494,1323,15.715,OK,101,494,0,ok,1,1.0163,0.0188,0,16.503
29477,2413,1994-10-06,91.217,PERF,P,P,P,P,P,P,P,P,P,P,9987,730,2237,26.573,OK,156,732,0,ok,1,1.0163,0.0188,0,25.490
29478,2413,1994-10-06,91.219,PERF,P,P,P,P,P,P,P,P,P,P,9662,786,2356,27.987,OK,164,786,0,ok,1,1.0163,0.0188,0,26.797
29479,2413,1994-10-06,91.22,PERF,P,P,P,P,P,P,P,P,P,P,9362,806,2134,25.351,OK,164,806,0,ok,1,1.0163,0.0188,0,26.797
29480,2413,1994-10-06,91.221,PERF,P,P,P,P,P,P,P,P,P,P,9784,782,2347,27.882,OK,171,782,0,ok,1,1.0163,0.0188,0,27.941
29481,2413,1994-10-06,91.221,PERF,P,P,P,P,P,P,P,P,P,P,9530,766,2047,24.318,OK,148,768,0,ok,1,1.0163,0.0188,0,24.183
29482,2413,1994-10-06,91.22,PERF,P,P,P,P,P,P,P,P,P,P,9567,759,2168,25.755,OK,174,760,0,ok,1,1.0163,0.0188,0,28.431
29483,2413,1994-10-06,91.218,PERF,P,P,P,P,P,P,P,P,P,P,5876,476,1349,16.025,OK,101,479,0,ok,1,1.0163,0.0188,0,16.503
29487,2414,1994-10-07,91.2,MAYB,P,P,P,M,P,P,P,P,P,P,10449,718,2122,25.199,OK,163,717,0,ok,1,1.0184,0.0197,0,26.634
29489,2414,1994-10-07,91.2,MAYB,P,P,P,M,P,P,P,P,P,P,3573,269,746,8.859,OK,49,269,0,ok,1,1.0184,0.0197,0,8.006
29492,2414,1994-10-07,91.197,MAYB,P,P,P,M,P,P,P,P,P,P,10186,744,2267,26.919,OK,160,744,0,ok,1,1.0184,0.0197,0,26.143
29493,2414,1994-10-07,91.198,MAYB,P,P,P,M,P,P,P,P,P,P,10160,762,2316,27.502,OK,144,763,0,ok,1,1.0184,0.0197,0,23.529
29494,2414,1994-10-07,91.199,MAYB,P,P,P,M,P,P,P,P,P,P,9873,801,2244,26.647,OK,178,796,0,ok,1,1.0184,0.0197,0,29.085
29495,2414,1994-10-07,91.2,MAYB,P,P,P,M,P,P,P,P,P,P,9970,812,2295,27.254,OK,170,810,0,ok,1,1.0184,0.0197,0,27.777
29496,2414,1994-10-07,91.202,MAYB,P,P,P,M,P,P,P,P,P,P,9847,802,2200,26.126,OK,171,801,0,ok,1,1.0184,0.0197,0,27.941
29497,2414,1994-10-07,91.204,MAYB,P,P,P,M,P,P,P,P,P,P,9374,813,2124,25.225,OK,171,815,0,ok,1,1.0184,0.0197,0,27.941
29499,2414,1994-10-07,91.209,MAYB,P,P,P,M,P,P,P,P,P,P,9558,785,2182,25.917,OK,164,785,0,ok,1,1.0184,0.0197,0,26.797
29500,2414,1994-10-07,91.211,MAYB,P,P,P,M,P,P,P,P,P,P,9395,850,2103,24.979,OK,185,850,0,ok,1,1.0184,0.0197,0,30.228
29501,2414,1994-10-07,91.213,MAYB,P,P,P,M,P,P,P,P,P,P,9274,818,2101,24.957,OK,126,818,0,ok,1,1.0184,0.0197,0,20.588
29502,2414,1994-10-07,91.214,MAYB,P,P,P,M,P,P,P,P,P,P,9840,801,2330,27.678,OK,155,801,0,ok,1,1.0184,0.0197,0,25.326
29503,2414,1994-10-07,91.215,MAYB,P,P,P,M,P,P,P,P,P,P,9481,825,2151,25.552,OK,155,827,0,ok,1,1.0184,0.0197,0,25.326
29504,2414,1994-10-07,91.215,MAYB,P,P,P,M,P,P,P,P,P,P,9944,748,2196,26.086,OK,156,746,0,ok,1,1.0184,0.0197,0,25.490
29505,2414,1994-10-07,91.214,MAYB,P,P,P,M,P,P,P,P,P,P,9922,787,2123,25.219,OK,164,788,0,ok,1,1.0184,0.0197,0,26.797
29506,2414,1994-10-07,91.213,MAYB,P,P,P,M,P,P,P,P,P,P,10076,800,2225,26.43,OK,173,800,0,ok,1,1.0184,0.0197,0,28.268
29507,2414,1994-10-07,91.211,MAYB,P,P,P,M,P,P,P,P,P,P,10033,789,2202,26.156,OK,182,790,0,ok,1,1.0184,0.0197,0,29.738
29508,2414,1994-10-07,91.211,MAYB,P,P,P,M,P,P,P,P,P,P,10305,768,2332,27.699,OK,156,767,0,ok,1,1.0184,0.0197,0,25.490
29509,2414,1994-10-07,91.21,MAYB,P,P,P,M,P,P,P,P,P,P,1897,158,376,4.466,OK,38,158,0,ok,1,1.0184,0.0197,0,6.209
29517,2416,1994-10-08,91.196,MAYB,P,P,P,M,P,P,P,P,P,P,10264,712,1848,21.942,OK,148,713,0,ok,1,1.0310,0.0235,0,24.183
29518,2416,1994-10-08,91.197,MAYB,P,P,P,M,P,P,P,P,P,P,10603,726,2006,23.818,OK,127,725,0,ok,1,1.0310,0.0235,0,20.751
29519,2416,1994-10-08,91.198,MAYB,P,P,P,M,P,P,P,P,P,P,10548,726,2075,24.638,OK,177,726,0,ok,1,1.0310,0.0235,0,28.921
29520,2416,1994-10-08,91.199,MAYB,P,P,P,M,P,P,P,P,P,P,10336,736,2064,24.508,OK,153,736,0,ok,1,1.0310,0.0235,0,25.000
29521,2416,1994-10-08,91.2,MAYB,P,P,P,M,P,P,P,P,P,P,10108,723,1995,23.689,OK,184,723,0,ok,1,1.0310,0.0235,0,30.065
29522,2416,1994-10-08,91.201,MAYB,P,P,P,M,P,P,P,P,P,P,10621,720,2200,26.124,OK,159,721,0,ok,1,1.0310,0.0235,0,25.980
29523,2416,1994-10-08,91.203,MAYB,P,P,P,M,P,P,P,P,P,P,10348,740,2143,25.448,OK,167,743,0,ok,1,1.0310,0.0235,0,27.287
29524,2416,1994-10-08,91.205,MAYB,P,P,P,M,P,P,P,P,P,P,10573,748,2164,25.699,OK,144,748,0,ok,1,1.0310,0.0235,0,23.529
29525,2416,1994-10-08,91.207,MAYB,P,P,P,M,P,P,P,P,P,P,10520,750,2119,25.165,OK,160,749,0,ok,1,1.0310,0.0235,0,26.143
29526,2416,1994-10-08,91.209,MAYB,P,P,P,M,P,P,P,P,P,P,10604,772,2123,25.214,OK,152,771,0,ok,1,1.0310,0.0235,0,24.836
29527,2416,1994-10-08,91.21,MAYB,P,P,P,M,P,P,P,P,P,P,10539,751,2128,25.274,OK,140,751,0,ok,1,1.0310,0.0235,0,22.876
29528,2416,1994-10-08,91.212,MAYB,P,P,P,M,P,P,P,P,P,P,10596,727,2135,25.358,OK,162,728,0,ok,1,1.0310,0.0235,0,26.470
29529,2416,1994-10-08,91.214,MAYB,P,P,P,M,P,P,P,P,P,P,11122,749,2098,24.92,OK,156,749,0,ok,1,1.0310,0.0235,0,25.490
29530,2416,1994-10-08,91.215,MAYB,P,P,P,M,P,P,P,P,P,P,2924,196,501,5.951,OK,39,196,0,ok,1,1.0310,0.0235,0,6.372
29538,2418,1994-10-08,91.21,MAYB,P,P,P,M,P,P,P,P,P,P,9098,723,2015,23.933,OK,136,723,0,ok,1,1.0054,0.0247,0,22.222
29539,2418,1994-10-08,91.21,MAYB,P,P,P,M,P,P,P,P,P,P,9147,524,1521,18.066,OK,131,644,1,vetoed_tracking_quality,0,1.0054,0.0247,0,21.405
29540,2418,1994-10-08,91.211,MAYB,P,P,P,M,P,P,P,P,P,P,9244,645,1887,22.413,OK,166,709,0,ok,1,1.0054,0.0247,0,27.124
29541,2418,1994-10-08,91.21,MAYB,P,P,P,M,P,P,P,P,P,P,8998,650,1822,21.641,OK,150,735,1,truncated_counters,0,1.0054,0.0247,0,24.510
29542,2418,1994-10-08,91.21,MAYB,P,P,P,M,P,P,P,P,P,P,8977,813,2150,25.537,OK,155,812,0,ok,1,1.0054,0.0247,0,25.326
29543,2418,1994-10-08,91.209,MAYB,P,P,P,M,P,P,P,P,P,P,9024,798,1750,20.785,OK,143,798,0,ok,1,1.0054,0.0247,0,23.366
29544,2418,1994-10-08,91.208,MAYB,P,P,P,M,P,P,P,P,P,P,8791,814,2159,25.643,OK,160,813,0,ok,1,1.0054,0.0247,0,26.143
29545,2418,1994-10-08,91.207,MAYB,P,P,P,M,P,P,P,P,P,P,11948,361,971,11.532,OK,217,461,1,vetoed_tracking_quality,0,1.0054,0.0247,0,35.457
29546,2418,1994-10-08,91.206,MAYB,P,P,P,M,P,P,P,P,P,P,8930,831,2307,27.399,OK,153,830,0,ok,1,1.0054,0.0247,0,25.000
29547,2418,1994-10-09,91.204,MAYB,P,P,P,M,P,P,P,P,P,P,8783,833,2271,26.971,OK,157,832,0,ok,1,1.0054,0.0247,0,25.653
29548,2418,1994-10-09,91.203,MAYB,P,P,P,M,P,P,P,P,P,P,8901,801,2266,26.91,OK,169,803,0,ok,1,1.0054,0.0247,0,27.614
29549,2418,1994-10-09,91.202,MAYB,P,P,P,M,P,P,P,P,P,P,9013,766,2092,24.843,OK,172,820,0,ok,1,1.0054,0.0247,0,28.104
29550,2418,1994-10-09,91.201,MAYB,P,P,P,M,P,P,P,P,P,P,8793,790,2331,27.681,OK,148,788,0,ok,1,1.0054,0.0247,0,24.183
29551,2418,1994-10-09,91.201,MAYB,P,P,P,M,P,P,P,P,P,P,8767,824,2253,26.755,OK,168,824,0,ok,1,1.0054,0.0247,0,27.451
29552,2418,1994-10-09,91.202,MAYB,P,P,P,M,P,P,P,P,P,P,3461,305,917,10.89,OK,56,304,0,ok,1,1.0054,0.0247,0,9.150
29554,2419,1994-10-09,91.211,MAYB,P,P,P,M,P,P,P,P,P,P,8928,670,1875,22.271,OK,150,672,0,ok,1,0.9803,0.0209,0,24.510
29555,2419,1994-10-09,91.214,MAYB,P,P,P,M,P,P,P,P,P,P,9306,707,2010,23.876,OK,136,725,0,ok,1,0.9803,0.0209,0,22.222
29556,2419,1994-10-09,91.217,MAYB,P,P,P,M,P,P,P,P,P,P,9256,773,2129,25.291,OK,144,784,0,ok,1,0.9803,0.0209,0,23.529
29557,2419,1994-10-09,91.218,MAYB,P,P,P,M,P,P,P,P,P,P,9288,775,2249,26.717,OK,147,775,0,ok,1,0.9803,0.0209,0,24.019
29558,2419,1994-10-09,91.218,MAYB,P,P,P,M,P,P,P,P,P,P,9207,794,2326,27.632,OK,156,794,0,ok,1,0.9803,0.0209,0,25.490
29559,2419,1994-10-09,91.218,MAYB,P,P,P,M,P,P,P,P,P,P,9079,814,2249,26.717,OK,149,814,0,ok,1,0.9803,0.0209,0,24.346
29560,2419,1994-10-09,91.217,MAYB,P,P,P,M,P,P,P,P,P,P,8982,806,2236,26.562,OK,129,807,0,ok,1,0.9803,0.0209,0,21.078
29561,2419,1994-10-09,91.218,MAYB,P,P,P,M,P,P,P,P,P,P,9141,776,2188,25.992,OK,160,779,0,ok,1,0.9803,0.0209,0,26.143
29562,2419,1994-10-09,91.217,MAYB,P,P,P,M,P,P,P,P,P,P,8814,742,2006,23.83,OK,153,799,0,ok,1,0.9803,0.0209,0,25.000
29563,2419,1994-10-09,91.217,MAYB,P,P,P,M,P,P,P,P,P,P,9015,772,2197,26.099,OK,152,772,0,ok,1,0.9803,0.0209,0,24.836
29564,2419,1994-10-09,91.218,MAYB,P,P,P,M,P,P,P,P,P,P,9271,718,2026,24.068,OK,184,753,0,ok,1,0.9803,0.0209,0,30.065
29565,2419,1994-10-09,91.218,MAYB,P,P,P,M,P,P,P,P,P,P,8693,817,2114,25.113,OK,166,817,0,ok,1,0.9803,0.0209,0,27.124
29566,2419,1994-10-09,91.217,MAYB,P,P,P,M,P,P,P,P,P,P,8650,833,2148,25.517,OK,140,834,0,ok,1,0.9803,0.0209,0,22.876
29567,2419,1994-10-09,91.218,MAYB,P,P,P,M,P,P,P,P,P,P,9127,807,2328,27.656,OK,165,808,0,ok,1,0.9803,0.0209,0,26.960
29568,2419,1994-10-09,91.219,MAYB,P,P,P,M,P,P,P,P,P,P,8698,791,2184,25.945,OK,172,792,0,ok,1,0.9803,0.0209,0,28.104
29569,2419,1994-10-09,91.219,MAYB,P,P,P,M,P,P,P,P,P,P,2876,247,721,8.565,OK,48,248,0,ok,1,0.9803,0.0209,0,7.843
29573,2420,1994-10-09,91.208,MAYB,P,P,P,M,M,P,P,P,P,P,9524,612,1716,20.381,OK,146,707,1,truncated_counters,0,1.0070,0.0169,0,23.856
29574,2420,1994-10-09,91.207,MAYB,P,P,P,M,M,P,P,P,P,P,9521,723,2175,25.833,OK,144,723,0,ok,1,1.0070,0.0169,0,23.529
29575,2420,1994-10-09,91.208,MAYB,P,P,P,M,M,P,P,P,P,P,9425,772,2243,26.641,OK,171,772,0,ok,1,1.0070,0.0169,0,27.941
29576,2420,1994-10-09,91.208,MAYB,P,P,P,M,M,P,P,P,P,P,9206,768,2234,26.534,OK,177,768,0,ok,1,1.0070,0.0169,0,28.921
29577,2420,1994-10-09,91.207,MAYB,P,P,P,M,M,P,P,P,P,P,8982,792,2185,25.951,OK,154,794,0,ok,1,1.0070,0.0169,0,25.163
29578,2420,1994-10-10,91.206,MAYB,P,P,P,M,M,P,P,P,P,P,9205,804,2324,27.602,OK,161,804,0,ok,1,1.0070,0.0169,0,26.307
29579,2420,1994-10-10,91.206,MAYB,P,P,P,M,M,P,P,P,P,P,8886,812,2240,26.604,OK,171,812,0,ok,1,1.0070,0.0169,0,27.941
29580,2420,1994-10-10,91.205,MAYB,P,P,P,M,M,P,P,P,P,P,8835,789,2204,26.176,OK,139,790,0,ok,1,1.0070,0.0169,0,22.712
29581,2420,1994-10-10,91.203,MAYB,P,P,P,M,M,P,P,P,P,P,8994,785,2338,27.766,OK,191,783,0,ok,1,1.0070,0.0169,0,31.209
29582,2420,1994-10-10,91.202,MAYB,P,P,P,M,M,P,P,P,P,P,8964,806,2304,27.362,OK,159,807,0,ok,1,1.0070,0.0169,0,25.980
29583,2420,1994-10-10,91.202,MAYB,P,P,P,M,M,P,P,P,P,P,8824,823,2311,27.445,OK,178,822,0,ok,1,1.0070,0.0169,0,29.085
29584,2420,1994-10-10,91.201,MAYB,P,P,P,M,M,P,P,P,P,P,8941,809,2384,28.311,OK,175,810,0,ok,1,1.0070,0.0169,0,28.594
29585,2420,1994-10-10,91.201,MAYB,P,P,P,M,M,P,P,P,P,P,9152,758,2179,25.876,OK,157,817,0,ok,1,1.0070,0.0169,0,25.653
29586,2420,1994-10-10,91.201,MAYB,P,P,P,M,M,P,P,P,P,P,8837,799,2228,26.458,OK,167,823,0,ok,1,1.0070,0.0169,0,27.287
29587,2420,1994-10-10,91.201,MAYB,P,P,P,M,M,P,P,P,P,P,8709,852,2309,27.42,OK,163,852,0,ok,1,1.0070,0.0169,0,26.634
29588,2420,1994-10-10,91.201,MAYB,P,P,P,M,M,P,P,P,P,P,8853,829,2352,27.931,OK,168,829,0,ok,1,1.0070,0.0169,0,27.451
29589,2420,1994-10-10,91.202,MAYB,P,P,P,M,M,P,P,P,P,P,8859,813,2368,28.122,OK,157,813,0,ok,1,1.0070,0.0169,0,25.653
29590,2420,1994-10-10,91.203,MAYB,P,P,P,M,M,P,P,P,P,P,9140,816,2452,29.12,OK,186,817,0,ok,1,1.0070,0.0169,0,30.392
29591,2420,1994-10-10,91.204,MAYB,P,P,P,M,M,P,P,P,P,P,9037,834,2399,28.491,OK,186,833,0,ok,1,1.0070,0.0169,0,30.392
29592,2420,1994-10-10,91.205,MAYB,P,P,P,M,M,P,P,P,P,P,8831,835,2238,26.58,OK,172,835,0,ok,1,1.0070,0.0169,0,28.104
29593,2420,1994-10-10,91.206,MAYB,P,P,P,M,M,P,P,P,P,P,8564,821,2204,26.176,OK,164,820,0,ok,1,1.0070,0.0169,0,26.797
29594,2420,1994-10-10,91.207,MAYB,P,P,P,M,M,P,P,P,P,P,8512,850,2270,26.961,OK,164,850,0,ok,1,1.0070,0.0169,0,26.797
29595,2420,1994-10-10,91.209,MAYB,P,P,P,M,M,P,P,P,P,P,8992,813,2274,27.009,OK,160,812,0,ok,1,1.0070,0.0169,0,26.143
29596,2420,1994-10-10,91.21,MAYB,P,P,P,M,M,P,P,P,P,P,6608,580,1687,20.038,OK,135,580,0,ok,1,1.0070,0.0169,0,22.059
29599,2421,1994-10-10,91.207,MAYB,P,P,P,M,P,P,P,P,P,P,9271,557,1579,18.754,OK,154,667,1,truncated_counters,0,1.0164,0.0202,0,25.163
29600,2421,1994-10-10,91.208,MAYB,P,P,P,M,P,P,P,P,P,P,8912,682,1858,22.068,OK,156,723,0,ok,1,1.0164,0.0202,0,25.490
29601,2421,1994-10-10,91.208,MAYB,P,P,P,M,P,P,P,P,P,P,9068,560,1586,18.838,OK,132,695,1,vetoed_tracking_quality,0,1.0164,0.0202,0,21.568
29602,2421,1994-10-10,91.209,MAYB,P,P,P,M,P,P,P,P,P,P,9046,737,2023,24.029,OK,174,775,0,ok,1,1.0164,0.0202,0,28.431
29603,2421,1994-10-10,91.21,MAYB,P,P,P,M,P,P,P,P,P,P,9095,702,1935,22.984,OK,157,748,0,ok,1,1.0164,0.0202,0,25.653
29604,2421,1994-10-10,91.211,MAYB,P,P,P,M,P,P,P,P,P,P,8735,813,2122,25.206,OK,138,812,0,ok,1,1.0164,0.0202,0,22.549
29605,2421,1994-10-10,91.211,MAYB,P,P,P,M,P,P,P,P,P,P,8740,797,2105,25.004,OK,160,798,0,ok,1,1.0164,0.0202,0,26.143
29606,2421,1994-10-10,91.212,MAYB,P,P,P,M,P,P,P,P,P,P,8525,780,2151,25.551,OK,146,779,0,ok,1,1.0164,0.0202,0,23.856
29607,2421,1994-10-10,91.212,MAYB,P,P,P,M,P,P,P,P,P,P,11250,500,1519,18.044,OK,160,559,1,truncated_counters,0,1.0164,0.0202,0,26.143
29608,2421,1994-10-10,91.212,MAYB,P,P,P,M,P,P,P,P,P,P,9010,831,2332,27.701,OK,171,831,0,ok,1,1.0164,0.0202,0,27.941
29609,2421,1994-10-10,91.212,MAYB,P,P,P,M,P,P,P,P,P,P,8819,849,2356,27.986,OK,157,849,0,ok,1,1.0164,0.0202,0,25.653
29610,2421,1994-10-10,91.212,MAYB,P,P,P,M,P,P,P,P,P,P,8582,825,2327,27.641,OK,182,825,0,ok,1,1.0164,0.0202,0,29.738
29611,2421,1994-10-10,91.212,MAYB,P,P,P,M,P,P,P,P,P,P,8682,814,2363,28.069,OK,189,811,0,ok,1,1.0164,0.0202,0,30.882
29612,2421,1994-10-10,91.212,MAYB,P,P,P,M,P,P,P,P,P,P,8581,800,2180,25.895,OK,153,801,0,ok,1,1.0164,0.0202,0,25.000
29613,2421,1994-10-10,91.211,MAYB,P,P,P,M,P,P,P,P,P,P,8509,830,2294,27.249,OK,176,829,0,ok,1,1.0164,0.0202,0,28.758
29614,2421,1994-10-11,91.212,MAYB,P,P,P,M,P,P,P,P,P,P,8764,809,2307,27.404,OK,179,808,0,ok,1,1.0164,0.0202,0,29.248
29615,2421,1994-10-11,91.208,MAYB,P,P,P,M,P,P,P,P,P,P,8789,802,2410,28.625,OK,166,801,0,ok,1,1.0164,0.0202,0,27.124
29616,2421,1994-10-11,91.206,MAYB,P,P,P,M,P,P,P,P,P,P,8638,826,2319,27.543,OK,154,825,0,ok,1,1.0164,0.0202,0,25.163
29617,2421,1994-10-11,91.205,MAYB,P,P,P,M,P,P,P,P,P,P,8737,826,2292,27.221,OK,162,827,0,ok,1,1.0164,0.0202,0,26.470
29618,2421,1994-10-11,91.204,MAYB,P,P,P,M,P,P,P,P,P,P,5629,510,1492,17.72,OK,104,510,0,ok,1,1.0164,0.0202,0,16.993
29621,2424,1994-10-11,91.201,MAYB,P,P,P,M,M,P,P,P,P,P,8930,734,1964,23.322,OK,126,735,0,ok,1,1.0064,0.0171,0,20.588
29622,2424,1994-10-11,91.204,MAYB,P,P,P,M,M,P,P,P,P,P,9079,726,2035,24.166,OK,157,728,0,ok,1,1.0064,0.0171,0,25.653
29623,2424,1994-10-11,91.206,MAYB,P,P,P,M,M,P,P,P,P,P,9143,576,1442,17.125,OK,162,685,1,truncated_counters,0,1.0064,0.0171,0,26.470
29625,2424,1994-10-11,91.208,MAYB,P,P,P,M,M,P,P,P,P,P,8794,785,2070,24.584,OK,134,784,0,ok,1,1.0064,0.0171,0,21.895
29626,2424,1994-10-11,91.21,MAYB,P,P,P,M,M,P,P,P,P,P,9006,747,2225,26.426,OK,161,747,0,ok,1,1.0064,0.0171,0,26.307
29627,2424,1994-10-11,91.211,MAYB,P,P,P,M,M,P,P,P,P,P,8962,780,2339,27.78,OK,144,780,0,ok,1,1.0064,0.0171,0,23.529
29628,2424,1994-10-11,91.211,MAYB,P,P,P,M,M,P,P,P,P,P,8740,811,2212,26.272,OK,172,809,0,ok,1,1.0064,0.0171,0,28.104
29629,2424,1994-10-11,91.212,MAYB,P,P,P,M,M,P,P,P,P,P,8847,812,2315,27.496,OK,164,811,0,ok,1,1.0064,0.0171,0,26.797
29630,2424,1994-10-11,91.212,MAYB,P,P,P,M,M,P,P,P,P,P,8603,821,2243,26.641,OK,177,819,0,ok,1,1.0064,0.0171,0,28.921
29631,2424,1994-10-11,91.213,MAYB,P,P,P,M,M,P,P,P,P,P,8680,808,2202,26.155,OK,163,805,0,ok,1,1.0064,0.0171,0,26.634
29632,2424,1994-10-11,91.213,MAYB,P,P,P,M,M,P,P,P,P,P,9309,708,1987,23.601,OK,176,772,0,ok,1,1.0064,0.0171,0,28.758
29633,2424,1994-10-11,91.214,MAYB,P,P,P,M,M,P,P,P,P,P,9168,777,2218,26.345,OK,175,806,0,ok,1,1.0064,0.0171,0,28.594
29634,2424,1994-10-11,91.214,MAYB,P,P,P,M,M,P,P,P,P,P,8813,811,2327,27.64,OK,190,810,0,ok,1,1.0064,0.0171,0,31.045
29635,2424,1994-10-11,91.214,MAYB,P,P,P,M,M,P,P,P,P,P,8879,797,2324,27.604,OK,149,797,0,ok,1,1.0064,0.0171,0,24.346
29636,2424,1994-10-11,91.214,MAYB,P,P,P,M,M,P,P,P,P,P,8876,826,2338,27.771,OK,173,826,0,ok,1,1.0064,0.0171,0,28.268
29637,2424,1994-10-11,91.214,MAYB,P,P,P,M,M,P,P,P,P,P,8662,838,2371,28.163,OK,173,839,0,ok,1,1.0064,0.0171,0,28.268
29638,2424,1994-10-11,91.214,MAYB,P,P,P,M,M,P,P,P,P,P,8710,834,2339,27.783,OK,159,835,0,ok,1,1.0064,0.0171,0,25.980
29639,2424,1994-10-11,91.214,MAYB,P,P,P,M,M,P,P,P,P,P,8640,848,2368,28.127,OK,185,848,0,ok,1,1.0064,0.0171,0,30.228
29640,2424,1994-10-11,91.214,MAYB,P,P,P,M,M,P,P,P,P,P,8290,839,2266,26.916,OK,158,838,0,ok,1,1.0064,0.0171,0,25.817
29641,2424,1994-10-11,91.215,MAYB,P,P,P,M,M,P,P,P,P,P,8705,814,2401,28.519,OK,158,815,0,ok,1,1.0064,0.0171,0,25.817
29642,2424,1994-10-11,91.215,MAYB,P,P,P,M,M,P,P,P,P,P,8516,844,2337,27.759,OK,176,843,0,ok,1,1.0064,0.0171,0,28.758
29643,2424,1994-10-11,91.215,MAYB,P,P,P,M,M,P,P,P,P,P,8534,830,2262,26.869,OK,180,831,0,ok,1,1.0064,0.0171,0,29.411
29644,2424,1994-10-11,91.215,MAYB,P,P,P,M,M,P,P,P,P,P,8687,811,2405,28.567,OK,167,811,0,ok,1,1.0064,0.0171,0,27.287
29645,2424,1994-10-11,91.215,MAYB,P,P,P,M,P,P,P,P,P,P,5247,504,1438,17.081,OK,113,505,0,ok,1,1.0064,0.0171,0,18.464
29647,2425,1994-10-11,91.202,MAYB,P,P,P,M,M,P,P,P,P,P,8993,752,2087,24.784,OK,153,754,0,ok,1,1.0035,0.0169,0,25.000
29648,2425,1994-10-12,91.202,MAYB,P,P,P,M,M,P,P,P,P,P,8799,799,2219,26.351,OK,189,798,0,ok,1,1.0035,0.0169,0,30.882
29649,2425,1994-10-12,91.202,MAYB,P,P,P,M,M,P,P,P,P,P,8967,761,2239,26.589,OK,156,761,0,ok,1,1.0035,0.0169,0,25.490
29650,2425,1994-10-12,91.202,MAYB,P,P,P,M,M,P,P,P,P,P,8670,785,2243,26.637,OK,131,787,0,ok,1,1.0035,0.0169,0,21.405
29651,2425,1994-10-12,91.202,MAYB,P,P,P,M,M,P,P,P,P,P,9126,789,2279,27.064,OK,149,791,0,ok,1,1.0035,0.0169,0,24.346
29652,2425,1994-10-12,91.201,MAYB,P,P,P,M,M,P,P,P,P,P,8898,830,2316,27.503,OK,159,830,0,ok,1,1.0035,0.0169,0,25.980
29653,2425,1994-10-12,91.201,MAYB,P,P,P,M,M,P,P,P,P,P,8539,834,2268,26.933,OK,165,834,0,ok,1,1.0035,0.0169,0,26.960
29654,2425,1994-10-12,91.2,MAYB,P,P,P,M,M,P,P,P,P,P,8820,818,2405,28.559,OK,181,819,0,ok,1,1.0035,0.0169,0,29.575
29655,2425,1994-10-12,91.2,MAYB,P,P,P,M,M,P,P,P,P,P,8611,821,2268,26.932,OK,160,819,0,ok,1,1.0035,0.0169,0,26.143
29656,2425,1994-10-12,91.199,MAYB,P,P,P,M,M,P,P,P,P,P,8898,822,2340,27.787,OK,169,822,0,ok,1,1.0035,0.0169,0,27.614
29657,2425,1994-10-12,91.199,MAYB,P,P,P,M,M,P,P,P,P,P,8684,811,2341,27.798,OK,177,810,0,ok,1,1.0035,0.0169,0,28.921
29658,2425,1994-10-12,91.198,MAYB,P,P,P,M,M,P,P,P,P,P,8879,792,2348,27.881,OK,157,792,0,ok,1,1.0035,0.0169,0,25.653
29659,2425,1994-10-12,91.198,MAYB,P,P,P,M,M,P,P,P,P,P,8789,814,2258,26.812,OK,178,811,0,ok,1,1.0035,0.0169,0,29.085
29660,2425,1994-10-12,91.198,MAYB,P,P,P,M,M,P,P,P,P,P,8844,821,2215,26.302,OK,149,820,0,ok,1,1.0035,0.0169,0,24.346
29661,2425,1994-10-12,91.198,MAYB,P,P,P,M,M,P,P,P,P,P,9099,799,2311,27.442,OK,187,800,0,ok,1,1.0035,0.0169,0,30.555
29662,2425,1994-10-12,91.198,MAYB,P,P,P,M,M,P,P,P,P,P,8887,810,2352,27.929,OK,173,811,0,ok,1,1.0035,0.0169,0,28.268
29663,2425,1994-10-12,91.199,MAYB,P,P,P,M,M,P,P,P,P,P,8724,837,2319,27.537,OK,186,836,0,ok,1,1.0035,0.0169,0,30.392
29664,2425,1994-10-12,91.199,MAYB,P,P,P,M,M,P,P,P,P,P,9441,794,2343,27.822,OK,183,794,0,ok,1,1.0035,0.0169,0,29.902
29665,2425,1994-10-12,91.2,MAYB,P,P,P,M,M,P,P,P,P,P,9051,807,2381,28.274,OK,167,805,0,ok,1,1.0035,0.0169,0,27.287
29666,2425,1994-10-12,91.2,MAYB,P,P,P,M,M,P,P,P,P,P,8913,821,2285,27.134,OK,157,822,0,ok,1,1.0035,0.0169,0,25.653
29667,2425,1994-10-12,91.201,MAYB,P,P,P,M,M,P,P,P,P,P,8763,775,2320,27.551,OK,194,775,0,vetoed_dedx_calibration,0,1.0035,0.0169,0,31.699
29668,2425,1994-10-12,91.202,MAYB,P,P,P,M,M,P,P,P,P,P,9061,794,2352,27.931,OK,178,795,0,ok,1,1.0035,0.0169,0,29.085
29669,2425,1994-10-12,91.204,MAYB,P,P,P,M,M,P,P,P,P,P,5874,521,1498,17.79,OK,113,519,0,ok,1,1.0035,0.0169,0,18.464
29671,2425,1994-10-12,91.209,MAYB,P,P,P,M,M,P,P,P,P,P,8097,684,2068,24.562,OK,156,685,0,ok,1,1.0035,0.0169,0,25.490
29679,2430,1994-10-13,91.204,MAYB,P,P,P,P,M,P,P,P,P,P,9174,763,2122,25.201,OK,156,762,0,ok,1,1.0115,0.0219,0,25.490
29680,2430,1994-10-13,91.205,MAYB,P,P,P,P,M,P,P,P,P,P,9317,787,2263,26.876,OK,164,785,0,ok,1,1.0115,0.0219,0,26.797
29681,2430,1994-10-13,91.206,MAYB,P,P,P,P,M,P,P,P,P,P,8705,814,2137,25.38,OK,149,813,0,ok,1,1.0115,0.0219,0,24.346
29682,2430,1994-10-13,91.207,MAYB,P,P,P,P,M,P,P,P,P,P,8918,826,2266,26.913,OK,177,826,0,ok,1,1.0115,0.0219,0,28.921
29683,2430,1994-10-13,91.206,MAYB,P,P,P,P,M,P,P,P,P,P,8855,659,1775,21.081,OK,157,822,1,truncated_counters,0,1.0115,0.0219,0,25.653
29684,2430,1994-10-13,91.206,MAYB,P,P,P,P,M,P,P,P,P,P,9332,706,2178,25.868,OK,183,705,0,ok,1,1.0115,0.0219,0,29.902
29685,2430,1994-10-13,91.206,MAYB,P,P,P,P,M,P,P,P,P,P,9041,782,2119,25.166,OK,130,779,0,ok,1,1.0115,0.0219,0,21.242
29686,2430,1994-10-13,91.205,MAYB,P,P,P,P,M,P,P,P,P,P,9045,796,2221,26.378,OK,154,797,0,ok,1,1.0115,0.0219,0,25.163
29687,2430,1994-10-13,91.205,MAYB,P,P,P,P,M,P,P,P,P,P,8890,796,2137,25.38,OK,151,796,0,ok,1,1.0115,0.0219,0,24.673
29688,2430,1994-10-13,91.204,MAYB,P,P,P,P,M,P,P,P,P,P,8960,760,2192,26.033,OK,163,759,0,ok,1,1.0115,0.0219,0,26.634
29689,2430,1994-10-13,91.203,MAYB,P,P,P,P,M,P,P,P,P,P,9082,726,2090,24.82,OK,157,726,0,ok,1,1.0115,0.0219,0,25.653
29690,2430,1994-10-13,91.203,MAYB,P,P,P,P,M,P,P,P,P,P,8935,790,2157,25.616,OK,155,791,0,ok,1,1.0115,0.0219,0,25.326
29691,2430,1994-10-13,91.204,MAYB,P,P,P,P,M,P,P,P,P,P,8877,716,2078,24.679,OK,173,756,0,ok,1,1.0115,0.0219,0,28.268
29692,2430,1994-10-13,91.206,MAYB,P,P,P,P,M,P,P,P,P,P,8871,781,2157,25.618,OK,162,782,0,ok,1,1.0115,0.0219,0,26.470
29693,2430,1994-10-14,91.207,MAYB,P,P,P,P,M,P,P,P,P,P,8961,820,2408,28.6,OK,184,820,0,ok,1,1.0115,0.0219,0,30.065
29694,2430,1994-10-14,91.208,MAYB,P,P,P,P,M,P,P,P,P,P,2420,249,663,7.874,OK,35,249,0,ok,1,1.0115,0.0219,0,5.719
29696,2431,1994-10-14,91.205,MAYB,P,P,P,P,M,P,P,P,P,P,3921,324,869,10.32,OK,64,324,0,ok,1,1.0000,0.0191,0,10.457
29697,2431,1994-10-14,91.205,MAYB,P,P,P,P,M,P,P,P,P,P,8913,796,2080,24.702,OK,144,795,0,ok,1,1.0000,0.0191,0,23.529
29698,2431,1994-10-14,91.205,MAYB,P,P,P,P,M,P,P,P,P,P,9311,777,2247,26.685,OK,160,778,0,ok,1,1.0000,0.0191,0,26.143
29699,2431,1994-10-14,91.204,MAYB,P,P,P,P,M,P,P,P,P,P,9396,775,2282,27.101,OK,161,775,0,ok,1,1.0000,0.0191,0,26.307
29700,2431,1994-10-14,91.204,MAYB,P,P,P,P,M,P,P,P,P,P,9221,813,2276,27.029,OK,152,811,0,ok,1,1.0000,0.0191,0,24.836
29701,2431,1994-10-14,91.204,MAYB,P,P,P,P,M,P,P,P,P,P,9481,785,2392,28.407,OK,165,784,0,ok,1,1.0000,0.0191,0,26.960
29702,2431,1994-10-14,91.204,MAYB,P,P,P,P,M,P,P,P,P,P,8941,816,2219,26.353,OK,175,815,0,ok,1,1.0000,0.0191,0,28.594
29703,2431,1994-10-14,91.204,MAYB,P,P,P,P,M,P,P,P,P,P,9090,809,2271,26.97,OK,165,812,0,ok,1,1.0000,0.0191,0,26.960
29704,2431,1994-10-14,91.204,MAYB,P,P,P,P,M,P,P,P,P,P,9239,817,2288,27.172,OK,176,817,0,ok,1,1.0000,0.0191,0,28.758
29705,2431,1994-10-14,91.203,MAYB,P,P,P,P,M,P,P,P,P,P,9058,785,2375,28.205,OK,161,784,0,ok,1,1.0000,0.0191,0,26.307
29706,2431,1994-10-14,91.203,MAYB,P,P,P,P,M,P,P,P,P,P,9095,790,2265,26.898,OK,159,789,0,ok,1,1.0000,0.0191,0,25.980
29707,2431,1994-10-14,91.203,MAYB,P,P,P,P,M,P,P,P,P,P,8906,846,2331,27.682,OK,166,844,0,ok,1,1.0000,0.0191,0,27.124
29708,2431,1994-10-14,91.203,MAYB,P,P,P,P,M,P,P,P,P,P,8981,814,2285,27.136,OK,160,815,0,ok,1,1.0000,0.0191,0,26.143
29709,2431,1994-10-14,91.203,MAYB,P,P,P,P,M,P,P,P,P,P,520,44,122,1.449,OK,9,44,0,ok,1,1.0000,0.0191,0,1.471
29710,2431,1994-10-14,91.204,MAYB,P,P,P,P,M,P,P,P,P,P,9102,804,2257,26.804,OK,166,811,0,ok,1,1.0000,0.0191,0,27.124
29711,2431,1994-10-14,91.206,MAYB,P,P,P,P,M,P,P,P,P,P,10041,695,1863,22.126,OK,157,727,0,ok,1,1.0000,0.0191,0,25.653
29712,2431,1994-10-14,91.207,MAYB,P,P,P,P,M,P,P,P,P,P,9061,797,2404,28.551,OK,181,797,0,ok,1,1.0000,0.0191,0,29.575
29713,2431,1994-10-14,91.207,MAYB,P,P,P,P,M,P,P,P,P,P,8632,852,2240,26.604,OK,176,852,0,ok,1,1.0000,0.0191,0,28.758
29714,2431,1994-10-14,91.21,MAYB,P,P,P,P,M,P,P,P,P,P,8500,817,2255,26.783,OK,169,814,0,ok,1,1.0000,0.0191,0,27.614
29715,2431,1994-10-14,91.21,MAYB,P,P,P,P,M,P,P,P,P,P,4837,425,1280,15.203,OK,85,427,0,ok,1,1.0000,0.0191,0,13.889
29717,2432,1994-10-14,91.144,MAYB,P,P,P,P,D,P,P,M,P,P,9241,740,2173,25.748,OK,154,740,0,flags,0,0.9431,0.0269,0,25.163
29718,2432,1994-10-14,91.144,MAYB,P,P,P,P,D,P,P,M,P,P,8889,742,2168,25.689,OK,139,740,0,flags,0,0.9431,0.0269,0,22.712
29719,2432,1994-10-14,91.144,MAYB,P,P,P,P,D,P,P,P,P,P,8922,770,2241,26.554,OK,139,773,0,flags,0,0.9431,0.0269,0,22.712
29720,2432,1994-10-14,91.144,MAYB,P,P,P,P,D,P,P,P,P,P,8836,784,2229,26.412,OK,154,785,0,flags,0,0.9431,0.0269,0,25.163
29721,2432,1994-10-14,91.144,MAYB,P,P,P,P,D,P,P,P,P,P,9067,756,2255,26.72,OK,168,756,0,flags,0,0.9431,0.0269,0,27.451
29722,2432,1994-10-14,91.144,MAYB,P,P,P,P,D,P,P,P,P,P,8737,750,2201,26.08,OK,127,750,0,flags,0,0.9431,0.0269,0,20.751
29723,2432,1994-10-14,91.144,MAYB,P,P,P,P,D,P,P,P,P,P,8575,763,2122,25.144,OK,150,763,0,flags,0,0.9431,0.0269,0,24.510
29724,2432,1994-10-14,91.144,MAYB,P,P,P,P,D,P,P,P,P,P,8445,813,2067,24.492,OK,167,813,0,flags,0,0.9431,0.0269,0,27.287
29725,2432,1994-10-15,91.144,MAYB,P,P,P,P,D,P,P,P,P,P,6929,567,1698,20.12,OK,112,568,0,flags,0,0.9431,0.0269,0,18.300
29728,2434,1994-10-15,91.144,MAYB,P,P,P,P,D,P,P,P,P,P,9260,764,2111,25.014,OK,168,764,0,flags,0,1.0065,0.0185,0,27.451
29729,2434,1994-10-15,91.144,MAYB,P,P,P,P,D,P,P,P,P,P,9194,795,2185,25.89,OK,158,793,0,flags,0,1.0065,0.0185,0,25.817
29730,2434,1994-10-15,91.144,MAYB,P,P,P,P,D,P,P,P,P,P,9038,777,2168,25.689,OK,153,777,0,flags,0,1.0065,0.0185,0,25.000
29731,2434,1994-10-15,91.144,MAYB,P,P,P,P,D,P,P,P,P,P,9115,802,2189,25.938,OK,161,802,0,flags,0,1.0065,0.0185,0,26.307
29732,2434,1994-10-15,91.144,MAYB,P,P,P,P,D,P,P,P,P,P,9232,803,2305,27.312,OK,155,803,0,flags,0,1.0065,0.0185,0,25.326
29733,2434,1994-10-15,91.144,MAYB,P,P,P,P,D,P,P,P,P,P,8832,796,2158,25.57,OK,137,797,0,flags,0,1.0065,0.0185,0,22.385
29734,2434,1994-10-15,91.144,MAYB,P,P,P,P,D,P,P,P,P,P,9206,772,2241,26.554,OK,152,773,0,flags,0,1.0065,0.0185,0,24.836
29735,2434,1994-10-15,91.144,MAYB,P,P,P,P,D,P,P,P,P,P,9064,791,2270,26.898,OK,165,791,0,flags,0,1.0065,0.0185,0,26.960
29736,2434,1994-10-15,91.144,MAYB,P,P,P,P,D,P,P,P,P,P,8776,806,2226,26.376,OK,151,806,0,flags,0,1.0065,0.0185,0,24.673
29737,2434,1994-10-15,91.144,MAYB,P,P,P,P,D,P,P,P,P,P,8947,815,2272,26.921,OK,166,816,0,flags,0,1.0065,0.0185,0,27.124
29738,2434,1994-10-15,91.144,MAYB,P,P,P,P,D,P,P,P,P,P,9166,823,2371,28.094,OK,165,824,0,flags,0,1.0065,0.0185,0,26.960
29739,2434,1994-10-15,91.144,MAYB,P,P,P,P,D,P,P,P,P,P,8942,826,2245,26.601,OK,196,826,0,flags,0,1.0065,0.0185,0,32.026
29740,2434,1994-10-15,91.144,MAYB,P,P,P,P,D,P,P,P,P,P,9055,722,1959,23.212,OK,150,764,0,flags,0,1.0065,0.0185,0,24.510
29741,2434,1994-10-15,91.144,MAYB,P,P,P,P,D,P,P,P,P,P,8905,823,2361,27.976,OK,177,823,0,flags,0,1.0065,0.0185,0,28.921
29742,2434,1994-10-15,91.144,MAYB,P,P,P,P,D,P,P,P,P,P,9344,661,1965,23.284,OK,164,671,0,flags,0,1.0065,0.0185,0,26.797
29743,2434,1994-10-15,91.144,MAYB,P,P,P,P,D,P,P,P,P,P,9065,780,2272,26.921,OK,141,781,0,flags,0,1.0065,0.0185,0,23.039
29744,2434,1994-10-15,91.144,MAYB,P,P,P,P,D,P,P,P,P,P,8736,810,2249,26.649,OK,169,809,0,flags,0,1.0065,0.0185,0,27.614
29745,2434,1994-10-15,91.144,MAYB,P,P,P,P,D,P,P,P,P,P,8924,801,2300,27.253,OK,177,802,0,flags,0,1.0065,0.0185,0,28.921
29746,2434,1994-10-15,91.144,MAYB,P,P,P,P,D,P,P,P,P,P,8977,813,2327,27.573,OK,182,814,0,flags,0,1.0065,0.0185,0,29.738
29747,2434,1994-10-15,91.144,MAYB,P,P,P,P,D,P,P,P,P,P,4442,385,1122,13.295,OK,73,385,0,flags,0,1.0065,0.0185,0,11.928
29750,2435,1994-10-15,91.203,MAYB,P,P,P,P,M,P,P,P,P,P,9210,711,2014,23.918,OK,174,713,0,ok,1,0.9732,0.0171,0,28.431
29751,2435,1994-10-15,91.203,MAYB,P,P,P,P,M,P,P,P,P,P,9097,757,2083,24.738,OK,146,756,0,ok,1,0.9732,0.0171,0,23.856
29752,2435,1994-10-15,91.203,MAYB,P,P,P,P,M,P,P,P,P,P,8682,769,2028,24.084,OK,146,769,0,ok,1,0.9732,0.0171,0,23.856
29753,2435,1994-10-15,91.203,MAYB,P,P,P,P,M,P,P,P,P,P,9197,765,2198,26.103,OK,135,764,0,ok,1,0.9732,0.0171,0,22.059
29754,2435,1994-10-15,91.203,MAYB,P,P,P,P,M,P,P,P,P,P,8794,791,2184,25.937,OK,154,789,0,ok,1,0.9732,0.0171,0,25.163
29755,2435,1994-10-15,91.203,MAYB,P,P,P,P,M,P,P,P,P,P,8974,814,2245,26.661,OK,151,814,0,ok,1,0.9732,0.0171,0,24.673
29756,2435,1994-10-15,91.203,MAYB,P,P,P,P,M,P,P,P,P,P,9015,795,2250,26.72,OK,133,795,0,ok,1,0.9732,0.0171,0,21.732
29757,2435,1994-10-15,91.203,MAYB,P,P,P,P,M,P,P,P,P,P,8907,819,2307,27.397,OK,173,816,0,ok,1,0.9732,0.0171,0,28.268
29758,2435,1994-10-15,91.203,MAYB,P,P,P,P,M,P,P,P,P,P,8765,805,2274,27.006,OK,148,803,0,ok,1,0.9732,0.0171,0,24.183
29759,2435,1994-10-15,91.203,MAYB,P,P,P,P,M,P,P,P,P,P,8872,836,2310,27.433,OK,164,835,0,ok,1,0.9732,0.0171,0,26.797
29760,2435,1994-10-15,91.204,MAYB,P,P,P,P,M,P,P,P,P,P,8921,821,2304,27.363,OK,187,821,0,ok,1,0.9732,0.0171,0,30.555
29761,2435,1994-10-15,91.204,MAYB,P,P,P,P,M,P,P,P,P,P,9005,799,2402,28.526,OK,168,799,0,ok,1,0.9732,0.0171,0,27.451
29762,2435,1994-10-16,91.205,MAYB,P,P,P,P,M,P,P,P,P,P,9081,829,2399,28.491,OK,161,827,0,ok,1,0.9732,0.0171,0,26.307
29763,2435,1994-10-16,91.207,MAYB,P,P,P,P,M,P,P,P,P,P,8864,818,2366,28.1,OK,186,820,0,ok,1,0.9732,0.0171,0,30.392
29764,2435,1994-10-16,91.208,MAYB,P,P,P,P,M,P,P,P,P,P,8649,816,2290,27.198,OK,151,815,0,ok,1,0.9732,0.0171,0,24.673
29765,2435,1994-10-16,91.209,MAYB,P,P,P,P,M,P,P,P,P,P,8857,815,2302,27.342,OK,157,819,0,ok,1,0.9732,0.0171,0,25.653
29766,2435,1994-10-16,91.21,MAYB,P,P,P,P,M,P,P,P,P,P,8850,823,2318,27.533,OK,163,824,0,ok,1,0.9732,0.0171,0,26.634
29767,2435,1994-10-16,91.211,MAYB,P,P,P,P,M,P,P,P,P,P,8792,827,2397,28.471,OK,188,828,0,ok,1,0.9732,0.0171,0,30.719
29768,2435,1994-10-16,91.212,MAYB,P,P,P,P,M,P,P,P,P,P,9072,788,2306,27.391,OK,194,789,0,ok,1,0.9732,0.0171,0,31.699
29769,2435,1994-10-16,91.211,MAYB,P,P,P,P,M,P,P,P,P,P,8857,808,2421,28.757,OK,144,809,0,ok,1,0.9732,0.0171,0,23.529
29770,2435,1994-10-16,91.211,MAYB,P,P,P,P,M,P,P,P,P,P,9055,858,2460,29.22,OK,166,857,0,ok,1,0.9732,0.0171,0,27.124
29771,2435,1994-10-16,91.21,MAYB,P,P,P,P,M,P,P,P,P,P,3348,317,888,10.547,OK,59,317,0,ok,1,0.9732,0.0171,0,9.640
29977,2479,1994-11-09,91.381,MAYB,P,P,P,P,P,D,P,P,P,P,3059,180,,,Unkn,39,180,0,flags,0,1.0000,0.0000,0,6.372
30071,2495,1994-11-12,91.428,MAYB,P,P,P,P,M,P,P,P,P,P,6674,438,,,Unkn,120,692,0,ok,1,1.0000,0.0000,0,19.608
30072,2495,1994-11-12,91.424,MAYB,P,P,P,P,M,P,P,P,P,P,6643,767,,,Unkn,129,768,0,ok,1,1.0000,0.0000,0,21.078
30073,2495,1994-11-12,91.402,MAYB,P,P,P,P,M,P,P,P,P,P,6501,751,,,Unkn,176,752,0,ok,1,1.0000,0.0000,0,28.758
30074,2495,1994-11-12,91.392,MAYB,P,P,P,P,M,P,P,P,P,P,6716,803,,,Unkn,164,801,0,ok,1,1.0000,0.0000,0,26.797
30075,2495,1994-11-12,91.395,MAYB,P,P,P,P,M,P,P,P,P,P,6423,812,,,Unkn,170,810,0,ok,1,1.0000,0.0000,0,27.777
30076,2495,1994-11-12,91.412,MAYB,P,P,P,P,M,P,P,P,P,P,1258,170,,,Unkn,28,170,0,ok,1,1.0000,0.0000,0,4.575
30079,2497,1994-11-13,91.35,MAYB,P,P,P,P,D,P,P,P,P,P,7590,357,,,Unkn,143,692,0,flags,0,1.0000,0.0000,0,23.366
30080,2497,1994-11-13,91.35,MAYB,P,P,P,P,D,P,P,P,P,P,6428,39,,,Unkn,187,847,0,flags,0,1.0000,0.0000,0,30.555
30086,2499,1994-11-13,91.413,MAYB,P,P,P,P,M,P,P,P,P,P,11106,170,526,6.276,OK,93,557,1,vetoed_tracking_quality,0,1.0000,0.0000,0,15.196
30087,2499,1994-11-13,91.416,MAYB,P,P,P,P,M,P,P,P,P,P,10110,210,589,7.028,OK,103,523,1,truncated_counters,0,1.0000,0.0000,0,16.830
30090,2500,1994-11-13,91.42,MAYB,P,P,P,P,M,P,P,P,P,P,10179,643,1812,21.623,OK,131,643,0,ok,1,0.9614,0.0435,0,21.405
30091,2500,1994-11-13,91.412,MAYB,P,P,P,P,M,P,P,P,P,P,11209,520,1484,17.706,OK,120,582,1,truncated_counters,0,0.9614,0.0435,0,19.608
30092,2500,1994-11-13,91.412,MAYB,P,P,P,P,M,P,M,P,P,P,11903,230,602,7.182,OK,124,598,1,truncated_counters,0,0.9614,0.0435,0,20.261
30093,2500,1994-11-13,91.411,MAYB,P,P,P,P,M,P,M,P,P,P,10433,26,79,0.943,OK,123,641,1,truncated_counters,0,0.9614,0.0435,0,20.098
30094,2500,1994-11-13,91.409,MAYB,P,P,P,P,M,P,M,P,P,P,8929,202,521,6.216,OK,133,695,1,truncated_counters,0,0.9614,0.0435,0,21.732
30095,2500,1994-11-13,91.409,MAYB,P,P,P,P,M,P,M,P,P,P,9353,84,279,3.328,OK,138,601,1,vetoed_tracking_quality,0,0.9614,0.0435,0,22.549
30096,2500,1994-11-13,91.41,MAYB,P,P,P,P,M,P,M,P,P,P,9138,80,232,2.768,OK,145,663,1,truncated_counters,0,0.9614,0.0435,0,23.693
30097,2500,1994-11-13,91.413,MAYB,P,P,P,P,M,P,M,P,P,P,8963,83,252,3.007,OK,167,706,1,truncated_counters,0,0.9614,0.0435,0,27.287
30098,2500,1994-11-14,91.416,MAYB,P,P,P,P,M,P,M,P,P,P,8780,741,2092,24.962,OK,160,741,0,ok,1,0.9614,0.0435,0,26.143
30099,2500,1994-11-14,91.419,MAYB,P,P,P,P,M,P,M,P,P,P,8828,747,2107,25.142,OK,131,758,0,ok,1,0.9614,0.0435,0,21.405
30100,2500,1994-11-14,91.419,MAYB,P,P,P,P,M,P,M,P,P,P,6139,526,1438,17.16,OK,101,525,0,ok,1,0.9614,0.0435,0,16.503
30103,2501,1994-11-14,91.417,MAYB,P,P,P,P,M,P,M,P,P,P,10336,580,1478,17.628,OK,122,584,0,ok,1,1.0311,0.0621,0,19.934
30104,2501,1994-11-14,91.42,MAYB,P,P,P,P,M,P,P,P,P,P,10380,592,1607,19.168,OK,110,591,0,ok,1,1.0311,0.0621,0,17.974
30105,2501,1994-11-14,91.421,MAYB,P,P,P,P,M,P,P,P,P,P,7125,202,544,6.489,OK,98,405,1,truncated_counters,0,1.0311,0.0621,0,16.013
30106,2501,1994-11-14,91.425,MAYB,P,P,M,P,M,P,P,P,P,P,10033,207,654,7.802,OK,95,486,1,flags,0,1.0311,0.0621,0,15.523
30107,2501,1994-11-14,91.396,MAYB,P,P,M,P,M,P,P,P,P,P,6383,263,848,10.11,OK,64,284,0,flags,0,1.0311,0.0621,0,10.457
30111,2502,1994-11-14,91.206,MAYB,P,P,M,P,M,P,P,P,P,P,8090,347,903,10.724,OK,103,509,1,flags,0,1.0000,0.0000,0,16.830
30115,2503,1994-11-14,91.199,MAYB,P,P,M,P,M,P,P,P,P,P,9496,718,2050,24.344,OK,147,717,0,flags,0,1.0346,0.0293,0,24.019
30116,2503,1994-11-15,91.201,MAYB,P,P,M,P,M,P,P,P,P,P,9085,716,1989,23.62,OK,153,729,0,flags,0,1.0346,0.0293,0,25.000
30117,2503,1994-11-15,91.204,MAYB,P,P,M,P,M,P,P,P,P,P,9528,741,2074,24.632,OK,172,739,0,flags,0,1.0346,0.0293,0,28.104
30118,2503,1994-11-15,91.208,MAYB,P,P,M,P,M,P,P,P,P,P,9063,745,2150,25.536,OK,142,746,0,flags,0,1.0346,0.0293,0,23.202
30119,2503,1994-11-15,91.21,MAYB,P,P,M,P,M,P,P,P,P,P,8766,759,1997,23.72,OK,148,759,0,flags,0,1.0346,0.0293,0,24.183
30120,2503,1994-11-15,91.212,MAYB,P,P,M,P,M,P,P,P,P,P,9053,731,2160,25.657,OK,172,732,0,flags,0,1.0346,0.0293,0,28.104
30121,2503,1994-11-15,91.212,MAYB,P,P,M,P,M,P,P,P,P,P,8891,724,2055,24.41,OK,151,762,0,flags,0,1.0346,0.0293,0,24.673
30122,2503,1994-11-15,91.21,MAYB,P,P,M,P,M,P,P,P,P,P,8717,708,1967,23.364,OK,146,751,0,flags,0,1.0346,0.0293,0,23.856
30123,2503,1994-11-15,91.21,MAYB,P,P,M,P,M,P,P,P,P,P,6798,516,1376,16.344,OK,109,559,0,flags,0,1.0346,0.0293,0,17.810
30127,2504,1994-11-15,91.218,MAYB,P,P,M,P,M,P,M,P,P,P,9386,626,1774,21.074,OK,132,645,0,flags,0,1.0450,0.0437,0,21.568
30128,2504,1994-11-15,91.205,MAYB,P,P,M,P,M,P,M,P,P,P,9186,712,1982,23.538,OK,148,724,0,flags,0,1.0450,0.0437,0,24.183
30129,2504,1994-11-15,91.202,MAYB,P,P,M,P,M,P,M,P,P,P,9115,704,2014,23.917,OK,144,709,0,flags,0,1.0450,0.0437,0,23.529
30130,2504,1994-11-15,91.2,MAYB,P,P,M,P,M,P,M,P,P,P,9191,663,1970,23.393,OK,167,694,0,flags,0,1.0450,0.0437,0,27.287
30131,2504,1994-11-15,91.206,MAYB,P,P,M,P,M,P,M,P,P,P,1615,106,357,4.24,OK,24,108,0,flags,0,1.0450,0.0437,0,3.922
30134,2505,1994-11-16,91.204,MAYB,P,P,M,P,M,P,M,P,P,P,9874,649,1837,21.816,OK,136,653,0,flags,0,1.0059,0.0277,0,22.222
30135,2505,1994-11-16,91.207,MAYB,P,P,M,P,M,P,M,P,P,P,9748,644,1949,23.148,OK,176,656,0,flags,0,1.0059,0.0277,0,28.758
30136,2505,1994-11-16,91.21,MAYB,P,P,M,P,M,P,M,P,P,P,9383,681,2002,23.779,OK,140,681,0,flags,0,1.0059,0.0277,0,22.876
30137,2505,1994-11-16,91.212,MAYB,P,P,M,P,M,P,M,P,P,P,9069,722,2009,23.863,OK,129,720,0,flags,0,1.0059,0.0277,0,21.078
30138,2505,1994-11-16,91.213,MAYB,P,P,M,P,M,P,M,P,P,P,9555,713,2114,25.111,OK,154,712,0,flags,0,1.0059,0.0277,0,25.163
30139,2505,1994-11-16,91.213,MAYB,P,P,M,P,M,P,M,P,P,P,8897,756,2060,24.469,OK,161,757,0,flags,0,1.0059,0.0277,0,26.307
30140,2505,1994-11-16,91.213,MAYB,P,P,M,P,M,P,M,P,P,P,8857,725,2025,24.053,OK,168,746,0,flags,0,1.0059,0.0277,0,27.451
30141,2505,1994-11-16,91.212,MAYB,P,P,P,P,M,P,M,P,P,P,8923,756,2130,25.3,OK,138,757,0,ok,1,1.0059,0.0277,0,22.549
30142,2505,1994-11-16,91.212,MAYB,P,P,P,P,M,P,M,P,P,P,8557,731,2099,24.932,OK,152,730,0,ok,1,1.0059,0.0277,0,24.836
30143,2505,1994-11-16,91.214,MAYB,P,P,P,P,M,P,M,P,P,P,5164,412,1195,14.195,OK,66,442,0,ok,1,1.0059,0.0277,0,10.784
30144,2505,1994-11-16,91.217,MAYB,P,P,P,P,M,P,M,P,P,P,6427,76,218,2.59,OK,116,515,1,truncated_counters,0,1.0059,0.0277,0,18.954
30156,2509,1994-11-17,91.208,MAYB,P,P,P,P,M,P,M,P,P,P,1787,132,380,4.514,OK,15,133,0,ok,1,0.5430,0.1429,0,2.451
30159,2510,1994-11-17,91.198,MAYB,P,P,P,P,M,P,M,P,P,P,10139,578,1648,19.57,OK,152,694,1,vetoed_tracking_quality,0,1.0059,0.0312,0,24.836
30160,2510,1994-11-17,91.198,MAYB,P,P,P,P,M,P,M,P,P,P,9494,608,1768,20.995,OK,142,748,1,vetoed_tracking_quality,0,1.0059,0.0312,0,23.202
30161,2510,1994-11-17,91.198,MAYB,P,P,P,P,M,P,M,P,P,P,9108,772,2105,24.997,OK,148,772,0,ok,1,1.0059,0.0312,0,24.183
30162,2510,1994-11-18,91.199,MAYB,P,P,P,P,M,P,M,P,P,P,9000,786,2120,25.176,OK,162,787,0,ok,1,1.0059,0.0312,0,26.470
30163,2510,1994-11-18,91.203,MAYB,P,P,P,P,M,P,M,P,P,P,9365,706,2075,24.643,OK,168,730,0,ok,1,1.0059,0.0312,0,27.451
30164,2510,1994-11-18,91.207,MAYB,P,P,P,P,M,P,M,P,P,P,9203,750,2165,25.714,OK,157,750,0,ok,1,1.0059,0.0312,0,25.653
30165,2510,1994-11-18,91.212,MAYB,P,P,P,P,M,P,M,P,P,P,8860,770,1981,23.531,OK,134,785,0,ok,1,1.0059,0.0312,0,21.895
30166,2510,1994-11-18,91.215,MAYB,P,P,P,P,M,P,M,P,P,P,8890,742,2097,24.911,OK,145,744,0,ok,1,1.0059,0.0312,0,23.693
30167,2510,1994-11-18,91.214,MAYB,P,P,P,P,M,P,M,P,P,P,8871,751,2140,25.421,OK,138,752,0,ok,1,1.0059,0.0312,0,22.549
30168,2510,1994-11-18,91.21,MAYB,P,P,P,P,M,P,M,P,P,P,2446,208,580,6.889,OK,64,208,0,ok,1,1.0059,0.0312,0,10.457
30173,2511,1994-11-18,91.208,MAYB,P,P,P,P,M,P,M,P,P,P,9920,620,1811,21.51,OK,134,639,0,ok,1,0.9810,0.0267,0,21.895
30174,2511,1994-11-18,91.211,MAYB,P,P,P,P,M,P,M,P,P,P,9206,719,1913,22.723,OK,131,719,0,ok,1,0.9810,0.0267,0,21.405
30175,2511,1994-11-18,91.211,MAYB,P,P,P,P,M,P,M,P,P,P,5135,387,1089,12.935,OK,84,393,0,ok,1,0.9810,0.0267,0,13.725
30176,2511,1994-11-18,91.212,MAYB,P,P,P,P,M,P,M,P,P,P,9607,664,1904,22.617,OK,139,687,0,ok,1,0.9810,0.0267,0,22.712
30177,2511,1994-11-18,91.213,MAYB,P,P,P,P,M,P,M,P,P,P,9222,656,1850,21.976,OK,154,788,1,vetoed_tracking_quality,0,0.9810,0.0267,0,25.163
30178,2511,1994-11-18,91.212,MAYB,P,P,P,P,M,P,M,P,P,P,9503,730,2137,25.385,OK,172,766,0,ok,1,0.9810,0.0267,0,28.104
30179,2511,1994-11-18,91.211,MAYB,P,P,P,P,M,P,M,P,P,P,9358,737,2125,25.241,OK,165,755,0,ok,1,0.9810,0.0267,0,26.960
30180,2511,1994-11-18,91.207,MAYB,P,P,P,P,M,P,M,P,P,P,9663,747,2304,27.365,OK,142,747,0,ok,1,0.9810,0.0267,0,23.202
30181,2511,1994-11-18,91.203,MAYB,P,P,P,P,M,P,M,P,P,P,9131,819,2248,26.698,OK,148,819,0,ok,1,0.9810,0.0267,0,24.183
30182,2511,1994-11-18,91.2,MAYB,P,P,P,P,M,P,M,P,P,P,9198,772,2222,26.387,OK,151,773,0,ok,1,0.9810,0.0267,0,24.673
30183,2511,1994-11-19,91.201,MAYB,P,P,P,P,M,P,M,P,P,P,8953,762,2218,26.34,OK,160,767,0,ok,1,0.9810,0.0267,0,26.143
30184,2511,1994-11-19,91.205,MAYB,P,P,P,P,M,P,M,P,P,P,1346,107,322,3.824,OK,21,107,0,ok,1,0.9810,0.0267,0,3.431
30186,2512,1994-11-19,91.208,MAYB,P,P,P,P,M,P,M,P,P,P,10040,598,1597,18.969,OK,131,630,0,ok,1,1.0215,0.0405,0,21.405
30187,2512,1994-11-19,91.212,MAYB,P,P,P,P,M,P,M,P,P,P,10563,508,1317,15.644,OK,142,623,1,truncated_counters,0,1.0215,0.0405,0,23.202
30188,2512,1994-11-19,91.216,MAYB,P,P,P,P,M,P,M,P,P,P,11029,510,1549,18.402,OK,118,641,1,vetoed_tracking_quality,0,1.0215,0.0405,0,19.281
30189,2512,1994-11-19,91.217,MAYB,P,P,P,P,M,P,M,P,P,P,9079,749,1992,23.665,OK,155,749,0,ok,1,1.0215,0.0405,0,25.326
30190,2512,1994-11-19,91.217,MAYB,P,P,P,P,M,P,M,P,P,P,8587,652,2087,24.794,OK,142,651,0,ok,1,1.0215,0.0405,0,23.202
30191,2512,1994-11-19,91.215,MAYB,P,P,P,P,M,P,M,P,P,P,6167,845,,,Unkn,180,844,0,ok,1,1.0215,0.0405,0,29.411
30192,2512,1994-11-19,91.215,MAYB,P,P,P,P,M,P,M,P,P,P,6307,848,,,Unkn,168,847,0,ok,1,1.0215,0.0405,0,27.451
30193,2512,1994-11-19,91.215,MAYB,P,P,P,P,M,P,M,P,P,P,6967,848,,,Unkn,165,849,0,ok,1,1.0215,0.0405,0,26.960
30194,2512,1994-11-19,91.216,MAYB,P,P,P,P,M,P,M,P,P,P,6694,783,,,Unkn,178,783,0,ok,1,1.0215,0.0405,0,29.085
30195,2512,1994-11-19,91.218,MAYB,P,P,P,P,M,P,M,P,P,P,8784,794,2275,27.027,OK,155,794,0,ok,1,1.0215,0.0405,0,25.326
30196,2512,1994-11-19,91.215,MAYB,P,P,P,P,M,P,M,P,P,P,5206,475,1272,15.111,OK,102,475,0,ok,1,1.0215,0.0405,0,16.666
30198,2513,1994-11-19,91.202,MAYB,P,P,P,P,M,P,M,P,P,P,9222,753,2153,25.568,OK,151,752,0,ok,1,0.9615,0.0234,0,24.673
30199,2513,1994-11-19,91.201,MAYB,P,P,P,P,M,P,M,P,P,P,8745,769,2053,24.38,OK,145,768,0,ok,1,0.9615,0.0234,0,23.693
30200,2513,1994-11-19,91.199,MAYB,P,P,P,P,M,P,M,P,P,P,9070,764,2205,26.184,OK,149,765,0,ok,1,0.9615,0.0234,0,24.346
30201,2513,1994-11-19,91.197,MAYB,P,P,P,P,M,P,M,P,P,P,8939,768,2105,24.996,OK,156,769,0,ok,1,0.9615,0.0234,0,25.490
30202,2513,1994-11-19,91.196,MAYB,P,P,P,P,M,P,M,P,P,P,8680,806,2124,25.221,OK,164,806,0,ok,1,0.9615,0.0234,0,26.797
30203,2513,1994-11-19,91.195,MAYB,P,P,P,P,M,P,M,P,P,P,8634,804,2231,26.49,OK,167,804,0,ok,1,0.9615,0.0234,0,27.287
30204,2513,1994-11-20,91.194,MAYB,P,P,P,P,M,P,M,P,P,P,8879,786,2177,25.849,OK,128,784,0,ok,1,0.9615,0.0234,0,20.915
30205,2513,1994-11-20,91.195,MAYB,P,P,P,P,M,P,M,P,P,P,8616,818,2115,25.113,OK,155,817,0,ok,1,0.9615,0.0234,0,25.326
30206,2513,1994-11-20,91.198,MAYB,P,P,P,P,M,P,M,P,P,P,9136,769,2294,27.24,OK,158,769,0,ok,1,0.9615,0.0234,0,25.817
30207,2513,1994-11-20,91.202,MAYB,P,P,P,P,M,P,M,P,P,P,8538,817,2158,25.628,OK,137,817,0,ok,1,0.9615,0.0234,0,22.385
30208,2513,1994-11-20,91.205,MAYB,P,P,P,P,M,P,M,P,P,P,9120,763,2375,28.207,OK,163,764,0,ok,1,0.9615,0.0234,0,26.634
30209,2513,1994-11-20,91.207,MAYB,P,P,P,P,M,P,M,P,P,P,7653,671,1870,22.21,OK,134,670,0,ok,1,0.9615,0.0234,0,21.895
30212,2514,1994-11-20,91.202,MAYB,P,P,P,P,M,P,M,P,P,P,9561,668,1847,21.935,OK,137,705,0,ok,1,1.0025,0.0301,0,22.385
30213,2514,1994-11-20,91.205,MAYB,P,P,P,P,M,P,M,P,P,P,9037,773,2028,24.086,OK,142,772,0,ok,1,1.0025,0.0301,0,23.202
30214,2514,1994-11-20,91.205,MAYB,P,P,P,P,M,P,M,P,P,P,9505,653,1863,22.127,OK,138,701,0,ok,1,1.0025,0.0301,0,22.549
30215,2514,1994-11-20,91.206,MAYB,P,P,P,P,M,P,M,P,P,P,8950,760,2189,25.999,OK,169,761,0,ok,1,1.0025,0.0301,0,27.614
30216,2514,1994-11-20,91.207,MAYB,P,P,P,P,M,P,M,P,P,P,8841,757,2147,25.501,OK,193,758,0,ok,1,1.0025,0.0301,0,31.536
30217,2514,1994-11-20,91.209,MAYB,P,P,P,P,M,P,M,P,P,P,8680,784,2225,26.428,OK,131,787,0,ok,1,1.0025,0.0301,0,21.405
30218,2514,1994-11-20,91.211,MAYB,P,P,P,P,M,P,M,P,P,P,8807,781,2216,26.322,OK,141,781,0,ok,1,1.0025,0.0301,0,23.039
30219,2514,1994-11-20,91.212,MAYB,P,P,P,P,M,P,M,P,P,P,8768,532,1385,16.452,OK,166,796,1,truncated_counters,0,1.0025,0.0301,0,27.124
30220,2514,1994-11-20,91.212,MAYB,P,P,P,P,M,P,M,P,P,P,2716,2,14,0.166,OK,60,246,1,truncated_counters,0,1.0025,0.0301,0,9.804
30221,2514,1994-11-20,91.207,MAYB,P,P,P,P,M,P,M,P,P,P,7145,627,1815,21.557,OK,139,632,0,ok,1,1.0025,0.0301,0,22.712
30228,2515,1994-11-21,91.191,MAYB,P,P,P,P,M,P,M,P,P,P,12730,359,1085,12.882,OK,80,359,0,ok,1,1.0187,0.0366,0,13.072
30229,2515,1994-11-21,91.19,MAYB,P,P,P,P,M,P,M,P,P,P,5718,469,1316,15.625,OK,82,469,0,ok,1,1.0187,0.0366,0,13.399
30230,2515,1994-11-21,91.191,MAYB,P,P,P,P,M,P,M,P,P,P,9027,809,2282,27.095,OK,162,805,0,ok,1,1.0187,0.0366,0,26.470
30231,2515,1994-11-21,91.193,MAYB,P,P,P,P,M,P,M,P,P,P,9825,710,2108,25.03,OK,149,711,0,ok,1,1.0187,0.0366,0,24.346
30234,2515,1994-11-21,91.202,MAYB,P,P,P,P,M,P,M,P,P,P,7218,608,1821,21.626,OK,150,608,0,ok,1,1.0187,0.0366,0,24.510
30235,2515,1994-11-21,91.206,MAYB,P,P,P,P,M,P,M,P,P,P,8568,823,2122,25.203,OK,171,822,0,ok,1,1.0187,0.0366,0,27.941
30236,2515,1994-11-21,91.19,MAYB,P,P,P,P,M,P,M,P,P,P,1827,190,477,5.663,OK,36,190,0,ok,1,1.0187,0.0366,0,5.882
30263,2524,1994-11-23,91.189,MAYB,P,P,P,P,M,P,M,P,P,P,9019,789,2147,25.491,OK,150,788,0,ok,1,0.9720,0.0297,0,24.510
30264,2524,1994-11-23,91.191,MAYB,P,P,P,P,M,P,M,P,P,P,8943,773,2126,25.242,OK,141,772,0,ok,1,0.9720,0.0297,0,23.039
30265,2524,1994-11-23,91.194,MAYB,P,P,P,P,M,P,M,P,P,P,9250,775,2268,26.93,OK,162,775,0,ok,1,0.9720,0.0297,0,26.470
30266,2524,1994-11-23,91.198,MAYB,P,P,P,P,M,P,M,P,P,P,8944,725,2114,25.104,OK,166,762,0,ok,1,0.9720,0.0297,0,27.124
30267,2524,1994-11-23,91.202,MAYB,P,P,P,P,M,P,M,P,P,P,9313,764,2205,26.187,OK,166,763,0,ok,1,0.9720,0.0297,0,27.124
30268,2524,1994-11-23,91.207,MAYB,P,P,P,P,M,P,M,P,P,P,9087,722,2094,24.871,OK,130,723,0,ok,1,0.9720,0.0297,0,21.242
30269,2524,1994-11-23,91.208,MAYB,P,P,P,P,M,P,M,P,P,P,8905,739,2086,24.777,OK,148,739,0,ok,1,0.9720,0.0297,0,24.183
30270,2524,1994-11-23,91.208,MAYB,P,P,P,P,M,P,M,P,P,P,5749,484,1239,14.717,OK,87,484,0,ok,1,0.9720,0.0297,0,14.216
30279,2530,1994-11-24,91.201,MAYB,P,P,P,P,M,P,M,P,P,P,10991,552,1726,20.493,OK,133,575,0,ok,1,1.0043,0.0353,0,21.732
30280,2530,1994-11-25,91.204,MAYB,P,P,P,P,M,P,M,P,P,P,10268,638,1738,20.636,OK,129,637,0,ok,1,1.0043,0.0353,0,21.078
30281,2530,1994-11-25,91.203,MAYB,P,P,P,P,M,P,M,P,P,P,10110,387,1572,18.665,OK,136,637,1,truncated_counters,0,1.0043,0.0353,0,22.222
30282,2530,1994-11-25,91.199,MAYB,P,P,P,P,M,P,M,P,P,P,10408,602,1896,22.511,OK,129,602,0,ok,1,1.0043,0.0353,0,21.078
30283,2530,1994-11-25,91.198,MAYB,P,P,P,P,M,P,M,P,P,P,9755,626,1719,20.409,OK,129,660,0,ok,1,1.0043,0.0353,0,21.078
30284,2530,1994-11-25,91.2,MAYB,P,P,P,P,M,P,M,P,P,P,9824,634,1797,21.336,OK,142,634,0,ok,1,1.0043,0.0353,0,23.202
30285,2530,1994-11-25,91.203,MAYB,P,P,P,P,M,P,M,P,P,P,9399,664,1812,21.516,OK,127,665,0,ok,1,1.0043,0.0353,0,20.751
30286,2530,1994-11-25,91.203,MAYB,P,P,P,P,M,P,M,P,P,P,5774,404,1179,13.999,OK,77,404,0,ok,1,1.0043,0.0353,0,12.582
30292,2532,1994-11-25,91.2,MAYB,P,P,P,P,M,P,M,P,P,P,10470,666,1785,21.195,OK,120,667,0,ok,1,0.9920,0.0345,0,19.608
30293,2532,1994-11-25,91.202,MAYB,P,P,P,P,M,P,M,P,P,P,10011,683,1755,20.84,OK,128,681,0,ok,1,0.9920,0.0345,0,20.915
30294,2532,1994-11-25,91.203,MAYB,P,P,P,P,M,P,M,P,P,P,10341,580,1698,20.163,OK,113,581,0,ok,1,0.9920,0.0345,0,18.464
30295,2532,1994-11-25,91.203,MAYB,P,P,P,P,M,P,M,P,P,P,10146,617,1680,19.95,OK,126,617,0,ok,1,0.9920,0.0345,0,20.588
30296,2532,1994-11-26,91.203,MAYB,P,P,P,P,M,P,M,P,P,P,10262,646,1845,21.909,OK,139,645,0,ok,1,0.9920,0.0345,0,22.712
30297,2532,1994-11-26,91.202,MAYB,P,P,P,P,M,P,M,P,P,P,9740,612,1809,21.481,OK,130,646,0,ok,1,0.9920,0.0345,0,21.242
30298,2532,1994-11-26,91.2,MAYB,P,P,P,P,M,P,M,P,P,P,8813,611,1718,20.399,OK,130,612,0,ok,1,0.9920,0.0345,0,21.242
30303,2538,1994-11-26,91.202,MAYB,P,P,P,P,M,P,M,P,P,P,10690,589,1660,19.71,OK,104,589,0,ok,1,1.0144,0.0393,0,16.993
30304,2538,1994-11-26,91.202,MAYB,P,P,P,P,M,P,M,P,P,P,10047,608,1640,19.473,OK,130,607,0,ok,1,1.0144,0.0393,0,21.242
30305,2538,1994-11-26,91.202,MAYB,P,P,P,P,M,P,M,P,P,P,10333,597,1786,21.206,OK,131,598,0,ok,1,1.0144,0.0393,0,21.405
30306,2538,1994-11-26,91.202,MAYB,P,P,P,P,M,P,M,P,P,P,10086,526,1574,18.689,OK,132,549,0,ok,1,1.0144,0.0393,0,21.568
30307,2538,1994-11-26,91.202,MAYB,P,P,P,P,M,P,M,P,P,P,9559,633,1642,19.497,OK,124,633,0,ok,1,1.0144,0.0393,0,20.261
30308,2538,1994-11-26,91.202,MAYB,P,P,P,P,M,P,M,P,P,P,6964,219,627,7.445,OK,71,337,1,truncated_counters,0,1.0144,0.0393,0,11.601
30309,2538,1994-11-26,91.202,MAYB,P,P,P,P,M,P,M,P,P,P,7706,500,1411,16.754,OK,95,500,0,ok,1,1.0144,0.0393,0,15.523
30312,2542,1994-11-27,91.202,MAYB,P,P,P,P,M,P,M,P,P,P,10789,607,1598,18.97,OK,109,608,0,ok,1,0.9620,0.0707,0,17.810
30313,2542,1994-11-27,91.202,MAYB,P,P,P,P,M,P,M,P,P,P,7802,447,1235,14.661,OK,89,448,0,ok,1,0.9620,0.0707,0,14.542
30317,2543,1994-11-27,91.202,MAYB,P,P,P,P,M,P,M,P,P,P,10782,522,1526,18.121,OK,113,565,0,ok,1,1.0259,0.0359,0,18.464
30318,2543,1994-11-27,91.202,MAYB,P,P,P,P,M,P,M,P,P,P,10538,604,1678,19.926,OK,124,604,0,ok,1,1.0259,0.0359,0,20.261
30319,2543,1994-11-27,91.202,MAYB,P,P,P,P,M,P,M,P,P,P,10013,593,1861,22.099,OK,128,592,0,ok,1,1.0259,0.0359,0,20.915
30320,2543,1994-11-27,91.202,MAYB,P,P,P,P,M,P,M,P,P,P,9949,624,1891,22.455,OK,147,629,0,ok,1,1.0259,0.0359,0,24.019
30321,2543,1994-11-27,91.202,MAYB,P,P,P,P,M,P,M,P,P,P,984,70,181,2.149,OK,13,70,0,ok,1,1.0259,0.0359,0,2.124
30322,2543,1994-11-27,91.202,MAYB,P,P,P,P,M,P,M,P,P,P,9909,503,1459,17.325,OK,122,702,1,vetoed_tracking_quality,0,1.0259,0.0359,0,19.934
30323,2543,1994-11-27,91.202,MAYB,P,P,P,P,M,P,M,P,P,P,9273,636,1929,22.906,OK,135,636,0,ok,1,1.0259,0.0359,0,22.059
30324,2543,1994-11-27,91.202,MAYB,P,P,P,P,M,P,M,P,P,P,9255,645,1859,22.075,OK,157,645,0,ok,1,1.0259,0.0359,0,25.653
30325,2543,1994-11-27,91.202,MAYB,P,P,P,P,M,P,M,P,P,P,3909,269,851,10.105,OK,61,269,0,ok,1,1.0259,0.0359,0,9.967
30329,2547,1994-11-28,91.198,MAYB,P,P,P,P,M,P,M,P,P,P,10176,625,1746,20.731,OK,124,624,0,ok,1,1.0460,0.0562,0,20.261
30330,2547,1994-11-28,91.203,MAYB,P,P,P,P,M,P,M,P,P,P,10071,642,1750,20.781,OK,135,642,0,ok,1,1.0460,0.0562,0,22.059
30331,2547,1994-11-28,91.206,MAYB,P,P,P,P,M,P,M,P,P,P,8855,481,1411,16.757,OK,114,493,0,ok,1,1.0460,0.0562,0,18.627
30336,2549,1994-11-28,91.187,MAYB,P,P,P,P,M,P,M,P,P,P,5829,300,853,10.122,OK,59,302,0,ok,1,0.9524,0.1282,0,9.640
30338,2550,1994-11-29,91.198,MAYB,P,P,P,P,M,P,M,P,P,P,9398,740,2030,24.106,OK,164,739,0,ok,1,1.0442,0.0365,0,26.797
30339,2550,1994-11-29,91.2,MAYB,P,P,P,P,M,P,M,P,P,P,9535,717,2101,24.95,OK,153,717,0,ok,1,1.0442,0.0365,0,25.000
30340,2550,1994-11-29,91.2,MAYB,P,P,P,P,M,P,M,P,P,P,10302,566,1476,17.528,OK,136,690,1,vetoed_tracking_quality,0,1.0442,0.0365,0,22.222
30341,2550,1994-11-29,91.202,MAYB,P,P,P,P,M,P,M,P,P,P,9218,767,2087,24.785,OK,155,765,0,ok,1,1.0442,0.0365,0,25.326
30342,2550,1994-11-29,91.201,MAYB,P,P,P,P,M,P,M,P,P,P,10394,671,1975,23.454,OK,150,708,0,ok,1,1.0442,0.0365,0,24.510
30343,2550,1994-11-29,91.198,MAYB,P,P,P,P,M,P,M,P,P,P,9014,747,2029,24.094,OK,152,747,0,ok,1,1.0442,0.0365,0,24.836
30344,2550,1994-11-29,91.202,MAYB,P,P,P,P,M,P,M,P,P,P,7530,491,1361,16.163,OK,105,493,0,ok,1,1.0442,0.0365,0,17.157
30346,2551,1994-11-29,91.204,MAYB,P,P,P,P,M,P,M,P,P,P,9822,719,2158,25.629,OK,155,717,0,ok,1,1.0159,0.0326,0,25.326
30347,2551,1994-11-29,91.204,MAYB,P,P,P,P,M,P,M,P,P,P,11522,521,1506,17.886,OK,115,604,1,vetoed_tracking_quality,0,1.0159,0.0326,0,18.791
30348,2551,1994-11-29,91.202,MAYB,P,P,P,P,M,P,M,P,P,P,11117,599,1567,18.61,OK,116,602,0,ok,1,1.0159,0.0326,0,18.954
30349,2551,1994-11-29,91.2,MAYB,P,P,P,P,M,P,M,P,P,P,9254,753,2192,26.031,OK,161,752,0,ok,1,1.0159,0.0326,0,26.307
30350,2551,1994-11-29,91.198,MAYB,P,P,P,P,M,P,M,P,P,P,9936,727,2206,26.196,OK,181,726,0,ok,1,1.0159,0.0326,0,29.575
30351,2551,1994-11-29,91.196,MAYB,P,P,P,P,M,P,M,P,P,P,9568,756,2115,25.114,OK,151,754,0,ok,1,1.0159,0.0326,0,24.673
30352,2551,1994-11-29,91.195,MAYB,P,P,P,P,M,P,M,P,P,P,10045,709,2186,25.956,OK,160,708,0,ok,1,1.0159,0.0326,0,26.143
30353,2551,1994-11-29,91.195,MAYB,P,P,P,P,M,P,M,P,P,P,7387,539,1730,20.542,OK,121,539,0,ok,1,1.0159,0.0326,0,19.771
